qid,difficulty,question,gold_sql,expected_tables,expected_columns,tags,template_id,family
Q0001,medium,Promotion effectiveness by active promotion in retail?,"  SELECT pr.promotion_name, pr.discount_type_code,
         COUNT(*) AS line_items,
         ROUND(AVG(li.discount_amount), 2) AS avg_discount
  FROM div_13.rtl_pos_line_items li
  JOIN div_13.rtl_promotions pr ON pr.promotion_code = li.promotion_code
  WHERE pr.status_code = 'AC' AND li.promotion_code IS NOT NULL
  GROUP BY pr.promotion_name, pr.discount_type_code
  ORDER BY line_items DESC;","rtl_pos_line_items,rtl_promotions","rtl_pos_line_items.discount_amount,rtl_promotions.promotion_code","retail,rate",v2_rtl_promo_effectiveness,29
Q0002,hard,Customers who have not placed any orders in 2024?,"  SELECT c.customer_id, c.name
  FROM div_14.customers c
  WHERE NOT EXISTS (
    SELECT 1 FROM div_14.sales_orders so
    WHERE so.customer_id = c.customer_id
      AND EXTRACT(YEAR FROM so.order_date) = 2024
  );","customers,sales_orders","customers.customer_id,customers.name","sales,anti_join,temporal",v2_antijoin_temp_no_recent_orders,10
Q0003,hard,Projects with total expenses exceeding the average project budget?,"  SELECT p.project_id, p.name, SUM(pe.amount) AS total_expenses
  FROM div_05.projects p
  JOIN div_05.project_expenses pe ON pe.project_id = p.project_id
  GROUP BY p.project_id, p.name
  HAVING SUM(pe.amount) > (
    SELECT AVG(pb.planned_amount)
    FROM div_05.project_budgets pb
  );","projects,project_expenses,project_budgets","project_expenses.amount,project_budgets.planned_amount","projects,correlated_subquery",v2_corr_projects_above_avg_budget,17
Q0004,medium,How many benefit elections by coverage level in 2022?,"  SELECT coverage_level, COUNT(*) AS elections
  FROM div_16.hr_benefit_elections
  WHERE EXTRACT(YEAR FROM election_date) = 2022
  GROUP BY coverage_level;",hr_benefit_elections,"hr_benefit_elections.coverage_level,hr_benefit_elections.election_date","hr,value_grounding",v2_join_val_benefit_elections,3
Q0005,medium,How many benefit elections by coverage level in 2021?,"  SELECT coverage_level, COUNT(*) AS elections
  FROM div_17.hr_benefit_elections
  WHERE EXTRACT(YEAR FROM election_date) = 2021
  GROUP BY coverage_level;",hr_benefit_elections,"hr_benefit_elections.coverage_level,hr_benefit_elections.election_date","hr,value_grounding",v2_join_val_benefit_elections,3
Q0006,medium,Warehouse locations with capacity below 500?,"  SELECT location_id, warehouse_id, aisle, rack, bin, capacity
  FROM div_12.warehouse_locations
  WHERE capacity < 500;",warehouse_locations,warehouse_locations.capacity,"inventory,header_line",v2_hdr_warehouse_low_capacity,5
Q0007,medium,Top 10 customers by total sales amount in 2023?,"  SELECT c.name, SUM(ol.quantity * ol.unit_price) AS total_sales
  FROM div_05.sales_orders so
  JOIN div_05.order_lines ol ON ol.order_id = so.order_id
  JOIN div_05.customers c ON c.customer_id = so.customer_id
  WHERE EXTRACT(YEAR FROM so.order_date) = 2023
  GROUP BY c.name
  ORDER BY total_sales DESC
  LIMIT 10;","sales_orders,order_lines,customers","sales_orders.order_date,order_lines.quantity,order_lines.unit_price,customers.name","sales,top_n",v2_topn_customers_by_sales,4
Q0008,hard,Rank customers by total order value in 2023?,"  SELECT c.name,
         SUM(ol.quantity * ol.unit_price) AS total_value,
         RANK() OVER (ORDER BY SUM(ol.quantity * ol.unit_price) DESC) AS rnk
  FROM div_15.sales_orders so
  JOIN div_15.order_lines ol ON ol.order_id = so.order_id
  JOIN div_15.customers c ON c.customer_id = so.customer_id
  WHERE EXTRACT(YEAR FROM so.order_date) = 2023
  GROUP BY c.name
  ORDER BY rnk;","sales_orders,order_lines,customers","sales_orders.order_date,order_lines.quantity,order_lines.unit_price,customers.name","sales,window",v2_window_rank_customers,13
Q0009,medium,What percentage of AR invoices were late in 2022?,"  SELECT
    ROUND(100.0 * SUM(CASE WHEN status = 'late' THEN 1 ELSE 0 END) / COUNT(*), 2) AS late_pct
  FROM div_13.finance_ar_invoices
  WHERE EXTRACT(YEAR FROM invoice_date) = 2022;",finance_ar_invoices,"finance_ar_invoices.status,finance_ar_invoices.invoice_date","finance,value_mapping",v2_implicit_val_late_pct,23
Q0010,medium,Average days from RFQ to vendor response in 2022?,"  SELECT ROUND(AVG(r.response_date - q.rfq_date), 2) AS avg_days
  FROM div_13.procurement_rfqs q
  JOIN div_13.procurement_rfq_responses r ON r.rfq_id = q.rfq_id
  WHERE EXTRACT(YEAR FROM q.rfq_date) = 2022;","procurement_rfqs,procurement_rfq_responses","procurement_rfqs.rfq_date,procurement_rfq_responses.response_date","procurement,date_arithmetic",v2_date_rfq_response,28
Q0011,medium,Open audit findings by severity and type for corporate?,"  SELECT audit_type, severity, COUNT(*) AS finding_count
  FROM div_16.corp_audit_findings
  WHERE status_code IN ('OP', 'IP')
  GROUP BY audit_type, severity
  ORDER BY severity, finding_count DESC;",corp_audit_findings,"corp_audit_findings.severity,corp_audit_findings.audit_type,corp_audit_findings.status_code","corporate,ambiguous_entity",v2_corp_audit_findings,22
Q0012,ambiguous,What's our revenue by region?,AMBIGUOUS,,,"ambiguous,cross_division",v2_ambig_a3_revenue_by_region,A3
Q0013,hard,Rank customers by total order value in 2024?,"  SELECT c.name,
         SUM(ol.quantity * ol.unit_price) AS total_value,
         RANK() OVER (ORDER BY SUM(ol.quantity * ol.unit_price) DESC) AS rnk
  FROM div_20.sales_orders so
  JOIN div_20.order_lines ol ON ol.order_id = so.order_id
  JOIN div_20.customers c ON c.customer_id = so.customer_id
  WHERE EXTRACT(YEAR FROM so.order_date) = 2024
  GROUP BY c.name
  ORDER BY rnk;","sales_orders,order_lines,customers","sales_orders.order_date,order_lines.quantity,order_lines.unit_price,customers.name","sales,window",v2_window_rank_customers,13
Q0014,hard,Each project expense alongside the project's average expense?,"  SELECT p.name AS project, pe.expense_date, pe.amount,
         AVG(pe.amount) OVER (PARTITION BY pe.project_id) AS project_avg_expense
  FROM div_19.project_expenses pe
  JOIN div_19.projects p ON p.project_id = pe.project_id
  ORDER BY p.name, pe.expense_date;","project_expenses,projects","project_expenses.amount,projects.name","projects,mixed_aggregation",v2_mixed_agg_expense_vs_project_avg,35
Q0015,medium,Billing milestones past due and not yet invoiced for services?,"  SELECT sow.sow_number, bm.description, bm.amount, bm.due_date
  FROM div_08.svc_billing_milestones bm
  JOIN div_08.svc_statements_of_work sow ON sow.sow_id = bm.sow_id
  WHERE bm.due_date < CURRENT_DATE AND bm.invoice_date IS NULL
  ORDER BY bm.due_date;","svc_billing_milestones,svc_statements_of_work","svc_billing_milestones.due_date,svc_billing_milestones.invoice_date,svc_billing_milestones.amount","services,value_mapping",v2_svc_overdue_milestones,23
Q0016,hard,"Aged AR receivables in buckets (0-30, 31-60, 61-90, 90+) for 2024?","  SELECT
    CASE
      WHEN CURRENT_DATE - due_date <= 30 THEN '0-30'
      WHEN CURRENT_DATE - due_date <= 60 THEN '31-60'
      WHEN CURRENT_DATE - due_date <= 90 THEN '61-90'
      ELSE '90+'
    END AS aging_bucket,
    COUNT(*) AS invoice_count,
    SUM(amount) AS total_amount
  FROM div_09.finance_ar_invoices
  WHERE status = 'open'
    AND EXTRACT(YEAR FROM invoice_date) = 2024
  GROUP BY aging_bucket
  ORDER BY aging_bucket;",finance_ar_invoices,"finance_ar_invoices.due_date,finance_ar_invoices.amount,finance_ar_invoices.status","finance,case_bucket",v2_case_aged_ar_buckets,26
Q0017,hard,Top 10 products by POS revenue in retail?,"  SELECT p.name, SUM(li.line_total) AS total_revenue,
         SUM(li.quantity) AS units_sold
  FROM div_13.rtl_pos_line_items li
  JOIN div_13.products p ON p.product_id = li.product_id
  GROUP BY p.name
  ORDER BY total_revenue DESC
  LIMIT 10;","rtl_pos_line_items,products","rtl_pos_line_items.line_total,products.name","retail,window",v2_window_rank_rtl_products,13
Q0018,ambiguous,What's the total for this month?,AMBIGUOUS,,,"ambiguous,missing_context",v2_ambig_a2_whats_the_total,A2
Q0019,medium,Work order count by status in manufacturing division div_04?,"  SELECT lc.meaning AS status, COUNT(*) AS wo_count
  FROM div_04.xx_mfg_wo wo
  JOIN div_04.lookup_codes lc ON lc.code = wo.sts_cd AND lc.domain = 'WO_STATUS'
  GROUP BY lc.meaning
  ORDER BY wo_count DESC;","xx_mfg_wo,lookup_codes","xx_mfg_wo.sts_cd,lookup_codes.meaning","manufacturing,dirty_naming,lookup",v2_dirty_mfg_wo_status,27
Q0020,medium,Total POS sales by payment method for retail division div_14?,"  SELECT pay_mthd_cd, COUNT(*) AS txn_count,
         SUM(tot_amt) AS total_sales
  FROM div_14.zz_pos_trnx
  GROUP BY pay_mthd_cd
  ORDER BY total_sales DESC;",zz_pos_trnx,"zz_pos_trnx.pay_mthd_cd,zz_pos_trnx.tot_amt","retail,dirty_naming",v2_dirty_rtl_pos_sales,27
Q0021,hard,Year-over-year headcount comparison for 2023 vs prior year?,"  WITH yearly AS (
    SELECT 2023 AS yr, COUNT(*) AS hc
    FROM div_08.employees
    WHERE hire_date <= DATE '2023-12-31'
      AND (termination_date IS NULL OR termination_date > DATE '2023-01-01')
    UNION ALL
    SELECT 2023 - 1 AS yr, COUNT(*) AS hc
    FROM div_08.employees
    WHERE hire_date <= DATE '2023-01-01'
      AND (termination_date IS NULL OR termination_date > DATE ((2023-1)::TEXT || '-01-01'))
  )
  SELECT * FROM yearly ORDER BY yr;",employees,"employees.hire_date,employees.termination_date","hr,temporal,yoy",v2_yoy_headcount,34
Q0022,hard,"Employee tenure distribution (0-1yr, 1-3yr, 3-5yr, 5+yr) as of end of 2021?","  SELECT
    CASE
      WHEN EXTRACT(YEAR FROM AGE(DATE '2021-12-31', hire_date)) < 1 THEN '0-1 yr'
      WHEN EXTRACT(YEAR FROM AGE(DATE '2021-12-31', hire_date)) < 3 THEN '1-3 yr'
      WHEN EXTRACT(YEAR FROM AGE(DATE '2021-12-31', hire_date)) < 5 THEN '3-5 yr'
      ELSE '5+ yr'
    END AS tenure_bucket,
    COUNT(*) AS employee_count
  FROM div_15.employees
  WHERE hire_date <= DATE '2021-12-31'
    AND (termination_date IS NULL OR termination_date > DATE '2021-12-31')
  GROUP BY tenure_bucket
  ORDER BY tenure_bucket;",employees,employees.hire_date,"hr,temporal,scd2",v2_scd2_tenure_distribution,8
Q0023,medium,Total contract value by customer for services division div_07?,"  SELECT c.name, SUM(sow.tot_amt) AS total_value, COUNT(*) AS sow_count
  FROM div_07.zz_svc_sow sow
  JOIN div_07.customers c ON c.customer_id = sow.cust_nbr
  GROUP BY c.name
  ORDER BY total_value DESC
  LIMIT 10;","zz_svc_sow,customers","zz_svc_sow.tot_amt,zz_svc_sow.cust_nbr,customers.name","services,dirty_naming",v2_dirty_svc_sow_value,27
Q0024,extra_hard,Products sold in 2022 but not in the prior year?,"  SELECT DISTINCT p.product_id, p.name
  FROM div_14.order_lines ol
  JOIN div_14.sales_orders so ON so.order_id = ol.order_id
  JOIN div_14.products p ON p.product_id = ol.product_id
  WHERE EXTRACT(YEAR FROM so.order_date) = 2022
  EXCEPT
  SELECT DISTINCT p.product_id, p.name
  FROM div_14.order_lines ol
  JOIN div_14.sales_orders so ON so.order_id = ol.order_id
  JOIN div_14.products p ON p.product_id = ol.product_id
  WHERE EXTRACT(YEAR FROM so.order_date) = 2022 - 1;","order_lines,sales_orders,products","order_lines.product_id,sales_orders.order_date","sales,except",v2_except_products_not_in_year,16
Q0025,hard,Year-over-year purchase order count change comparing 2022 vs prior year?,"  WITH yearly AS (
    SELECT EXTRACT(YEAR FROM order_date) AS yr, COUNT(*) AS po_count
    FROM div_20.purchase_orders
    WHERE EXTRACT(YEAR FROM order_date) IN (2022, 2022 - 1)
    GROUP BY yr
  )
  SELECT
    cur.po_count AS current_year,
    prev.po_count AS prior_year,
    cur.po_count - prev.po_count AS change,
    ROUND(100.0 * (cur.po_count - prev.po_count) / NULLIF(prev.po_count, 0), 2) AS change_pct
  FROM yearly cur
  JOIN yearly prev ON cur.yr = prev.yr + 1;",purchase_orders,purchase_orders.order_date,"procurement,temporal,yoy",v2_yoy_po_volume,34
Q0026,medium,Who are the primary contacts for all customers?,"  SELECT c.name AS customer, cc.first_name || ' ' || cc.last_name AS contact, cc.email
  FROM div_13.customers c
  JOIN div_13.customer_contacts cc ON cc.customer_id = c.customer_id
  WHERE cc.is_primary = TRUE
  ORDER BY c.name;","customers,customer_contacts","customer_contacts.is_primary,customer_contacts.first_name,customer_contacts.last_name","sales,value_grounding",v2_join_val_primary_contacts,3
Q0027,extra_hard,"All documents issued in January 2021 — purchase orders, sales orders, and vendor invoices?","  SELECT 'Purchase Order' AS doc_type, po_id AS doc_id, order_date AS doc_date, total AS amount
  FROM div_18.purchase_orders
  WHERE order_date >= DATE '2021-01-01' AND order_date < DATE '2021-02-01'
  UNION ALL
  SELECT 'Sales Order', order_id, order_date, NULL
  FROM div_18.sales_orders
  WHERE order_date >= DATE '2021-01-01' AND order_date < DATE '2021-02-01'
  UNION ALL
  SELECT 'Vendor Invoice', invoice_id, invoice_date, total
  FROM div_18.vendor_invoices
  WHERE invoice_date >= DATE '2021-01-01' AND invoice_date < DATE '2021-02-01'
  ORDER BY doc_date;","purchase_orders,sales_orders,vendor_invoices","purchase_orders.order_date,sales_orders.order_date,vendor_invoices.invoice_date","multi_module,union",v2_union_all_documents,15
Q0028,extra_hard,What country are our highest-revenue customers from?,"  SELECT co.name AS country, c.name AS customer,
         SUM(ol.quantity * ol.unit_price) AS revenue
  FROM div_14.customers c
  JOIN div_14.sales_orders so ON so.customer_id = c.customer_id
  JOIN div_14.order_lines ol ON ol.order_id = so.order_id
  LEFT JOIN div_14.addresses a ON a.address_id = c.billing_address_id
  LEFT JOIN div_14.cities ci ON ci.city_id = a.city_id
  LEFT JOIN div_14.states_provinces sp ON sp.state_id = ci.state_id
  LEFT JOIN div_14.countries co ON co.country_id = sp.country_id
  GROUP BY co.name, c.name
  ORDER BY revenue DESC
  LIMIT 10;","customers,addresses,cities,states_provinces,countries,sales_orders,order_lines","customers.billing_address_id,countries.name","sales,geography,multi_hop",v2_multihop_customer_country,33
Q0029,medium,What is the average unit price on purchase order lines in Q1 2024?,"  SELECT ROUND(AVG(pl.unit_price), 2) AS avg_unit_price
  FROM div_20.purchase_orders po
  JOIN div_20.po_lines pl ON pl.po_id = po.po_id
  WHERE po.order_date >= DATE '2024-01-01'
    AND po.order_date < DATE '2024-04-01';","purchase_orders,po_lines","po_lines.unit_price,purchase_orders.order_date","procurement,header_line",v2_hdr_avg_line_price,5
Q0030,hard,Total SOW contract value by customer for services?,"  SELECT c.name, SUM(sow.total_amount) AS total_contract_value, COUNT(*) AS sow_count
  FROM div_10.svc_statements_of_work sow
  JOIN div_10.customers c ON c.customer_id = sow.customer_id
  GROUP BY c.name
  ORDER BY total_contract_value DESC
  LIMIT 10;","svc_statements_of_work,customers","svc_statements_of_work.total_amount,customers.name","services,cross_module",v2_cross_mod_svc_revenue_customer,24
Q0031,hard,Consolidation totals by currency with FX impact for corporate?,"  SELECT currency_code,
         SUM(original_amount) AS total_original,
         SUM(translated_amount) AS total_translated,
         SUM(translated_amount - original_amount) AS fx_impact,
         COUNT(*) AS entry_count
  FROM div_20.corp_consolidation_entries
  GROUP BY currency_code
  ORDER BY total_original DESC;",corp_consolidation_entries,"corp_consolidation_entries.currency_code,corp_consolidation_entries.original_amount,corp_consolidation_entries.translated_amount","corporate,cte",v2_corp_consolidation_fx,19
Q0032,medium,Employee utilization rate by week in 2021?,"  SELECT e.employee_id, DATE_TRUNC('week', t.week_start_date) AS week_start,
         ROUND(SUM(te.hours) / 40.0, 2) AS utilization
  FROM div_12.timesheets t
  JOIN div_12.timesheet_entries te ON te.timesheet_id = t.timesheet_id
  JOIN div_12.employees e ON e.employee_id = t.employee_id
  WHERE EXTRACT(YEAR FROM t.week_start_date) = 2021
  GROUP BY e.employee_id, week_start;","timesheet_entries,timesheets,employees","timesheet_entries.hours,timesheets.week_start_date","projects,hr,rate",v2_rate_employee_utilization,29
Q0033,hard,Total SOW contract value by customer for services?,"  SELECT c.name, SUM(sow.total_amount) AS total_contract_value, COUNT(*) AS sow_count
  FROM div_08.svc_statements_of_work sow
  JOIN div_08.customers c ON c.customer_id = sow.customer_id
  GROUP BY c.name
  ORDER BY total_contract_value DESC
  LIMIT 10;","svc_statements_of_work,customers","svc_statements_of_work.total_amount,customers.name","services,cross_module",v2_cross_mod_svc_revenue_customer,24
Q0034,medium,Open audit findings by severity and type for corporate?,"  SELECT audit_type, severity, COUNT(*) AS finding_count
  FROM div_16.corp_audit_findings
  WHERE status_code IN ('OP', 'IP')
  GROUP BY audit_type, severity
  ORDER BY severity, finding_count DESC;",corp_audit_findings,"corp_audit_findings.severity,corp_audit_findings.audit_type,corp_audit_findings.status_code","corporate,ambiguous_entity",v2_corp_audit_findings,22
Q0035,easy,Projects that have no milestones defined?,"  SELECT p.project_id, p.name
  FROM div_04.projects p
  LEFT JOIN div_04.project_milestones pm ON pm.project_id = p.project_id
  WHERE pm.milestone_id IS NULL;","projects,project_milestones","projects.project_id,projects.name","projects,left_join",v2_leftjoin_projects_no_milestones,11
Q0036,medium,Promotion effectiveness by active promotion in retail?,"  SELECT pr.promotion_name, pr.discount_type_code,
         COUNT(*) AS line_items,
         ROUND(AVG(li.discount_amount), 2) AS avg_discount
  FROM div_15.rtl_pos_line_items li
  JOIN div_15.rtl_promotions pr ON pr.promotion_code = li.promotion_code
  WHERE pr.status_code = 'AC' AND li.promotion_code IS NOT NULL
  GROUP BY pr.promotion_name, pr.discount_type_code
  ORDER BY line_items DESC;","rtl_pos_line_items,rtl_promotions","rtl_pos_line_items.discount_amount,rtl_promotions.promotion_code","retail,rate",v2_rtl_promo_effectiveness,29
Q0037,easy,Departments that have no budget allocated?,"  SELECT d.department_id, d.name
  FROM div_15.departments d
  LEFT JOIN div_15.budgets b ON b.department_id = d.department_id
  WHERE b.budget_id IS NULL;","departments,budgets","departments.department_id,departments.name","finance,left_join",v2_leftjoin_depts_no_budget,11
Q0038,hard,Compare effective vs statutory tax rate by jurisdiction for corporate?,"  SELECT jurisdiction, tax_type,
         ROUND(AVG(effective_rate), 4) AS avg_effective_rate,
         ROUND(AVG(statutory_rate), 4) AS avg_statutory_rate,
         ROUND(AVG(statutory_rate - effective_rate), 4) AS avg_rate_gap,
         SUM(current_provision + deferred_provision) AS total_provision
  FROM div_20.corp_tax_provisions
  GROUP BY jurisdiction, tax_type
  ORDER BY total_provision DESC;",corp_tax_provisions,"corp_tax_provisions.jurisdiction,corp_tax_provisions.effective_rate,corp_tax_provisions.statutory_rate","corporate,case_bucket",v2_corp_tax_comparison,26
Q0039,easy,Number of journal entries by month in 2021?,"  SELECT DATE_TRUNC('month', entry_date) AS month, COUNT(*) AS entry_count
  FROM div_15.journal_entries
  WHERE EXTRACT(YEAR FROM entry_date) = 2021
  GROUP BY month
  ORDER BY month;",journal_entries,journal_entries.entry_date,"finance,aggregation",v2_agg_journal_entries_monthly,2
Q0040,medium,QC failure rate for inventory inspections in 2024?,"  SELECT
    ROUND(100.0 * SUM(CASE WHEN result = 'fail' THEN 1 ELSE 0 END) / COUNT(*), 2) AS fail_pct
  FROM div_04.inventory_qc_inspections
  WHERE EXTRACT(YEAR FROM inspection_date) = 2024;",inventory_qc_inspections,"inventory_qc_inspections.result,inventory_qc_inspections.inspection_date","inventory,rate",v2_rate_qc_fail,29
Q0041,medium,Total POS sales by payment method for retail division div_14?,"  SELECT pay_mthd_cd, COUNT(*) AS txn_count,
         SUM(tot_amt) AS total_sales
  FROM div_14.zz_pos_trnx
  GROUP BY pay_mthd_cd
  ORDER BY total_sales DESC;",zz_pos_trnx,"zz_pos_trnx.pay_mthd_cd,zz_pos_trnx.tot_amt","retail,dirty_naming",v2_dirty_rtl_pos_sales,27
Q0042,hard,Revenue per full-time employee by department for 2021?,"  WITH dept_revenue AS (
    SELECT e.department_id,
           SUM(ol.quantity * ol.unit_price) AS revenue
    FROM div_01.order_lines ol
    JOIN div_01.sales_orders so ON so.order_id = ol.order_id
    JOIN div_01.employees e ON e.employee_id = so.sales_rep_id
    WHERE EXTRACT(YEAR FROM so.order_date) = 2021
    GROUP BY e.department_id
  ),
  dept_fte AS (
    SELECT department_id, COUNT(*) AS fte
    FROM div_01.employees
    WHERE hire_date <= DATE '2021-12-31'
      AND (termination_date IS NULL OR termination_date > DATE '2021-01-01')
    GROUP BY department_id
  )
  SELECT d.name,
         dr.revenue,
         df.fte,
         ROUND(dr.revenue / NULLIF(df.fte, 0), 2) AS revenue_per_fte
  FROM dept_revenue dr
  JOIN dept_fte df ON df.department_id = dr.department_id
  JOIN div_01.departments d ON d.department_id = dr.department_id
  ORDER BY revenue_per_fte DESC;","order_lines,sales_orders,employees,departments","order_lines.quantity,order_lines.unit_price,employees.department_id","sales,hr,cte",v2_cte_revenue_per_fte,19
Q0043,hard,Net journal amounts by cost center for 2022?,"  SELECT cc.name, SUM(jl.debit - jl.credit) AS net_amount
  FROM div_18.journal_lines jl
  JOIN div_18.journal_entries je ON je.entry_id = jl.entry_id
  JOIN div_18.cost_centers cc ON cc.cost_center_id = jl.cost_center_id
  WHERE EXTRACT(YEAR FROM je.entry_date) = 2022
  GROUP BY cc.name;","journal_lines,cost_centers,journal_entries","journal_lines.debit,journal_lines.credit,journal_entries.entry_date","finance,multi_join",v2_chain3_cost_center_spend,6
Q0044,hard,Consolidation totals by currency with FX impact for corporate?,"  SELECT currency_code,
         SUM(original_amount) AS total_original,
         SUM(translated_amount) AS total_translated,
         SUM(translated_amount - original_amount) AS fx_impact,
         COUNT(*) AS entry_count
  FROM div_17.corp_consolidation_entries
  GROUP BY currency_code
  ORDER BY total_original DESC;",corp_consolidation_entries,"corp_consolidation_entries.currency_code,corp_consolidation_entries.original_amount,corp_consolidation_entries.translated_amount","corporate,cte",v2_corp_consolidation_fx,19
Q0045,medium,Top 10 customers by total sales amount in 2022?,"  SELECT c.name, SUM(ol.quantity * ol.unit_price) AS total_sales
  FROM div_05.sales_orders so
  JOIN div_05.order_lines ol ON ol.order_id = so.order_id
  JOIN div_05.customers c ON c.customer_id = so.customer_id
  WHERE EXTRACT(YEAR FROM so.order_date) = 2022
  GROUP BY c.name
  ORDER BY total_sales DESC
  LIMIT 10;","sales_orders,order_lines,customers","sales_orders.order_date,order_lines.quantity,order_lines.unit_price,customers.name","sales,top_n",v2_topn_customers_by_sales,4
Q0046,hard,Procure-to-pay cycle: PO to goods receipt to vendor invoice by vendor for 2024?,"  SELECT v.name AS vendor, po.po_id, po.order_date,
         gr.receipt_id, gr.receipt_date,
         vi.invoice_id, vi.invoice_date, vi.total AS invoice_total
  FROM div_02.purchase_orders po
  JOIN div_02.goods_receipts gr ON gr.po_id = po.po_id
  JOIN div_02.vendor_invoices vi ON vi.po_id = po.po_id
  JOIN div_02.vendors v ON v.vendor_id = po.vendor_id
  WHERE EXTRACT(YEAR FROM po.order_date) = 2024
  ORDER BY po.order_date
  LIMIT 50;","purchase_orders,goods_receipts,vendor_invoices,vendors","purchase_orders.order_date,goods_receipts.receipt_date,vendor_invoices.invoice_date","procurement,cross_module",v2_cross_mod_procure_to_pay,24
Q0047,ambiguous,What's the total for this month?,AMBIGUOUS,,,"ambiguous,missing_context",v2_ambig_a2_whats_the_total,A2
Q0048,hard,Each order total alongside the customer's average order value for 2022?,"  WITH order_totals AS (
    SELECT so.order_id, so.customer_id, SUM(ol.quantity * ol.unit_price) AS order_total
    FROM div_08.sales_orders so
    JOIN div_08.order_lines ol ON ol.order_id = so.order_id
    WHERE EXTRACT(YEAR FROM so.order_date) = 2022
    GROUP BY so.order_id, so.customer_id
  )
  SELECT c.name AS customer, ot.order_id, ot.order_total,
         AVG(ot.order_total) OVER (PARTITION BY ot.customer_id) AS customer_avg
  FROM order_totals ot
  JOIN div_08.customers c ON c.customer_id = ot.customer_id
  ORDER BY c.name, ot.order_id;","sales_orders,order_lines,customers","order_lines.quantity,order_lines.unit_price,customers.name","sales,mixed_aggregation",v2_mixed_agg_order_vs_customer_avg,35
Q0049,medium,How many comments per support case in 2023?,"  SELECT case_id, COUNT(*) AS comment_count
  FROM div_16.support_ticket_comments
  WHERE EXTRACT(YEAR FROM comment_ts) = 2023
  GROUP BY case_id;",support_ticket_comments,support_ticket_comments.comment_ts,"support,header_line",v2_hdr_comment_volume,5
Q0050,easy,Number of journal entries by month in 2022?,"  SELECT DATE_TRUNC('month', entry_date) AS month, COUNT(*) AS entry_count
  FROM div_17.journal_entries
  WHERE EXTRACT(YEAR FROM entry_date) = 2022
  GROUP BY month
  ORDER BY month;",journal_entries,journal_entries.entry_date,"finance,aggregation",v2_agg_journal_entries_monthly,2
Q0051,medium,Total contract value by customer for services division div_07?,"  SELECT c.name, SUM(sow.tot_amt) AS total_value, COUNT(*) AS sow_count
  FROM div_07.zz_svc_sow sow
  JOIN div_07.customers c ON c.customer_id = sow.cust_nbr
  GROUP BY c.name
  ORDER BY total_value DESC
  LIMIT 10;","zz_svc_sow,customers","zz_svc_sow.tot_amt,zz_svc_sow.cust_nbr,customers.name","services,dirty_naming",v2_dirty_svc_sow_value,27
Q0052,hard,Net journal amounts by cost center for 2023?,"  SELECT cc.name, SUM(jl.debit - jl.credit) AS net_amount
  FROM div_04.journal_lines jl
  JOIN div_04.journal_entries je ON je.entry_id = jl.entry_id
  JOIN div_04.cost_centers cc ON cc.cost_center_id = jl.cost_center_id
  WHERE EXTRACT(YEAR FROM je.entry_date) = 2023
  GROUP BY cc.name;","journal_lines,cost_centers,journal_entries","journal_lines.debit,journal_lines.credit,journal_entries.entry_date","finance,multi_join",v2_chain3_cost_center_spend,6
Q0053,hard,Year-over-year sales growth comparing 2023 to the prior year?,"  WITH yearly AS (
    SELECT EXTRACT(YEAR FROM so.order_date) AS yr,
           SUM(ol.quantity * ol.unit_price) AS total_sales
    FROM div_10.order_lines ol
    JOIN div_10.sales_orders so ON so.order_id = ol.order_id
    WHERE EXTRACT(YEAR FROM so.order_date) IN (2023, 2023 - 1)
    GROUP BY yr
  )
  SELECT
    cur.total_sales AS current_year_sales,
    prev.total_sales AS prior_year_sales,
    ROUND(100.0 * (cur.total_sales - prev.total_sales) / NULLIF(prev.total_sales, 0), 2) AS growth_pct
  FROM yearly cur
  JOIN yearly prev ON cur.yr = prev.yr + 1;","order_lines,sales_orders","order_lines.quantity,order_lines.unit_price,sales_orders.order_date","sales,temporal,yoy",v2_yoy_sales_growth,34
Q0054,hard,Each order total alongside the customer's average order value for 2023?,"  WITH order_totals AS (
    SELECT so.order_id, so.customer_id, SUM(ol.quantity * ol.unit_price) AS order_total
    FROM div_20.sales_orders so
    JOIN div_20.order_lines ol ON ol.order_id = so.order_id
    WHERE EXTRACT(YEAR FROM so.order_date) = 2023
    GROUP BY so.order_id, so.customer_id
  )
  SELECT c.name AS customer, ot.order_id, ot.order_total,
         AVG(ot.order_total) OVER (PARTITION BY ot.customer_id) AS customer_avg
  FROM order_totals ot
  JOIN div_20.customers c ON c.customer_id = ot.customer_id
  ORDER BY c.name, ot.order_id;","sales_orders,order_lines,customers","order_lines.quantity,order_lines.unit_price,customers.name","sales,mixed_aggregation",v2_mixed_agg_order_vs_customer_avg,35
Q0055,medium,Total scrap quantity by reason code in manufacturing?,"  SELECT reason_code, SUM(scrap_quantity) AS total_scrap
  FROM div_03.mfg_scrap_log
  GROUP BY reason_code
  ORDER BY total_scrap DESC;",mfg_scrap_log,"mfg_scrap_log.reason_code,mfg_scrap_log.scrap_quantity","manufacturing,lookup",v2_coded_scrap_reason,7
Q0056,ambiguous,Show me the accounts.,AMBIGUOUS,,,"ambiguous,underspecified",v2_ambig_a1_show_accounts,A1
Q0057,easy,Which vendors have payment terms longer than 30 days?,"  SELECT vendor_id, name, payment_terms
  FROM div_04.vendors
  WHERE payment_terms > 30;",vendors,vendors.payment_terms,"procurement,lookup",v2_lookup_vendor_terms,1
Q0058,extra_hard,Number of hires per month in 2023 displayed as columns Jan through Dec?,"  SELECT
    SUM(CASE WHEN EXTRACT(MONTH FROM hire_date) = 1 THEN 1 ELSE 0 END) AS jan,
    SUM(CASE WHEN EXTRACT(MONTH FROM hire_date) = 2 THEN 1 ELSE 0 END) AS feb,
    SUM(CASE WHEN EXTRACT(MONTH FROM hire_date) = 3 THEN 1 ELSE 0 END) AS mar,
    SUM(CASE WHEN EXTRACT(MONTH FROM hire_date) = 4 THEN 1 ELSE 0 END) AS apr,
    SUM(CASE WHEN EXTRACT(MONTH FROM hire_date) = 5 THEN 1 ELSE 0 END) AS may,
    SUM(CASE WHEN EXTRACT(MONTH FROM hire_date) = 6 THEN 1 ELSE 0 END) AS jun,
    SUM(CASE WHEN EXTRACT(MONTH FROM hire_date) = 7 THEN 1 ELSE 0 END) AS jul,
    SUM(CASE WHEN EXTRACT(MONTH FROM hire_date) = 8 THEN 1 ELSE 0 END) AS aug,
    SUM(CASE WHEN EXTRACT(MONTH FROM hire_date) = 9 THEN 1 ELSE 0 END) AS sep,
    SUM(CASE WHEN EXTRACT(MONTH FROM hire_date) = 10 THEN 1 ELSE 0 END) AS oct,
    SUM(CASE WHEN EXTRACT(MONTH FROM hire_date) = 11 THEN 1 ELSE 0 END) AS nov,
    SUM(CASE WHEN EXTRACT(MONTH FROM hire_date) = 12 THEN 1 ELSE 0 END) AS dec
  FROM div_06.employees
  WHERE EXTRACT(YEAR FROM hire_date) = 2023;",employees,employees.hire_date,"hr,pivot",v2_pivot_monthly_hires,30
Q0059,easy,Warehouses with no defined locations?,"  SELECT w.warehouse_id, w.name
  FROM div_11.warehouses w
  LEFT JOIN div_11.warehouse_locations wl ON wl.warehouse_id = w.warehouse_id
  WHERE wl.location_id IS NULL;","warehouses,warehouse_locations","warehouses.warehouse_id,warehouses.name","inventory,left_join",v2_leftjoin_warehouses_no_locations,11
Q0060,medium,Billing milestones past due and not yet invoiced for services?,"  SELECT sow.sow_number, bm.description, bm.amount, bm.due_date
  FROM div_10.svc_billing_milestones bm
  JOIN div_10.svc_statements_of_work sow ON sow.sow_id = bm.sow_id
  WHERE bm.due_date < CURRENT_DATE AND bm.invoice_date IS NULL
  ORDER BY bm.due_date;","svc_billing_milestones,svc_statements_of_work","svc_billing_milestones.due_date,svc_billing_milestones.invoice_date,svc_billing_milestones.amount","services,value_mapping",v2_svc_overdue_milestones,23
Q0061,extra_hard,What country are our highest-revenue customers from?,"  SELECT co.name AS country, c.name AS customer,
         SUM(ol.quantity * ol.unit_price) AS revenue
  FROM div_18.customers c
  JOIN div_18.sales_orders so ON so.customer_id = c.customer_id
  JOIN div_18.order_lines ol ON ol.order_id = so.order_id
  LEFT JOIN div_18.addresses a ON a.address_id = c.billing_address_id
  LEFT JOIN div_18.cities ci ON ci.city_id = a.city_id
  LEFT JOIN div_18.states_provinces sp ON sp.state_id = ci.state_id
  LEFT JOIN div_18.countries co ON co.country_id = sp.country_id
  GROUP BY co.name, c.name
  ORDER BY revenue DESC
  LIMIT 10;","customers,addresses,cities,states_provinces,countries,sales_orders,order_lines","customers.billing_address_id,countries.name","sales,geography,multi_hop",v2_multihop_customer_country,33
Q0062,hard,Total SOW contract value by customer for services?,"  SELECT c.name, SUM(sow.total_amount) AS total_contract_value, COUNT(*) AS sow_count
  FROM div_08.svc_statements_of_work sow
  JOIN div_08.customers c ON c.customer_id = sow.customer_id
  GROUP BY c.name
  ORDER BY total_contract_value DESC
  LIMIT 10;","svc_statements_of_work,customers","svc_statements_of_work.total_amount,customers.name","services,cross_module",v2_cross_mod_svc_revenue_customer,24
Q0063,hard,Total SOW contract value by customer for services?,"  SELECT c.name, SUM(sow.total_amount) AS total_contract_value, COUNT(*) AS sow_count
  FROM div_08.svc_statements_of_work sow
  JOIN div_08.customers c ON c.customer_id = sow.customer_id
  GROUP BY c.name
  ORDER BY total_contract_value DESC
  LIMIT 10;","svc_statements_of_work,customers","svc_statements_of_work.total_amount,customers.name","services,cross_module",v2_cross_mod_svc_revenue_customer,24
Q0064,hard,Top 10 products by POS revenue in retail?,"  SELECT p.name, SUM(li.line_total) AS total_revenue,
         SUM(li.quantity) AS units_sold
  FROM div_15.rtl_pos_line_items li
  JOIN div_15.products p ON p.product_id = li.product_id
  GROUP BY p.name
  ORDER BY total_revenue DESC
  LIMIT 10;","rtl_pos_line_items,products","rtl_pos_line_items.line_total,products.name","retail,window",v2_window_rank_rtl_products,13
Q0065,hard,Employee turnover rate for 2023?,"  WITH terminations AS (
    SELECT COUNT(*) AS term_count
    FROM div_03.employees
    WHERE EXTRACT(YEAR FROM termination_date) = 2023
  ),
  headcount AS (
    SELECT COUNT(*) AS headcount
    FROM div_03.employees
    WHERE hire_date <= DATE '2023-12-31'
      AND (termination_date IS NULL OR termination_date > DATE '2023-01-01')
  )
  SELECT ROUND(100.0 * t.term_count / NULLIF(h.headcount,0), 2) AS turnover_pct
  FROM terminations t, headcount h;",employees,"employees.termination_date,employees.hire_date","hr,cte",v2_cte_employee_turnover,19
Q0066,medium,Quarterly revenue breakdown for 2022?,"  SELECT
    EXTRACT(QUARTER FROM so.order_date) AS quarter,
    SUM(ol.quantity * ol.unit_price) AS revenue
  FROM div_02.order_lines ol
  JOIN div_02.sales_orders so ON so.order_id = ol.order_id
  WHERE EXTRACT(YEAR FROM so.order_date) = 2022
  GROUP BY quarter
  ORDER BY quarter;","order_lines,sales_orders","order_lines.quantity,order_lines.unit_price,sales_orders.order_date","sales,header_line",v2_hdr_quarterly_revenue,5
Q0067,medium,Average resource allocation by project in 2022?,"  SELECT p.name, ROUND(AVG(pr.allocation_percent), 2) AS avg_alloc
  FROM div_13.project_resources pr
  JOIN div_13.projects p ON p.project_id = pr.project_id
  WHERE EXTRACT(YEAR FROM p.start_date) = 2022
  GROUP BY p.name;","project_resources,projects","project_resources.allocation_percent,projects.start_date","projects,value_mapping",v2_implicit_val_project_resource_alloc,23
Q0068,medium,Average time to close support cases in 2021?,"  SELECT ROUND(AVG(EXTRACT(EPOCH FROM (updated_at - opened_at)) / 3600), 2) AS avg_close_hours
  FROM div_11.cust_srv_case
  WHERE status = 'closed'
    AND EXTRACT(YEAR FROM opened_at) = 2021;",cust_srv_case,"cust_srv_case.opened_at,cust_srv_case.updated_at","support,rate",v2_rate_sla_resolution,29
Q0069,medium,Total POS sales by payment method for retail division div_12?,"  SELECT pay_mthd_cd, COUNT(*) AS txn_count,
         SUM(tot_amt) AS total_sales
  FROM div_12.zz_pos_trnx
  GROUP BY pay_mthd_cd
  ORDER BY total_sales DESC;",zz_pos_trnx,"zz_pos_trnx.pay_mthd_cd,zz_pos_trnx.tot_amt","retail,dirty_naming",v2_dirty_rtl_pos_sales,27
Q0070,medium,Total POS sales by payment method for retail division div_14?,"  SELECT pay_mthd_cd, COUNT(*) AS txn_count,
         SUM(tot_amt) AS total_sales
  FROM div_14.zz_pos_trnx
  GROUP BY pay_mthd_cd
  ORDER BY total_sales DESC;",zz_pos_trnx,"zz_pos_trnx.pay_mthd_cd,zz_pos_trnx.tot_amt","retail,dirty_naming",v2_dirty_rtl_pos_sales,27
Q0071,hard,Which employees have not completed any training?,"  SELECT e.employee_id, e.first_name, e.last_name
  FROM div_12.employees e
  WHERE NOT EXISTS (
    SELECT 1 FROM div_12.employee_training et
    WHERE et.employee_id = e.employee_id
  );","employees,employee_training","employees.employee_id,employees.first_name,employees.last_name","hr,anti_join",v2_antijoin_employees_no_training,9
Q0072,hard,Vendors with no invoices in the last 6 months?,"  SELECT v.vendor_id, v.name
  FROM div_20.vendors v
  WHERE NOT EXISTS (
    SELECT 1 FROM div_20.vendor_invoices vi
    WHERE vi.vendor_id = v.vendor_id
      AND vi.invoice_date >= CURRENT_DATE - INTERVAL '6 months'
  );","vendors,vendor_invoices","vendors.vendor_id,vendors.name","procurement,anti_join,temporal",v2_antijoin_temp_vendors_no_recent_invoice,10
Q0073,medium,Loyalty member count by tier in retail?,"  SELECT tier_code, COUNT(*) AS member_count,
         AVG(points_balance) AS avg_points
  FROM div_13.rtl_loyalty_members
  WHERE status_code = 'AC'
  GROUP BY tier_code
  ORDER BY member_count DESC;",rtl_loyalty_members,"rtl_loyalty_members.tier_code,rtl_loyalty_members.status_code","retail,lookup",v2_coded_loyalty_tiers,7
Q0074,hard,Total SOW contract value by customer for services?,"  SELECT c.name, SUM(sow.total_amount) AS total_contract_value, COUNT(*) AS sow_count
  FROM div_10.svc_statements_of_work sow
  JOIN div_10.customers c ON c.customer_id = sow.customer_id
  GROUP BY c.name
  ORDER BY total_contract_value DESC
  LIMIT 10;","svc_statements_of_work,customers","svc_statements_of_work.total_amount,customers.name","services,cross_module",v2_cross_mod_svc_revenue_customer,24
Q0075,easy,Total net pay by pay period for 2021?,"  SELECT h.pay_period_start, h.pay_period_end, SUM(l.net_pay) AS total_net_pay
  FROM div_12.payroll_run_hdr h
  JOIN div_12.payroll_run_line l ON l.run_id = h.run_id
  WHERE EXTRACT(YEAR FROM h.pay_period_start) = 2021
  GROUP BY h.pay_period_start, h.pay_period_end
  ORDER BY h.pay_period_start;","payroll_run_hdr,payroll_run_line","payroll_run_hdr.pay_period_start,payroll_run_line.net_pay","hr,payroll,aggregation",v2_agg_payroll_by_period,2
Q0076,medium,How many work orders are there by status?,"  SELECT lc.meaning AS status, COUNT(*) AS wo_count
  FROM div_05.mfg_work_orders wo
  JOIN div_05.lookup_codes lc ON lc.code = wo.status_code AND lc.domain = 'WO_STATUS'
  GROUP BY lc.meaning
  ORDER BY wo_count DESC;","mfg_work_orders,lookup_codes","mfg_work_orders.status_code,lookup_codes.meaning","manufacturing,lookup",v2_coded_wo_status,7
Q0077,easy,How many sales orders were placed each month in 2024?,"  SELECT DATE_TRUNC('month', order_date) AS month, COUNT(*) AS order_count
  FROM div_06.sales_orders
  WHERE EXTRACT(YEAR FROM order_date) = 2024
  GROUP BY month
  ORDER BY month;",sales_orders,sales_orders.order_date,"sales,aggregation",v2_agg_orders_by_month,2
Q0078,medium,Training completions by course for 2024?,"  SELECT c.name, COUNT(*) AS completions
  FROM div_07.employee_training et
  JOIN div_07.training_courses c ON c.course_id = et.course_id
  WHERE EXTRACT(YEAR FROM et.completion_date) = 2024
  GROUP BY c.name
  ORDER BY completions DESC;","training_courses,employee_training",employee_training.completion_date,"hr,training,value_grounding",v2_join_val_training_completion,3
Q0079,hard,Each order total alongside the customer's average order value for 2021?,"  WITH order_totals AS (
    SELECT so.order_id, so.customer_id, SUM(ol.quantity * ol.unit_price) AS order_total
    FROM div_03.sales_orders so
    JOIN div_03.order_lines ol ON ol.order_id = so.order_id
    WHERE EXTRACT(YEAR FROM so.order_date) = 2021
    GROUP BY so.order_id, so.customer_id
  )
  SELECT c.name AS customer, ot.order_id, ot.order_total,
         AVG(ot.order_total) OVER (PARTITION BY ot.customer_id) AS customer_avg
  FROM order_totals ot
  JOIN div_03.customers c ON c.customer_id = ot.customer_id
  ORDER BY c.name, ot.order_id;","sales_orders,order_lines,customers","order_lines.quantity,order_lines.unit_price,customers.name","sales,mixed_aggregation",v2_mixed_agg_order_vs_customer_avg,35
Q0080,hard,Average resource allocation by role for active SOWs in services?,"  SELECT rp.role_name,
         ROUND(AVG(rp.allocation_percent), 1) AS avg_allocation,
         COUNT(*) AS assignments
  FROM div_06.svc_resource_plan rp
  JOIN div_06.svc_statements_of_work sow ON sow.sow_id = rp.sow_id
  WHERE sow.status_code = 'AC'
  GROUP BY rp.role_name
  ORDER BY avg_allocation DESC;","svc_resource_plan,svc_statements_of_work","svc_resource_plan.role_name,svc_resource_plan.allocation_percent","services,cross_module",v2_cross_mod_svc_utilization,24
Q0081,extra_hard,Month-over-month revenue change for 2022?,"  WITH monthly AS (
    SELECT DATE_TRUNC('month', so.order_date) AS month,
           SUM(ol.quantity * ol.unit_price) AS revenue
    FROM div_20.order_lines ol
    JOIN div_20.sales_orders so ON so.order_id = ol.order_id
    WHERE EXTRACT(YEAR FROM so.order_date) = 2022
    GROUP BY month
  )
  SELECT month, revenue,
         revenue - LAG(revenue) OVER (ORDER BY month) AS change,
         ROUND(100.0 * (revenue - LAG(revenue) OVER (ORDER BY month)) / NULLIF(LAG(revenue) OVER (ORDER BY month), 0), 2) AS pct_change
  FROM monthly
  ORDER BY month;","order_lines,sales_orders","order_lines.quantity,order_lines.unit_price,sales_orders.order_date","sales,window,temporal",v2_window_lag_monthly_revenue,14
Q0082,easy,Number of journal entries by month in 2022?,"  SELECT DATE_TRUNC('month', entry_date) AS month, COUNT(*) AS entry_count
  FROM div_02.journal_entries
  WHERE EXTRACT(YEAR FROM entry_date) = 2022
  GROUP BY month
  ORDER BY month;",journal_entries,journal_entries.entry_date,"finance,aggregation",v2_agg_journal_entries_monthly,2
Q0083,medium,Billing milestones past due and not yet invoiced for services?,"  SELECT sow.sow_number, bm.description, bm.amount, bm.due_date
  FROM div_10.svc_billing_milestones bm
  JOIN div_10.svc_statements_of_work sow ON sow.sow_id = bm.sow_id
  WHERE bm.due_date < CURRENT_DATE AND bm.invoice_date IS NULL
  ORDER BY bm.due_date;","svc_billing_milestones,svc_statements_of_work","svc_billing_milestones.due_date,svc_billing_milestones.invoice_date,svc_billing_milestones.amount","services,value_mapping",v2_svc_overdue_milestones,23
Q0084,hard,"Order-to-cash pipeline: customers, orders, invoices, and payments for 2024?","  SELECT c.name AS customer,
         so.order_id,
         SUM(ol.quantity * ol.unit_price) AS order_total,
         ar.invoice_number,
         ar.amount AS invoice_amount,
         p.payment_date,
         p.amount AS payment_amount
  FROM div_20.customers c
  JOIN div_20.sales_orders so ON so.customer_id = c.customer_id
  JOIN div_20.order_lines ol ON ol.order_id = so.order_id
  JOIN div_20.finance_ar_invoices ar ON ar.customer_id = c.customer_id
  LEFT JOIN div_20.finance_ar_payments p ON p.ar_invoice_id = ar.ar_invoice_id
  WHERE EXTRACT(YEAR FROM so.order_date) = 2024
  GROUP BY c.name, so.order_id, ar.invoice_number, ar.amount, p.payment_date, p.amount
  LIMIT 50;","customers,sales_orders,order_lines,finance_ar_invoices,finance_ar_payments","customers.name,sales_orders.order_date,finance_ar_payments.payment_date","sales,finance,cross_module",v2_cross_mod_order_to_cash,24
Q0085,medium,Total POS sales by payment method for retail division div_12?,"  SELECT pay_mthd_cd, COUNT(*) AS txn_count,
         SUM(tot_amt) AS total_sales
  FROM div_12.zz_pos_trnx
  GROUP BY pay_mthd_cd
  ORDER BY total_sales DESC;",zz_pos_trnx,"zz_pos_trnx.pay_mthd_cd,zz_pos_trnx.tot_amt","retail,dirty_naming",v2_dirty_rtl_pos_sales,27
Q0086,hard,Average resource allocation by role for active SOWs in services?,"  SELECT rp.role_name,
         ROUND(AVG(rp.allocation_percent), 1) AS avg_allocation,
         COUNT(*) AS assignments
  FROM div_06.svc_resource_plan rp
  JOIN div_06.svc_statements_of_work sow ON sow.sow_id = rp.sow_id
  WHERE sow.status_code = 'AC'
  GROUP BY rp.role_name
  ORDER BY avg_allocation DESC;","svc_resource_plan,svc_statements_of_work","svc_resource_plan.role_name,svc_resource_plan.allocation_percent","services,cross_module",v2_cross_mod_svc_utilization,24
Q0087,medium,Total scrap quantity by reason code in manufacturing?,"  SELECT reason_code, SUM(scrap_quantity) AS total_scrap
  FROM div_01.mfg_scrap_log
  GROUP BY reason_code
  ORDER BY total_scrap DESC;",mfg_scrap_log,"mfg_scrap_log.reason_code,mfg_scrap_log.scrap_quantity","manufacturing,lookup",v2_coded_scrap_reason,7
Q0088,medium,Total POS sales by payment method for retail division div_14?,"  SELECT pay_mthd_cd, COUNT(*) AS txn_count,
         SUM(tot_amt) AS total_sales
  FROM div_14.zz_pos_trnx
  GROUP BY pay_mthd_cd
  ORDER BY total_sales DESC;",zz_pos_trnx,"zz_pos_trnx.pay_mthd_cd,zz_pos_trnx.tot_amt","retail,dirty_naming",v2_dirty_rtl_pos_sales,27
Q0089,medium,Total POS sales by payment method for retail division div_12?,"  SELECT pay_mthd_cd, COUNT(*) AS txn_count,
         SUM(tot_amt) AS total_sales
  FROM div_12.zz_pos_trnx
  GROUP BY pay_mthd_cd
  ORDER BY total_sales DESC;",zz_pos_trnx,"zz_pos_trnx.pay_mthd_cd,zz_pos_trnx.tot_amt","retail,dirty_naming",v2_dirty_rtl_pos_sales,27
Q0090,hard,Procure-to-pay cycle: PO to goods receipt to vendor invoice by vendor for 2022?,"  SELECT v.name AS vendor, po.po_id, po.order_date,
         gr.receipt_id, gr.receipt_date,
         vi.invoice_id, vi.invoice_date, vi.total AS invoice_total
  FROM div_02.purchase_orders po
  JOIN div_02.goods_receipts gr ON gr.po_id = po.po_id
  JOIN div_02.vendor_invoices vi ON vi.po_id = po.po_id
  JOIN div_02.vendors v ON v.vendor_id = po.vendor_id
  WHERE EXTRACT(YEAR FROM po.order_date) = 2022
  ORDER BY po.order_date
  LIMIT 50;","purchase_orders,goods_receipts,vendor_invoices,vendors","purchase_orders.order_date,goods_receipts.receipt_date,vendor_invoices.invoice_date","procurement,cross_module",v2_cross_mod_procure_to_pay,24
Q0091,easy,Timesheets awaiting approval in 2024?,"  SELECT timesheet_id, employee_id, week_start_date, status
  FROM div_06.timesheets
  WHERE status = 'submitted'
    AND EXTRACT(YEAR FROM week_start_date) = 2024;",timesheets,"timesheets.status,timesheets.week_start_date","projects,lookup",v2_lookup_submitted_timesheets,1
Q0092,easy,Show onboarding tasks that are overdue.,"  SELECT task_id, employee_id, task_name, due_date, status
  FROM div_19.hr_onboarding_tasks
  WHERE status <> 'done'
    AND due_date < CURRENT_DATE;",hr_onboarding_tasks,"hr_onboarding_tasks.status,hr_onboarding_tasks.due_date","hr,lookup",v2_lookup_overdue_onboarding,1
Q0093,medium,Vendors with more than 10 purchase orders in 2022?,"  SELECT v.name, COUNT(*) AS po_count
  FROM div_05.purchase_orders po
  JOIN div_05.vendors v ON v.vendor_id = po.vendor_id
  WHERE EXTRACT(YEAR FROM po.order_date) = 2022
  GROUP BY v.name
  HAVING COUNT(*) > 10
  ORDER BY po_count DESC;","purchase_orders,vendors","purchase_orders.order_date,vendors.name","procurement,having",v2_having_vendors_multi_po,25
Q0094,ambiguous,Show employee headcount by department.,AMBIGUOUS,,,"ambiguous,cross_division",v2_ambig_a3_headcount_by_dept,A3
Q0095,medium,Quote-to-order conversion rate for 2023?,"  SELECT
    ROUND(100.0 * COUNT(DISTINCT so.order_id) / NULLIF(COUNT(DISTINCT sq.quote_id),0), 2) AS conversion_pct
  FROM div_17.sales_quotes sq
  LEFT JOIN div_17.sales_orders so ON so.customer_id = sq.customer_id
  WHERE EXTRACT(YEAR FROM sq.quote_date) = 2023;","sales_quotes,sales_orders","sales_quotes.quote_date,sales_orders.order_date","sales,rate",v2_rate_quote_conversion,29
Q0096,ambiguous,What is our market share by product category?,AMBIGUOUS,,,"ambiguous,unanswerable",v2_ambig_a4_market_share,A4
Q0097,hard,Total SOW contract value by customer for services?,"  SELECT c.name, SUM(sow.total_amount) AS total_contract_value, COUNT(*) AS sow_count
  FROM div_10.svc_statements_of_work sow
  JOIN div_10.customers c ON c.customer_id = sow.customer_id
  GROUP BY c.name
  ORDER BY total_contract_value DESC
  LIMIT 10;","svc_statements_of_work,customers","svc_statements_of_work.total_amount,customers.name","services,cross_module",v2_cross_mod_svc_revenue_customer,24
Q0098,extra_hard,Vendors who had purchase orders last year but not in 2024?,"  SELECT DISTINCT v.vendor_id, v.name
  FROM div_12.purchase_orders po
  JOIN div_12.vendors v ON v.vendor_id = po.vendor_id
  WHERE EXTRACT(YEAR FROM po.order_date) = 2024 - 1
  EXCEPT
  SELECT DISTINCT v.vendor_id, v.name
  FROM div_12.purchase_orders po
  JOIN div_12.vendors v ON v.vendor_id = po.vendor_id
  WHERE EXTRACT(YEAR FROM po.order_date) = 2024;","purchase_orders,vendors","purchase_orders.vendor_id,purchase_orders.order_date","procurement,except",v2_except_vendors_lost,16
Q0099,medium,Total scrap quantity by reason code in manufacturing?,"  SELECT reason_code, SUM(scrap_quantity) AS total_scrap
  FROM div_01.mfg_scrap_log
  GROUP BY reason_code
  ORDER BY total_scrap DESC;",mfg_scrap_log,"mfg_scrap_log.reason_code,mfg_scrap_log.scrap_quantity","manufacturing,lookup",v2_coded_scrap_reason,7
Q0100,ambiguous,Show all orders across divisions.,AMBIGUOUS,,,"ambiguous,cross_division",v2_ambig_a3_show_all_orders,A3
Q0101,hard,Average resource allocation by role for active SOWs in services?,"  SELECT rp.role_name,
         ROUND(AVG(rp.allocation_percent), 1) AS avg_allocation,
         COUNT(*) AS assignments
  FROM div_10.svc_resource_plan rp
  JOIN div_10.svc_statements_of_work sow ON sow.sow_id = rp.sow_id
  WHERE sow.status_code = 'AC'
  GROUP BY rp.role_name
  ORDER BY avg_allocation DESC;","svc_resource_plan,svc_statements_of_work","svc_resource_plan.role_name,svc_resource_plan.allocation_percent","services,cross_module",v2_cross_mod_svc_utilization,24
Q0102,medium,How many open cases are there by priority?,"  SELECT priority, COUNT(*) AS case_count
  FROM div_14.cust_srv_case
  WHERE status IN ('open','pending')
  GROUP BY priority;",cust_srv_case,"cust_srv_case.status,cust_srv_case.priority","support,ambiguous_entity",v2_ambig_entity_open_cases,22
Q0103,hard,Total employee cost (gross pay) per department for 2021?,"  SELECT d.name,
         SUM(prl.gross_pay) AS total_cost,
         COUNT(DISTINCT prl.employee_id) AS employee_count
  FROM div_15.payroll_run_line prl
  JOIN div_15.payroll_run_hdr prh ON prh.run_id = prl.run_id
  JOIN div_15.employees e ON e.employee_id = prl.employee_id
  JOIN div_15.departments d ON d.department_id = e.department_id
  WHERE EXTRACT(YEAR FROM prh.pay_period_start) = 2021
  GROUP BY d.name
  ORDER BY total_cost DESC;","payroll_run_line,payroll_run_hdr,employees,departments","payroll_run_line.gross_pay,employees.department_id,departments.name","hr,finance,cross_module",v2_cross_mod_employee_cost_dept,24
Q0104,medium,Total POS sales by payment method for retail division div_14?,"  SELECT pay_mthd_cd, COUNT(*) AS txn_count,
         SUM(tot_amt) AS total_sales
  FROM div_14.zz_pos_trnx
  GROUP BY pay_mthd_cd
  ORDER BY total_sales DESC;",zz_pos_trnx,"zz_pos_trnx.pay_mthd_cd,zz_pos_trnx.tot_amt","retail,dirty_naming",v2_dirty_rtl_pos_sales,27
Q0105,easy,What are the bank transaction totals by type for 2023?,"  SELECT transaction_type, SUM(amount) AS total_amount
  FROM div_04.bank_transactions
  WHERE EXTRACT(YEAR FROM transaction_date) = 2023
  GROUP BY transaction_type;",bank_transactions,"bank_transactions.transaction_type,bank_transactions.amount,bank_transactions.transaction_date","finance,aggregation",v2_agg_bank_tx_by_type,2
Q0106,hard,Total SOW contract value by customer for services?,"  SELECT c.name, SUM(sow.total_amount) AS total_contract_value, COUNT(*) AS sow_count
  FROM div_06.svc_statements_of_work sow
  JOIN div_06.customers c ON c.customer_id = sow.customer_id
  GROUP BY c.name
  ORDER BY total_contract_value DESC
  LIMIT 10;","svc_statements_of_work,customers","svc_statements_of_work.total_amount,customers.name","services,cross_module",v2_cross_mod_svc_revenue_customer,24
Q0107,extra_hard,List all departments with their parent department names.,"  SELECT d.name AS department, pd.name AS parent_department
  FROM div_16.departments d
  LEFT JOIN div_16.departments pd ON pd.department_id = d.parent_department_id
  ORDER BY d.name;",departments,"departments.department_id,departments.name,departments.parent_department_id","hr,self_join,hierarchy",v2_selfjoin_dept_parent,18
Q0108,ambiguous,List all transactions.,AMBIGUOUS,,,"ambiguous,underspecified",v2_ambig_a1_list_transactions,A1
Q0109,hard,Top 10 products by POS revenue in retail?,"  SELECT p.name, SUM(li.line_total) AS total_revenue,
         SUM(li.quantity) AS units_sold
  FROM div_13.rtl_pos_line_items li
  JOIN div_13.products p ON p.product_id = li.product_id
  GROUP BY p.name
  ORDER BY total_revenue DESC
  LIMIT 10;","rtl_pos_line_items,products","rtl_pos_line_items.line_total,products.name","retail,window",v2_window_rank_rtl_products,13
Q0110,extra_hard,How many sub-departments does each department have?,"  SELECT p.name AS department, COUNT(c.department_id) AS sub_department_count
  FROM div_04.departments p
  LEFT JOIN div_04.departments c ON c.parent_department_id = p.department_id
  GROUP BY p.name
  ORDER BY sub_department_count DESC;",departments,"departments.department_id,departments.name,departments.parent_department_id","hr,self_join,hierarchy",v2_selfjoin_dept_children_count,18
Q0111,medium,Open audit findings by severity and type for corporate?,"  SELECT audit_type, severity, COUNT(*) AS finding_count
  FROM div_19.corp_audit_findings
  WHERE status_code IN ('OP', 'IP')
  GROUP BY audit_type, severity
  ORDER BY severity, finding_count DESC;",corp_audit_findings,"corp_audit_findings.severity,corp_audit_findings.audit_type,corp_audit_findings.status_code","corporate,ambiguous_entity",v2_corp_audit_findings,22
Q0112,ambiguous,What is our market share by product category?,AMBIGUOUS,,,"ambiguous,unanswerable",v2_ambig_a4_market_share,A4
Q0113,medium,Loyalty member count by tier in retail?,"  SELECT tier_code, COUNT(*) AS member_count,
         AVG(points_balance) AS avg_points
  FROM div_11.rtl_loyalty_members
  WHERE status_code = 'AC'
  GROUP BY tier_code
  ORDER BY member_count DESC;",rtl_loyalty_members,"rtl_loyalty_members.tier_code,rtl_loyalty_members.status_code","retail,lookup",v2_coded_loyalty_tiers,7
Q0114,hard,Vendors with no invoices in the last 6 months?,"  SELECT v.vendor_id, v.name
  FROM div_14.vendors v
  WHERE NOT EXISTS (
    SELECT 1 FROM div_14.vendor_invoices vi
    WHERE vi.vendor_id = v.vendor_id
      AND vi.invoice_date >= CURRENT_DATE - INTERVAL '6 months'
  );","vendors,vendor_invoices","vendors.vendor_id,vendors.name","procurement,anti_join,temporal",v2_antijoin_temp_vendors_no_recent_invoice,10
Q0115,hard,Procure-to-pay cycle: PO to goods receipt to vendor invoice by vendor for 2022?,"  SELECT v.name AS vendor, po.po_id, po.order_date,
         gr.receipt_id, gr.receipt_date,
         vi.invoice_id, vi.invoice_date, vi.total AS invoice_total
  FROM div_09.purchase_orders po
  JOIN div_09.goods_receipts gr ON gr.po_id = po.po_id
  JOIN div_09.vendor_invoices vi ON vi.po_id = po.po_id
  JOIN div_09.vendors v ON v.vendor_id = po.vendor_id
  WHERE EXTRACT(YEAR FROM po.order_date) = 2022
  ORDER BY po.order_date
  LIMIT 50;","purchase_orders,goods_receipts,vendor_invoices,vendors","purchase_orders.order_date,goods_receipts.receipt_date,vendor_invoices.invoice_date","procurement,cross_module",v2_cross_mod_procure_to_pay,24
Q0116,extra_hard,Month-over-month AP invoice volume change for 2022?,"  WITH monthly AS (
    SELECT DATE_TRUNC('month', invoice_date) AS month,
           SUM(amount) AS total_amount
    FROM div_06.finance_ap_invoices
    WHERE EXTRACT(YEAR FROM invoice_date) = 2022
    GROUP BY month
  )
  SELECT month, total_amount,
         total_amount - LAG(total_amount) OVER (ORDER BY month) AS change
  FROM monthly
  ORDER BY month;",finance_ap_invoices,"finance_ap_invoices.invoice_date,finance_ap_invoices.amount","finance,window,temporal",v2_window_lag_ap_volume,14
Q0117,hard,Total SOW contract value by customer for services?,"  SELECT c.name, SUM(sow.total_amount) AS total_contract_value, COUNT(*) AS sow_count
  FROM div_10.svc_statements_of_work sow
  JOIN div_10.customers c ON c.customer_id = sow.customer_id
  GROUP BY c.name
  ORDER BY total_contract_value DESC
  LIMIT 10;","svc_statements_of_work,customers","svc_statements_of_work.total_amount,customers.name","services,cross_module",v2_cross_mod_svc_revenue_customer,24
Q0118,hard,Net intercompany balance between divisions for corporate?,"  SELECT from_division, to_division,
         SUM(amount) AS total_transferred,
         COUNT(*) AS txn_count
  FROM div_18.corp_intercompany_txns
  WHERE status_code = 'AP'
  GROUP BY from_division, to_division
  ORDER BY total_transferred DESC;",corp_intercompany_txns,"corp_intercompany_txns.from_division,corp_intercompany_txns.to_division,corp_intercompany_txns.amount","corporate,cross_module",v2_corp_intercompany,24
Q0119,hard,Customers who have not placed any orders in 2024?,"  SELECT c.customer_id, c.name
  FROM div_13.customers c
  WHERE NOT EXISTS (
    SELECT 1 FROM div_13.sales_orders so
    WHERE so.customer_id = c.customer_id
      AND EXTRACT(YEAR FROM so.order_date) = 2024
  );","customers,sales_orders","customers.customer_id,customers.name","sales,anti_join,temporal",v2_antijoin_temp_no_recent_orders,10
Q0120,medium,Count of statements of work by status?,"  SELECT lc.meaning AS status, COUNT(*) AS sow_count
  FROM div_08.svc_statements_of_work sow
  JOIN div_08.lookup_codes lc ON lc.code = sow.status_code AND lc.domain = 'PROJECT_STATUS'
  GROUP BY lc.meaning
  ORDER BY sow_count DESC;","svc_statements_of_work,lookup_codes","svc_statements_of_work.status_code,lookup_codes.meaning","services,lookup",v2_coded_sow_status,7
Q0121,easy,Sales order counts by status for 2022?,"  SELECT status, COUNT(*) AS order_count
  FROM div_19.sales_orders
  WHERE EXTRACT(YEAR FROM order_date) = 2022
  GROUP BY status;",sales_orders,"sales_orders.status,sales_orders.order_date","sales,aggregation",v2_agg_orders_by_status,2
Q0122,hard,Year-over-year headcount comparison for 2022 vs prior year?,"  WITH yearly AS (
    SELECT 2022 AS yr, COUNT(*) AS hc
    FROM div_19.employees
    WHERE hire_date <= DATE '2022-12-31'
      AND (termination_date IS NULL OR termination_date > DATE '2022-01-01')
    UNION ALL
    SELECT 2022 - 1 AS yr, COUNT(*) AS hc
    FROM div_19.employees
    WHERE hire_date <= DATE '2022-01-01'
      AND (termination_date IS NULL OR termination_date > DATE ((2022-1)::TEXT || '-01-01'))
  )
  SELECT * FROM yearly ORDER BY yr;",employees,"employees.hire_date,employees.termination_date","hr,temporal,yoy",v2_yoy_headcount,34
Q0123,medium,Promotion effectiveness by active promotion in retail?,"  SELECT pr.promotion_name, pr.discount_type_code,
         COUNT(*) AS line_items,
         ROUND(AVG(li.discount_amount), 2) AS avg_discount
  FROM div_11.rtl_pos_line_items li
  JOIN div_11.rtl_promotions pr ON pr.promotion_code = li.promotion_code
  WHERE pr.status_code = 'AC' AND li.promotion_code IS NOT NULL
  GROUP BY pr.promotion_name, pr.discount_type_code
  ORDER BY line_items DESC;","rtl_pos_line_items,rtl_promotions","rtl_pos_line_items.discount_amount,rtl_promotions.promotion_code","retail,rate",v2_rtl_promo_effectiveness,29
Q0124,medium,Who is the manager of the Engineering department?,"  SELECT e.first_name, e.last_name, e.email
  FROM div_14.departments d
  JOIN div_14.employees e ON e.employee_id = d.manager_id
  WHERE d.name = 'Engineering';","employees,departments","employees.first_name,employees.last_name,departments.name","hr,value_grounding",v2_join_val_dept_manager,3
Q0125,hard,Total SOW contract value by customer for services?,"  SELECT c.name, SUM(sow.total_amount) AS total_contract_value, COUNT(*) AS sow_count
  FROM div_06.svc_statements_of_work sow
  JOIN div_06.customers c ON c.customer_id = sow.customer_id
  GROUP BY c.name
  ORDER BY total_contract_value DESC
  LIMIT 10;","svc_statements_of_work,customers","svc_statements_of_work.total_amount,customers.name","services,cross_module",v2_cross_mod_svc_revenue_customer,24
Q0126,medium,Total POS sales by payment method for retail division div_14?,"  SELECT pay_mthd_cd, COUNT(*) AS txn_count,
         SUM(tot_amt) AS total_sales
  FROM div_14.zz_pos_trnx
  GROUP BY pay_mthd_cd
  ORDER BY total_sales DESC;",zz_pos_trnx,"zz_pos_trnx.pay_mthd_cd,zz_pos_trnx.tot_amt","retail,dirty_naming",v2_dirty_rtl_pos_sales,27
Q0127,easy,Which vendors have payment terms longer than 60 days?,"  SELECT vendor_id, name, payment_terms
  FROM div_07.vendors
  WHERE payment_terms > 60;",vendors,vendors.payment_terms,"procurement,lookup",v2_lookup_vendor_terms,1
Q0128,hard,Each employee's salary alongside their department average?,"  SELECT e.first_name, e.last_name, d.name AS department,
         es.amount AS salary,
         AVG(es.amount) OVER (PARTITION BY e.department_id) AS dept_avg_salary
  FROM div_11.employees e
  JOIN div_11.employee_salaries es ON es.employee_id = e.employee_id
  JOIN div_11.departments d ON d.department_id = e.department_id;","employees,employee_salaries,departments","employee_salaries.amount,employees.department_id,departments.name","hr,mixed_aggregation",v2_mixed_agg_salary_vs_dept_avg,35
Q0129,medium,Promotion effectiveness by active promotion in retail?,"  SELECT pr.promotion_name, pr.discount_type_code,
         COUNT(*) AS line_items,
         ROUND(AVG(li.discount_amount), 2) AS avg_discount
  FROM div_13.rtl_pos_line_items li
  JOIN div_13.rtl_promotions pr ON pr.promotion_code = li.promotion_code
  WHERE pr.status_code = 'AC' AND li.promotion_code IS NOT NULL
  GROUP BY pr.promotion_name, pr.discount_type_code
  ORDER BY line_items DESC;","rtl_pos_line_items,rtl_promotions","rtl_pos_line_items.discount_amount,rtl_promotions.promotion_code","retail,rate",v2_rtl_promo_effectiveness,29
Q0130,medium,Total contract value by customer for services division div_07?,"  SELECT c.name, SUM(sow.tot_amt) AS total_value, COUNT(*) AS sow_count
  FROM div_07.zz_svc_sow sow
  JOIN div_07.customers c ON c.customer_id = sow.cust_nbr
  GROUP BY c.name
  ORDER BY total_value DESC
  LIMIT 10;","zz_svc_sow,customers","zz_svc_sow.tot_amt,zz_svc_sow.cust_nbr,customers.name","services,dirty_naming",v2_dirty_svc_sow_value,27
Q0131,extra_hard,Business units and their parent unit names?,"  SELECT bu.name AS unit, pbu.name AS parent_unit
  FROM div_10.business_units bu
  LEFT JOIN div_10.business_units pbu ON pbu.unit_id = bu.parent_unit_id
  ORDER BY bu.name;",business_units,"business_units.unit_id,business_units.name,business_units.parent_unit_id","admin,self_join,hierarchy",v2_selfjoin_bu_hierarchy,18
Q0132,hard,Revenue per full-time employee by department for 2024?,"  WITH dept_revenue AS (
    SELECT e.department_id,
           SUM(ol.quantity * ol.unit_price) AS revenue
    FROM div_11.order_lines ol
    JOIN div_11.sales_orders so ON so.order_id = ol.order_id
    JOIN div_11.employees e ON e.employee_id = so.sales_rep_id
    WHERE EXTRACT(YEAR FROM so.order_date) = 2024
    GROUP BY e.department_id
  ),
  dept_fte AS (
    SELECT department_id, COUNT(*) AS fte
    FROM div_11.employees
    WHERE hire_date <= DATE '2024-12-31'
      AND (termination_date IS NULL OR termination_date > DATE '2024-01-01')
    GROUP BY department_id
  )
  SELECT d.name,
         dr.revenue,
         df.fte,
         ROUND(dr.revenue / NULLIF(df.fte, 0), 2) AS revenue_per_fte
  FROM dept_revenue dr
  JOIN dept_fte df ON df.department_id = dr.department_id
  JOIN div_11.departments d ON d.department_id = dr.department_id
  ORDER BY revenue_per_fte DESC;","order_lines,sales_orders,employees,departments","order_lines.quantity,order_lines.unit_price,employees.department_id","sales,hr,cte",v2_cte_revenue_per_fte,19
Q0133,hard,Employees whose salary exceeds their department average?,"  SELECT e.first_name, e.last_name, es.amount AS salary, e.department_id
  FROM div_18.employees e
  JOIN div_18.employee_salaries es ON es.employee_id = e.employee_id
  WHERE es.amount > (
    SELECT AVG(es2.amount)
    FROM div_18.employee_salaries es2
    JOIN div_18.employees e2 ON e2.employee_id = es2.employee_id
    WHERE e2.department_id = e.department_id
  );","employees,employee_salaries","employee_salaries.amount,employees.department_id","hr,correlated_subquery",v2_corr_salary_above_dept_avg,17
Q0134,hard,Customers who have not placed any orders in 2024?,"  SELECT c.customer_id, c.name
  FROM div_03.customers c
  WHERE NOT EXISTS (
    SELECT 1 FROM div_03.sales_orders so
    WHERE so.customer_id = c.customer_id
      AND EXTRACT(YEAR FROM so.order_date) = 2024
  );","customers,sales_orders","customers.customer_id,customers.name","sales,anti_join,temporal",v2_antijoin_temp_no_recent_orders,10
Q0135,medium,Total POS sales by payment method for retail division div_12?,"  SELECT pay_mthd_cd, COUNT(*) AS txn_count,
         SUM(tot_amt) AS total_sales
  FROM div_12.zz_pos_trnx
  GROUP BY pay_mthd_cd
  ORDER BY total_sales DESC;",zz_pos_trnx,"zz_pos_trnx.pay_mthd_cd,zz_pos_trnx.tot_amt","retail,dirty_naming",v2_dirty_rtl_pos_sales,27
Q0136,medium,How many work orders are there by status?,"  SELECT lc.meaning AS status, COUNT(*) AS wo_count
  FROM div_03.mfg_work_orders wo
  JOIN div_03.lookup_codes lc ON lc.code = wo.status_code AND lc.domain = 'WO_STATUS'
  GROUP BY lc.meaning
  ORDER BY wo_count DESC;","mfg_work_orders,lookup_codes","mfg_work_orders.status_code,lookup_codes.meaning","manufacturing,lookup",v2_coded_wo_status,7
Q0137,medium,Warehouse locations with capacity below 250?,"  SELECT location_id, warehouse_id, aisle, rack, bin, capacity
  FROM div_11.warehouse_locations
  WHERE capacity < 250;",warehouse_locations,warehouse_locations.capacity,"inventory,header_line",v2_hdr_warehouse_low_capacity,5
Q0138,ambiguous,How does our pricing compare to competitors?,AMBIGUOUS,,,"ambiguous,unanswerable",v2_ambig_a4_competitor_pricing,A4
Q0139,medium,Top expense categories by total spend in 2023?,"  SELECT category, SUM(amount) AS total
  FROM div_13.project_expenses
  WHERE EXTRACT(YEAR FROM expense_date) = 2023
  GROUP BY category
  ORDER BY total DESC;",project_expenses,"project_expenses.category,project_expenses.amount,project_expenses.expense_date","projects,top_n",v2_topn_expense_categories,4
Q0140,hard,"What was each employee's salary as of June 30, 2024?","  SELECT e.first_name, e.last_name, es.amount AS salary
  FROM div_19.employees e
  JOIN div_19.employee_salaries es ON es.employee_id = e.employee_id
  WHERE es.effective_date = (
    SELECT MAX(es2.effective_date)
    FROM div_19.employee_salaries es2
    WHERE es2.employee_id = e.employee_id
      AND es2.effective_date <= DATE '2024-06-30'
  );","employee_salaries,employees","employee_salaries.amount,employee_salaries.effective_date,employees.first_name","hr,temporal,scd2",v2_scd2_salary_at_date,8
Q0141,hard,"Segment customers by credit limit: premium, standard, or basic?","  SELECT
    CASE
      WHEN credit_limit > 50000 THEN 'premium'
      WHEN credit_limit > 10000 THEN 'standard'
      ELSE 'basic'
    END AS segment,
    COUNT(*) AS customer_count,
    ROUND(AVG(credit_limit), 2) AS avg_credit_limit
  FROM div_13.customers
  GROUP BY segment
  ORDER BY avg_credit_limit DESC;",customers,"customers.credit_limit,customers.name","sales,case_bucket",v2_case_customer_segment,26
Q0142,hard,Year-over-year headcount comparison for 2022 vs prior year?,"  WITH yearly AS (
    SELECT 2022 AS yr, COUNT(*) AS hc
    FROM div_04.employees
    WHERE hire_date <= DATE '2022-12-31'
      AND (termination_date IS NULL OR termination_date > DATE '2022-01-01')
    UNION ALL
    SELECT 2022 - 1 AS yr, COUNT(*) AS hc
    FROM div_04.employees
    WHERE hire_date <= DATE '2022-01-01'
      AND (termination_date IS NULL OR termination_date > DATE ((2022-1)::TEXT || '-01-01'))
  )
  SELECT * FROM yearly ORDER BY yr;",employees,"employees.hire_date,employees.termination_date","hr,temporal,yoy",v2_yoy_headcount,34
Q0143,hard,Net intercompany balance between divisions for corporate?,"  SELECT from_division, to_division,
         SUM(amount) AS total_transferred,
         COUNT(*) AS txn_count
  FROM div_18.corp_intercompany_txns
  WHERE status_code = 'AP'
  GROUP BY from_division, to_division
  ORDER BY total_transferred DESC;",corp_intercompany_txns,"corp_intercompany_txns.from_division,corp_intercompany_txns.to_division,corp_intercompany_txns.amount","corporate,cross_module",v2_corp_intercompany,24
Q0144,hard,"How many employees were active on January 1, 2021?","  SELECT COUNT(*) AS active_count
  FROM div_04.employees
  WHERE hire_date <= DATE '2021-01-01'
    AND (termination_date IS NULL OR termination_date > DATE '2021-01-01');",employees,"employees.hire_date,employees.termination_date","hr,temporal,scd2",v2_scd2_active_employees_at_date,8
Q0145,medium,Billing milestones past due and not yet invoiced for services?,"  SELECT sow.sow_number, bm.description, bm.amount, bm.due_date
  FROM div_10.svc_billing_milestones bm
  JOIN div_10.svc_statements_of_work sow ON sow.sow_id = bm.sow_id
  WHERE bm.due_date < CURRENT_DATE AND bm.invoice_date IS NULL
  ORDER BY bm.due_date;","svc_billing_milestones,svc_statements_of_work","svc_billing_milestones.due_date,svc_billing_milestones.invoice_date,svc_billing_milestones.amount","services,value_mapping",v2_svc_overdue_milestones,23
Q0146,extra_hard,All sub-departments under Finance at any level?,"  WITH RECURSIVE dept_tree AS (
    SELECT department_id, name, parent_department_id, 1 AS level
    FROM div_05.departments
    WHERE name = 'Finance'
    UNION ALL
    SELECT d.department_id, d.name, d.parent_department_id, dt.level + 1
    FROM div_05.departments d
    JOIN dept_tree dt ON dt.department_id = d.parent_department_id
  )
  SELECT name, level
  FROM dept_tree
  WHERE level > 1
  ORDER BY level, name;",departments,"departments.department_id,departments.name,departments.parent_department_id","hr,recursive,hierarchy",v2_recursive_dept_hierarchy,31
Q0147,medium,How many work orders are there by status?,"  SELECT lc.meaning AS status, COUNT(*) AS wo_count
  FROM div_05.mfg_work_orders wo
  JOIN div_05.lookup_codes lc ON lc.code = wo.status_code AND lc.domain = 'WO_STATUS'
  GROUP BY lc.meaning
  ORDER BY wo_count DESC;","mfg_work_orders,lookup_codes","mfg_work_orders.status_code,lookup_codes.meaning","manufacturing,lookup",v2_coded_wo_status,7
Q0148,extra_hard,Full business unit hierarchy from the top level?,"  WITH RECURSIVE bu_tree AS (
    SELECT unit_id, name, parent_unit_id, 1 AS level
    FROM div_11.business_units
    WHERE parent_unit_id IS NULL
    UNION ALL
    SELECT bu.unit_id, bu.name, bu.parent_unit_id, bt.level + 1
    FROM div_11.business_units bu
    JOIN bu_tree bt ON bt.unit_id = bu.parent_unit_id
  )
  SELECT name, level
  FROM bu_tree
  ORDER BY level, name;",business_units,"business_units.unit_id,business_units.name,business_units.parent_unit_id","admin,recursive,hierarchy",v2_recursive_bu_hierarchy,31
Q0149,medium,Billing milestones past due and not yet invoiced for services?,"  SELECT sow.sow_number, bm.description, bm.amount, bm.due_date
  FROM div_08.svc_billing_milestones bm
  JOIN div_08.svc_statements_of_work sow ON sow.sow_id = bm.sow_id
  WHERE bm.due_date < CURRENT_DATE AND bm.invoice_date IS NULL
  ORDER BY bm.due_date;","svc_billing_milestones,svc_statements_of_work","svc_billing_milestones.due_date,svc_billing_milestones.invoice_date,svc_billing_milestones.amount","services,value_mapping",v2_svc_overdue_milestones,23
Q0150,easy,Products that have no assigned supplier?,"  SELECT p.product_id, p.name, p.sku
  FROM div_11.products p
  LEFT JOIN div_11.product_suppliers ps ON ps.product_id = p.product_id
  WHERE ps.supplier_id IS NULL;","products,product_suppliers","products.product_id,products.name","inventory,left_join",v2_leftjoin_products_no_supplier,11
Q0151,easy,Total net pay by pay period for 2022?,"  SELECT h.pay_period_start, h.pay_period_end, SUM(l.net_pay) AS total_net_pay
  FROM div_04.payroll_run_hdr h
  JOIN div_04.payroll_run_line l ON l.run_id = h.run_id
  WHERE EXTRACT(YEAR FROM h.pay_period_start) = 2022
  GROUP BY h.pay_period_start, h.pay_period_end
  ORDER BY h.pay_period_start;","payroll_run_hdr,payroll_run_line","payroll_run_hdr.pay_period_start,payroll_run_line.net_pay","hr,payroll,aggregation",v2_agg_payroll_by_period,2
Q0152,ambiguous,What's the total for this month?,AMBIGUOUS,,,"ambiguous,missing_context",v2_ambig_a2_whats_the_total,A2
Q0153,easy,Count of inventory adjustments by reason in 2024?,"  SELECT reason, COUNT(*) AS adjustment_count
  FROM div_06.inventory_adjustments
  WHERE EXTRACT(YEAR FROM adjustment_date) = 2024
  GROUP BY reason;",inventory_adjustments,"inventory_adjustments.reason,inventory_adjustments.adjustment_date","inventory,aggregation",v2_agg_adjustments_by_reason,2
Q0154,medium,Total POS sales by payment method for retail division div_14?,"  SELECT pay_mthd_cd, COUNT(*) AS txn_count,
         SUM(tot_amt) AS total_sales
  FROM div_14.zz_pos_trnx
  GROUP BY pay_mthd_cd
  ORDER BY total_sales DESC;",zz_pos_trnx,"zz_pos_trnx.pay_mthd_cd,zz_pos_trnx.tot_amt","retail,dirty_naming",v2_dirty_rtl_pos_sales,27
Q0155,medium,Employee utilization rate by week in 2023?,"  SELECT e.employee_id, DATE_TRUNC('week', t.week_start_date) AS week_start,
         ROUND(SUM(te.hours) / 40.0, 2) AS utilization
  FROM div_05.timesheets t
  JOIN div_05.timesheet_entries te ON te.timesheet_id = t.timesheet_id
  JOIN div_05.employees e ON e.employee_id = t.employee_id
  WHERE EXTRACT(YEAR FROM t.week_start_date) = 2023
  GROUP BY e.employee_id, week_start;","timesheet_entries,timesheets,employees","timesheet_entries.hours,timesheets.week_start_date","projects,hr,rate",v2_rate_employee_utilization,29
Q0156,ambiguous,What's the current status?,AMBIGUOUS,,,"ambiguous,missing_context",v2_ambig_a2_show_status,A2
Q0157,ambiguous,How does our pricing compare to competitors?,AMBIGUOUS,,,"ambiguous,unanswerable",v2_ambig_a4_competitor_pricing,A4
Q0158,easy,List all inactive vendors.,"  SELECT vendor_id, name
  FROM div_04.vendors
  WHERE is_active = FALSE;",vendors,vendors.is_active,"procurement,lookup",v2_lookup_inactive_vendors,1
Q0159,ambiguous,Show me the accounts.,AMBIGUOUS,,,"ambiguous,underspecified",v2_ambig_a1_show_accounts,A1
Q0160,ambiguous,Show employee headcount by department.,AMBIGUOUS,,,"ambiguous,cross_division",v2_ambig_a3_headcount_by_dept,A3
Q0161,extra_hard,Month-over-month headcount change for 2022?,"  WITH months AS (
    SELECT generate_series(1, 12) AS month_num
  ),
  headcount AS (
    SELECT m.month_num,
           COUNT(*) AS hc
    FROM months m
    JOIN div_16.employees e ON e.hire_date <= DATE '2022-12-31'
      AND (DATE '2022-01-01' + (m.month_num - 1) * INTERVAL '1 month') >= e.hire_date
      AND (e.termination_date IS NULL
           OR e.termination_date > DATE '2022-01-01' + (m.month_num - 1) * INTERVAL '1 month')
    GROUP BY m.month_num
  )
  SELECT month_num, hc,
         hc - LAG(hc) OVER (ORDER BY month_num) AS change
  FROM headcount
  ORDER BY month_num;",employees,"employees.hire_date,employees.termination_date","hr,window,temporal",v2_window_lag_headcount,14
Q0162,medium,Average days from PO to goods receipt by vendor in 2024?,"  SELECT v.name, ROUND(AVG(gr.receipt_date - po.order_date), 2) AS avg_days
  FROM div_03.purchase_orders po
  JOIN div_03.goods_receipts gr ON gr.po_id = po.po_id
  JOIN div_03.vendors v ON v.vendor_id = po.vendor_id
  WHERE EXTRACT(YEAR FROM po.order_date) = 2024
  GROUP BY v.name
  ORDER BY avg_days;","purchase_orders,goods_receipts,vendors","purchase_orders.order_date,goods_receipts.receipt_date,vendors.name","procurement,date_arithmetic",v2_date_po_to_receipt,28
Q0163,medium,Average days from requisition to purchase order for 2022?,"  SELECT ROUND(AVG(po.order_date - pr.request_date), 2) AS avg_days
  FROM div_20.purchase_requisitions pr
  JOIN div_20.purchase_orders po ON po.requisition_id = pr.requisition_id
  WHERE EXTRACT(YEAR FROM pr.request_date) = 2022;","purchase_requisitions,purchase_orders","purchase_requisitions.request_date,purchase_orders.order_date","procurement,date_arithmetic",v2_date_req_to_po,28
Q0164,extra_hard,Sales order count by state for 2021?,"  SELECT s.name AS state, COUNT(*) AS order_count
  FROM div_01.sales_orders so
  JOIN div_01.customers c ON c.customer_id = so.customer_id
  LEFT JOIN div_01.addresses a ON a.address_id = c.billing_address_id
  LEFT JOIN div_01.cities ci ON ci.city_id = a.city_id
  LEFT JOIN div_01.states_provinces s ON s.state_id = ci.state_id
  WHERE EXTRACT(YEAR FROM so.order_date) = 2021
  GROUP BY s.name
  ORDER BY order_count DESC;","sales_orders,customers,addresses,cities,states_provinces","sales_orders.order_date,states_provinces.name","sales,geography,multi_hop",v2_multihop_sales_by_state,33
Q0165,easy,What are the bank transaction totals by type for 2022?,"  SELECT transaction_type, SUM(amount) AS total_amount
  FROM div_06.bank_transactions
  WHERE EXTRACT(YEAR FROM transaction_date) = 2022
  GROUP BY transaction_type;",bank_transactions,"bank_transactions.transaction_type,bank_transactions.amount,bank_transactions.transaction_date","finance,aggregation",v2_agg_bank_tx_by_type,2
Q0166,medium,Total contract value by customer for services division div_07?,"  SELECT c.name, SUM(sow.tot_amt) AS total_value, COUNT(*) AS sow_count
  FROM div_07.zz_svc_sow sow
  JOIN div_07.customers c ON c.customer_id = sow.cust_nbr
  GROUP BY c.name
  ORDER BY total_value DESC
  LIMIT 10;","zz_svc_sow,customers","zz_svc_sow.tot_amt,zz_svc_sow.cust_nbr,customers.name","services,dirty_naming",v2_dirty_svc_sow_value,27
Q0167,medium,Total contract value by customer for services division div_09?,"  SELECT c.name, SUM(sow.tot_amt) AS total_value, COUNT(*) AS sow_count
  FROM div_09.zz_svc_sow sow
  JOIN div_09.customers c ON c.customer_id = sow.cust_nbr
  GROUP BY c.name
  ORDER BY total_value DESC
  LIMIT 10;","zz_svc_sow,customers","zz_svc_sow.tot_amt,zz_svc_sow.cust_nbr,customers.name","services,dirty_naming",v2_dirty_svc_sow_value,27
Q0168,extra_hard,Total depreciation by fiscal period for 2023?,"  SELECT fp.start_date, fp.end_date, SUM(de.amount) AS total_depreciation
  FROM div_03.depreciation_entries de
  JOIN div_03.fiscal_periods fp ON fp.period_id = de.period_id
  WHERE EXTRACT(YEAR FROM fp.start_date) = 2023
  GROUP BY fp.start_date, fp.end_date
  ORDER BY fp.start_date;","depreciation_entries,fiscal_periods","depreciation_entries.amount,fiscal_periods.start_date","assets,finance,composite_key",v2_composite_depreciation_by_period,20
Q0169,medium,What is the total invoice amount for 2021?,"  SELECT SUM(amount) AS total_amount
  FROM div_18.finance_ar_invoices
  WHERE EXTRACT(YEAR FROM invoice_date) = 2021;",finance_ar_invoices,"finance_ar_invoices.amount,finance_ar_invoices.invoice_date","finance,ambiguous_entity",v2_ambig_entity_total_invoices,22
Q0170,medium,What is the purchase order approval rate for 2021?,"  SELECT
    ROUND(100.0 * SUM(CASE WHEN status = 'approved' THEN 1 ELSE 0 END) / COUNT(*), 2) AS approval_pct
  FROM div_12.procurement_po_approvals
  WHERE EXTRACT(YEAR FROM approval_date) = 2021;",procurement_po_approvals,"procurement_po_approvals.status,procurement_po_approvals.approval_date","procurement,value_mapping",v2_implicit_val_po_approval,23
Q0171,medium,Total POS sales by payment method for retail division div_12?,"  SELECT pay_mthd_cd, COUNT(*) AS txn_count,
         SUM(tot_amt) AS total_sales
  FROM div_12.zz_pos_trnx
  GROUP BY pay_mthd_cd
  ORDER BY total_sales DESC;",zz_pos_trnx,"zz_pos_trnx.pay_mthd_cd,zz_pos_trnx.tot_amt","retail,dirty_naming",v2_dirty_rtl_pos_sales,27
Q0172,medium,Who are the primary contacts for all customers?,"  SELECT c.name AS customer, cc.first_name || ' ' || cc.last_name AS contact, cc.email
  FROM div_17.customers c
  JOIN div_17.customer_contacts cc ON cc.customer_id = c.customer_id
  WHERE cc.is_primary = TRUE
  ORDER BY c.name;","customers,customer_contacts","customer_contacts.is_primary,customer_contacts.first_name,customer_contacts.last_name","sales,value_grounding",v2_join_val_primary_contacts,3
Q0173,medium,Average time to close support cases in 2022?,"  SELECT ROUND(AVG(EXTRACT(EPOCH FROM (updated_at - opened_at)) / 3600), 2) AS avg_close_hours
  FROM div_18.cust_srv_case
  WHERE status = 'closed'
    AND EXTRACT(YEAR FROM opened_at) = 2022;",cust_srv_case,"cust_srv_case.opened_at,cust_srv_case.updated_at","support,rate",v2_rate_sla_resolution,29
Q0174,hard,Revenue by product category for 2024?,"  SELECT pc.name AS category, SUM(ol.quantity * ol.unit_price) AS revenue
  FROM div_20.order_lines ol
  JOIN div_20.sales_orders so ON so.order_id = ol.order_id
  JOIN div_20.products p ON p.product_id = ol.product_id
  JOIN div_20.product_categories pc ON pc.category_id = p.category_id
  WHERE EXTRACT(YEAR FROM so.order_date) = 2024
  GROUP BY pc.name
  ORDER BY revenue DESC;","order_lines,sales_orders,products,product_categories","order_lines.quantity,order_lines.unit_price,product_categories.name","sales,multi_join",v2_chain3_revenue_by_category,6
Q0175,hard,Total inventory units moved by product category in 2021?,"  SELECT pc.name, SUM(it.quantity) AS total_moved
  FROM div_10.inventory_transactions it
  JOIN div_10.products p ON p.product_id = it.product_id
  JOIN div_10.product_categories pc ON pc.category_id = p.category_id
  WHERE EXTRACT(YEAR FROM it.transaction_date) = 2021
  GROUP BY pc.name
  ORDER BY total_moved DESC;","inventory_transactions,products,product_categories","inventory_transactions.quantity,inventory_transactions.transaction_date,product_categories.name","inventory,multi_join",v2_chain3_inventory_by_category,6
Q0176,extra_hard,"Show 2024 revenue as columns Q1, Q2, Q3, Q4?","  SELECT
    SUM(CASE WHEN EXTRACT(QUARTER FROM so.order_date) = 1 THEN ol.quantity * ol.unit_price ELSE 0 END) AS q1,
    SUM(CASE WHEN EXTRACT(QUARTER FROM so.order_date) = 2 THEN ol.quantity * ol.unit_price ELSE 0 END) AS q2,
    SUM(CASE WHEN EXTRACT(QUARTER FROM so.order_date) = 3 THEN ol.quantity * ol.unit_price ELSE 0 END) AS q3,
    SUM(CASE WHEN EXTRACT(QUARTER FROM so.order_date) = 4 THEN ol.quantity * ol.unit_price ELSE 0 END) AS q4
  FROM div_04.order_lines ol
  JOIN div_04.sales_orders so ON so.order_id = ol.order_id
  WHERE EXTRACT(YEAR FROM so.order_date) = 2024;","order_lines,sales_orders","order_lines.quantity,order_lines.unit_price,sales_orders.order_date","sales,pivot",v2_pivot_quarterly_revenue,30
Q0177,medium,Work order count by status in manufacturing division div_04?,"  SELECT lc.meaning AS status, COUNT(*) AS wo_count
  FROM div_04.xx_mfg_wo wo
  JOIN div_04.lookup_codes lc ON lc.code = wo.sts_cd AND lc.domain = 'WO_STATUS'
  GROUP BY lc.meaning
  ORDER BY wo_count DESC;","xx_mfg_wo,lookup_codes","xx_mfg_wo.sts_cd,lookup_codes.meaning","manufacturing,dirty_naming,lookup",v2_dirty_mfg_wo_status,27
Q0178,hard,Which customers have never placed a sales order?,"  SELECT c.customer_id, c.name
  FROM div_10.customers c
  WHERE NOT EXISTS (
    SELECT 1 FROM div_10.sales_orders so
    WHERE so.customer_id = c.customer_id
  );","customers,sales_orders","customers.customer_id,customers.name","sales,anti_join",v2_antijoin_customers_no_orders,9
Q0179,ambiguous,Show me the latest records.,AMBIGUOUS,,,"ambiguous,underspecified",v2_ambig_a1_show_records,A1
Q0180,extra_hard,Vendors who had purchase orders last year but not in 2021?,"  SELECT DISTINCT v.vendor_id, v.name
  FROM div_05.purchase_orders po
  JOIN div_05.vendors v ON v.vendor_id = po.vendor_id
  WHERE EXTRACT(YEAR FROM po.order_date) = 2021 - 1
  EXCEPT
  SELECT DISTINCT v.vendor_id, v.name
  FROM div_05.purchase_orders po
  JOIN div_05.vendors v ON v.vendor_id = po.vendor_id
  WHERE EXTRACT(YEAR FROM po.order_date) = 2021;","purchase_orders,vendors","purchase_orders.vendor_id,purchase_orders.order_date","procurement,except",v2_except_vendors_lost,16
Q0181,medium,Quarterly revenue breakdown for 2021?,"  SELECT
    EXTRACT(QUARTER FROM so.order_date) AS quarter,
    SUM(ol.quantity * ol.unit_price) AS revenue
  FROM div_09.order_lines ol
  JOIN div_09.sales_orders so ON so.order_id = ol.order_id
  WHERE EXTRACT(YEAR FROM so.order_date) = 2021
  GROUP BY quarter
  ORDER BY quarter;","order_lines,sales_orders","order_lines.quantity,order_lines.unit_price,sales_orders.order_date","sales,header_line",v2_hdr_quarterly_revenue,5
Q0182,medium,How many open cases are there by priority?,"  SELECT priority, COUNT(*) AS case_count
  FROM div_07.cust_srv_case
  WHERE status IN ('open','pending')
  GROUP BY priority;",cust_srv_case,"cust_srv_case.status,cust_srv_case.priority","support,ambiguous_entity",v2_ambig_entity_open_cases,22
Q0183,medium,Top 5 vendors by total purchase order spend in 2021?,"  SELECT v.name, SUM(po.total) AS total_spend
  FROM div_16.purchase_orders po
  JOIN div_16.vendors v ON v.vendor_id = po.vendor_id
  WHERE EXTRACT(YEAR FROM po.order_date) = 2021
  GROUP BY v.name
  ORDER BY total_spend DESC
  LIMIT 5;","purchase_orders,vendors","purchase_orders.total,purchase_orders.order_date,vendors.name","procurement,top_n",v2_topn_vendors_by_spend,4
Q0184,medium,Sales orders shipped after their planned ship date in 2021?,"  SELECT order_id, customer_id, order_date, ship_date
  FROM div_18.sales_orders
  WHERE ship_date IS NOT NULL
    AND ship_date > order_date
    AND EXTRACT(YEAR FROM order_date) = 2021;",sales_orders,"sales_orders.ship_date,sales_orders.order_date","sales,date_arithmetic",v2_date_shipment_delay,28
Q0185,hard,Year-over-year purchase order count change comparing 2021 vs prior year?,"  WITH yearly AS (
    SELECT EXTRACT(YEAR FROM order_date) AS yr, COUNT(*) AS po_count
    FROM div_20.purchase_orders
    WHERE EXTRACT(YEAR FROM order_date) IN (2021, 2021 - 1)
    GROUP BY yr
  )
  SELECT
    cur.po_count AS current_year,
    prev.po_count AS prior_year,
    cur.po_count - prev.po_count AS change,
    ROUND(100.0 * (cur.po_count - prev.po_count) / NULLIF(prev.po_count, 0), 2) AS change_pct
  FROM yearly cur
  JOIN yearly prev ON cur.yr = prev.yr + 1;",purchase_orders,purchase_orders.order_date,"procurement,temporal,yoy",v2_yoy_po_volume,34
Q0186,medium,Show all high and critical priority work orders.,"  SELECT wo.work_order_id, wo.work_order_number, lc.meaning AS priority
  FROM div_03.mfg_work_orders wo
  JOIN div_03.lookup_codes lc ON lc.code = wo.priority_code AND lc.domain = 'PRIORITY'
  WHERE lc.meaning IN ('High', 'Critical');","mfg_work_orders,lookup_codes","mfg_work_orders.priority_code,lookup_codes.meaning","manufacturing,lookup",v2_coded_priority_filter,7
Q0187,medium,Open audit findings by severity and type for corporate?,"  SELECT audit_type, severity, COUNT(*) AS finding_count
  FROM div_16.corp_audit_findings
  WHERE status_code IN ('OP', 'IP')
  GROUP BY audit_type, severity
  ORDER BY severity, finding_count DESC;",corp_audit_findings,"corp_audit_findings.severity,corp_audit_findings.audit_type,corp_audit_findings.status_code","corporate,ambiguous_entity",v2_corp_audit_findings,22
Q0188,easy,Timesheets awaiting approval in 2021?,"  SELECT timesheet_id, employee_id, week_start_date, status
  FROM div_15.timesheets
  WHERE status = 'submitted'
    AND EXTRACT(YEAR FROM week_start_date) = 2021;",timesheets,"timesheets.status,timesheets.week_start_date","projects,lookup",v2_lookup_submitted_timesheets,1
Q0189,medium,Work order count by status in manufacturing division div_04?,"  SELECT lc.meaning AS status, COUNT(*) AS wo_count
  FROM div_04.xx_mfg_wo wo
  JOIN div_04.lookup_codes lc ON lc.code = wo.sts_cd AND lc.domain = 'WO_STATUS'
  GROUP BY lc.meaning
  ORDER BY wo_count DESC;","xx_mfg_wo,lookup_codes","xx_mfg_wo.sts_cd,lookup_codes.meaning","manufacturing,dirty_naming,lookup",v2_dirty_mfg_wo_status,27
Q0190,medium,Who are the primary contacts for all customers?,"  SELECT c.name AS customer, cc.first_name || ' ' || cc.last_name AS contact, cc.email
  FROM div_09.customers c
  JOIN div_09.customer_contacts cc ON cc.customer_id = c.customer_id
  WHERE cc.is_primary = TRUE
  ORDER BY c.name;","customers,customer_contacts","customer_contacts.is_primary,customer_contacts.first_name,customer_contacts.last_name","sales,value_grounding",v2_join_val_primary_contacts,3
Q0191,ambiguous,Show all orders across divisions.,AMBIGUOUS,,,"ambiguous,cross_division",v2_ambig_a3_show_all_orders,A3
Q0192,hard,Total maintenance cost by asset category in 2024?,"  SELECT ac.name, SUM(am.cost) AS total_cost
  FROM div_05.asset_maintenance am
  JOIN div_05.fixed_assets fa ON fa.asset_id = am.asset_id
  JOIN div_05.asset_categories ac ON ac.category_id = fa.category_id
  WHERE EXTRACT(YEAR FROM am.scheduled_date) = 2024
  GROUP BY ac.name;","asset_maintenance,fixed_assets,asset_categories","asset_maintenance.cost,asset_categories.name","assets,multi_join",v2_chain3_maintenance_by_category,6
Q0193,extra_hard,Full business unit hierarchy from the top level?,"  WITH RECURSIVE bu_tree AS (
    SELECT unit_id, name, parent_unit_id, 1 AS level
    FROM div_16.business_units
    WHERE parent_unit_id IS NULL
    UNION ALL
    SELECT bu.unit_id, bu.name, bu.parent_unit_id, bt.level + 1
    FROM div_16.business_units bu
    JOIN bu_tree bt ON bt.unit_id = bu.parent_unit_id
  )
  SELECT name, level
  FROM bu_tree
  ORDER BY level, name;",business_units,"business_units.unit_id,business_units.name,business_units.parent_unit_id","admin,recursive,hierarchy",v2_recursive_bu_hierarchy,31
Q0194,ambiguous,Show employee headcount by department.,AMBIGUOUS,,,"ambiguous,cross_division",v2_ambig_a3_headcount_by_dept,A3
Q0195,extra_hard,Month-over-month AP invoice volume change for 2022?,"  WITH monthly AS (
    SELECT DATE_TRUNC('month', invoice_date) AS month,
           SUM(amount) AS total_amount
    FROM div_07.finance_ap_invoices
    WHERE EXTRACT(YEAR FROM invoice_date) = 2022
    GROUP BY month
  )
  SELECT month, total_amount,
         total_amount - LAG(total_amount) OVER (ORDER BY month) AS change
  FROM monthly
  ORDER BY month;",finance_ap_invoices,"finance_ap_invoices.invoice_date,finance_ap_invoices.amount","finance,window,temporal",v2_window_lag_ap_volume,14
Q0196,extra_hard,Products sold in 2021 but not in the prior year?,"  SELECT DISTINCT p.product_id, p.name
  FROM div_18.order_lines ol
  JOIN div_18.sales_orders so ON so.order_id = ol.order_id
  JOIN div_18.products p ON p.product_id = ol.product_id
  WHERE EXTRACT(YEAR FROM so.order_date) = 2021
  EXCEPT
  SELECT DISTINCT p.product_id, p.name
  FROM div_18.order_lines ol
  JOIN div_18.sales_orders so ON so.order_id = ol.order_id
  JOIN div_18.products p ON p.product_id = ol.product_id
  WHERE EXTRACT(YEAR FROM so.order_date) = 2021 - 1;","order_lines,sales_orders,products","order_lines.product_id,sales_orders.order_date","sales,except",v2_except_products_not_in_year,16
Q0197,medium,Total POS sales by payment method for retail division div_12?,"  SELECT pay_mthd_cd, COUNT(*) AS txn_count,
         SUM(tot_amt) AS total_sales
  FROM div_12.zz_pos_trnx
  GROUP BY pay_mthd_cd
  ORDER BY total_sales DESC;",zz_pos_trnx,"zz_pos_trnx.pay_mthd_cd,zz_pos_trnx.tot_amt","retail,dirty_naming",v2_dirty_rtl_pos_sales,27
Q0198,hard,Net intercompany balance between divisions for corporate?,"  SELECT from_division, to_division,
         SUM(amount) AS total_transferred,
         COUNT(*) AS txn_count
  FROM div_20.corp_intercompany_txns
  WHERE status_code = 'AP'
  GROUP BY from_division, to_division
  ORDER BY total_transferred DESC;",corp_intercompany_txns,"corp_intercompany_txns.from_division,corp_intercompany_txns.to_division,corp_intercompany_txns.amount","corporate,cross_module",v2_corp_intercompany,24
Q0199,medium,Total POS sales by payment method for retail division div_14?,"  SELECT pay_mthd_cd, COUNT(*) AS txn_count,
         SUM(tot_amt) AS total_sales
  FROM div_14.zz_pos_trnx
  GROUP BY pay_mthd_cd
  ORDER BY total_sales DESC;",zz_pos_trnx,"zz_pos_trnx.pay_mthd_cd,zz_pos_trnx.tot_amt","retail,dirty_naming",v2_dirty_rtl_pos_sales,27
Q0200,hard,"Order-to-cash pipeline: customers, orders, invoices, and payments for 2022?","  SELECT c.name AS customer,
         so.order_id,
         SUM(ol.quantity * ol.unit_price) AS order_total,
         ar.invoice_number,
         ar.amount AS invoice_amount,
         p.payment_date,
         p.amount AS payment_amount
  FROM div_18.customers c
  JOIN div_18.sales_orders so ON so.customer_id = c.customer_id
  JOIN div_18.order_lines ol ON ol.order_id = so.order_id
  JOIN div_18.finance_ar_invoices ar ON ar.customer_id = c.customer_id
  LEFT JOIN div_18.finance_ar_payments p ON p.ar_invoice_id = ar.ar_invoice_id
  WHERE EXTRACT(YEAR FROM so.order_date) = 2022
  GROUP BY c.name, so.order_id, ar.invoice_number, ar.amount, p.payment_date, p.amount
  LIMIT 50;","customers,sales_orders,order_lines,finance_ar_invoices,finance_ar_payments","customers.name,sales_orders.order_date,finance_ar_payments.payment_date","sales,finance,cross_module",v2_cross_mod_order_to_cash,24
Q0201,medium,How many orders were placed last quarter?,"  SELECT COUNT(*) AS order_count
  FROM div_10.sales_orders
  WHERE order_date >= DATE_TRUNC('quarter', CURRENT_DATE - INTERVAL '3 months')
    AND order_date < DATE_TRUNC('quarter', CURRENT_DATE);",sales_orders,sales_orders.order_date,"sales,ambiguous_entity",v2_ambig_entity_orders_quarterly,22
Q0202,medium,Top 20 products by revenue in 2022?,"  SELECT p.name, SUM(ol.quantity * ol.unit_price) AS revenue
  FROM div_05.order_lines ol
  JOIN div_05.sales_orders so ON so.order_id = ol.order_id
  JOIN div_05.products p ON p.product_id = ol.product_id
  WHERE EXTRACT(YEAR FROM so.order_date) = 2022
  GROUP BY p.name
  ORDER BY revenue DESC
  LIMIT 20;","order_lines,sales_orders,products","order_lines.quantity,order_lines.unit_price,products.name","sales,top_n",v2_topn_products_by_revenue,4
Q0203,hard,Vendor delivery performance: on-time vs late for 2023?,"  WITH delivery AS (
    SELECT v.name AS vendor,
           CASE WHEN gr.receipt_date <= po.order_date + 14 THEN 'on_time' ELSE 'late' END AS status
    FROM div_11.purchase_orders po
    JOIN div_11.goods_receipts gr ON gr.po_id = po.po_id
    JOIN div_11.vendors v ON v.vendor_id = po.vendor_id
    WHERE EXTRACT(YEAR FROM po.order_date) = 2023
  )
  SELECT vendor,
         COUNT(*) FILTER (WHERE status = 'on_time') AS on_time,
         COUNT(*) FILTER (WHERE status = 'late') AS late,
         ROUND(100.0 * COUNT(*) FILTER (WHERE status = 'on_time') / COUNT(*), 2) AS on_time_pct
  FROM delivery
  GROUP BY vendor
  ORDER BY on_time_pct DESC;","purchase_orders,goods_receipts,vendors","purchase_orders.order_date,goods_receipts.receipt_date,vendors.name","procurement,cte",v2_cte_vendor_delivery_perf,19
Q0204,medium,How many benefit elections by coverage level in 2021?,"  SELECT coverage_level, COUNT(*) AS elections
  FROM div_02.hr_benefit_elections
  WHERE EXTRACT(YEAR FROM election_date) = 2021
  GROUP BY coverage_level;",hr_benefit_elections,"hr_benefit_elections.coverage_level,hr_benefit_elections.election_date","hr,value_grounding",v2_join_val_benefit_elections,3
Q0205,medium,Average days from RFQ to vendor response in 2023?,"  SELECT ROUND(AVG(r.response_date - q.rfq_date), 2) AS avg_days
  FROM div_20.procurement_rfqs q
  JOIN div_20.procurement_rfq_responses r ON r.rfq_id = q.rfq_id
  WHERE EXTRACT(YEAR FROM q.rfq_date) = 2023;","procurement_rfqs,procurement_rfq_responses","procurement_rfqs.rfq_date,procurement_rfq_responses.response_date","procurement,date_arithmetic",v2_date_rfq_response,28
Q0206,extra_hard,List all departments with their parent department names.,"  SELECT d.name AS department, pd.name AS parent_department
  FROM div_14.departments d
  LEFT JOIN div_14.departments pd ON pd.department_id = d.parent_department_id
  ORDER BY d.name;",departments,"departments.department_id,departments.name,departments.parent_department_id","hr,self_join,hierarchy",v2_selfjoin_dept_parent,18
Q0207,medium,Who is the manager of the Engineering department?,"  SELECT e.first_name, e.last_name, e.email
  FROM div_03.departments d
  JOIN div_03.employees e ON e.employee_id = d.manager_id
  WHERE d.name = 'Engineering';","employees,departments","employees.first_name,employees.last_name,departments.name","hr,value_grounding",v2_join_val_dept_manager,3
Q0208,hard,Total inventory units moved by product category in 2022?,"  SELECT pc.name, SUM(it.quantity) AS total_moved
  FROM div_06.inventory_transactions it
  JOIN div_06.products p ON p.product_id = it.product_id
  JOIN div_06.product_categories pc ON pc.category_id = p.category_id
  WHERE EXTRACT(YEAR FROM it.transaction_date) = 2022
  GROUP BY pc.name
  ORDER BY total_moved DESC;","inventory_transactions,products,product_categories","inventory_transactions.quantity,inventory_transactions.transaction_date,product_categories.name","inventory,multi_join",v2_chain3_inventory_by_category,6
Q0209,hard,"Aged AR receivables in buckets (0-30, 31-60, 61-90, 90+) for 2021?","  SELECT
    CASE
      WHEN CURRENT_DATE - due_date <= 30 THEN '0-30'
      WHEN CURRENT_DATE - due_date <= 60 THEN '31-60'
      WHEN CURRENT_DATE - due_date <= 90 THEN '61-90'
      ELSE '90+'
    END AS aging_bucket,
    COUNT(*) AS invoice_count,
    SUM(amount) AS total_amount
  FROM div_09.finance_ar_invoices
  WHERE status = 'open'
    AND EXTRACT(YEAR FROM invoice_date) = 2021
  GROUP BY aging_bucket
  ORDER BY aging_bucket;",finance_ar_invoices,"finance_ar_invoices.due_date,finance_ar_invoices.amount,finance_ar_invoices.status","finance,case_bucket",v2_case_aged_ar_buckets,26
Q0210,extra_hard,Total POS sales by payment method in retail?,"  SELECT payment_method_code, COUNT(*) AS txn_count,
         SUM(total_amount) AS total_sales
  FROM div_13.rtl_pos_transactions
  GROUP BY payment_method_code
  ORDER BY total_sales DESC;",rtl_pos_transactions,"rtl_pos_transactions.payment_method_code,rtl_pos_transactions.total_amount","retail,union",v2_union_rtl_payments,15
Q0211,easy,How many sales orders were placed each month in 2021?,"  SELECT DATE_TRUNC('month', order_date) AS month, COUNT(*) AS order_count
  FROM div_14.sales_orders
  WHERE EXTRACT(YEAR FROM order_date) = 2021
  GROUP BY month
  ORDER BY month;",sales_orders,sales_orders.order_date,"sales,aggregation",v2_agg_orders_by_month,2
Q0212,hard,Average resource allocation by role for active SOWs in services?,"  SELECT rp.role_name,
         ROUND(AVG(rp.allocation_percent), 1) AS avg_allocation,
         COUNT(*) AS assignments
  FROM div_06.svc_resource_plan rp
  JOIN div_06.svc_statements_of_work sow ON sow.sow_id = rp.sow_id
  WHERE sow.status_code = 'AC'
  GROUP BY rp.role_name
  ORDER BY avg_allocation DESC;","svc_resource_plan,svc_statements_of_work","svc_resource_plan.role_name,svc_resource_plan.allocation_percent","services,cross_module",v2_cross_mod_svc_utilization,24
Q0213,hard,Net journal amounts by cost center for 2023?,"  SELECT cc.name, SUM(jl.debit - jl.credit) AS net_amount
  FROM div_02.journal_lines jl
  JOIN div_02.journal_entries je ON je.entry_id = jl.entry_id
  JOIN div_02.cost_centers cc ON cc.cost_center_id = jl.cost_center_id
  WHERE EXTRACT(YEAR FROM je.entry_date) = 2023
  GROUP BY cc.name;","journal_lines,cost_centers,journal_entries","journal_lines.debit,journal_lines.credit,journal_entries.entry_date","finance,multi_join",v2_chain3_cost_center_spend,6
Q0214,medium,Open audit findings by severity and type for corporate?,"  SELECT audit_type, severity, COUNT(*) AS finding_count
  FROM div_20.corp_audit_findings
  WHERE status_code IN ('OP', 'IP')
  GROUP BY audit_type, severity
  ORDER BY severity, finding_count DESC;",corp_audit_findings,"corp_audit_findings.severity,corp_audit_findings.audit_type,corp_audit_findings.status_code","corporate,ambiguous_entity",v2_corp_audit_findings,22
Q0215,medium,How many work orders are there by status?,"  SELECT lc.meaning AS status, COUNT(*) AS wo_count
  FROM div_01.mfg_work_orders wo
  JOIN div_01.lookup_codes lc ON lc.code = wo.status_code AND lc.domain = 'WO_STATUS'
  GROUP BY lc.meaning
  ORDER BY wo_count DESC;","mfg_work_orders,lookup_codes","mfg_work_orders.status_code,lookup_codes.meaning","manufacturing,lookup",v2_coded_wo_status,7
Q0216,hard,Top 3 sales reps by revenue per department in 2021?,"  WITH rep_revenue AS (
    SELECT e.employee_id, e.first_name, e.last_name, d.name AS department,
           SUM(ol.quantity * ol.unit_price) AS revenue,
           RANK() OVER (PARTITION BY e.department_id ORDER BY SUM(ol.quantity * ol.unit_price) DESC) AS rnk
    FROM div_12.order_lines ol
    JOIN div_12.sales_orders so ON so.order_id = ol.order_id
    JOIN div_12.employees e ON e.employee_id = so.sales_rep_id
    JOIN div_12.departments d ON d.department_id = e.department_id
    WHERE EXTRACT(YEAR FROM so.order_date) = 2021
    GROUP BY e.employee_id, e.first_name, e.last_name, d.name, e.department_id
  )
  SELECT first_name, last_name, department, revenue, rnk
  FROM rep_revenue
  WHERE rnk <= 3
  ORDER BY department, rnk;","order_lines,sales_orders,employees,departments","order_lines.quantity,order_lines.unit_price,employees.first_name","sales,hr,window",v2_window_rank_sales_reps,13
Q0217,easy,Products that have no assigned supplier?,"  SELECT p.product_id, p.name, p.sku
  FROM div_03.products p
  LEFT JOIN div_03.product_suppliers ps ON ps.product_id = p.product_id
  WHERE ps.supplier_id IS NULL;","products,product_suppliers","products.product_id,products.name","inventory,left_join",v2_leftjoin_products_no_supplier,11
Q0218,ambiguous,What's the current balance?,AMBIGUOUS,,,"ambiguous,missing_context",v2_ambig_a2_current_balance,A2
Q0219,ambiguous,How many items do we have?,AMBIGUOUS,,,"ambiguous,underspecified",v2_ambig_a1_how_many_items,A1
Q0220,extra_hard,Month-over-month revenue change for 2022?,"  WITH monthly AS (
    SELECT DATE_TRUNC('month', so.order_date) AS month,
           SUM(ol.quantity * ol.unit_price) AS revenue
    FROM div_10.order_lines ol
    JOIN div_10.sales_orders so ON so.order_id = ol.order_id
    WHERE EXTRACT(YEAR FROM so.order_date) = 2022
    GROUP BY month
  )
  SELECT month, revenue,
         revenue - LAG(revenue) OVER (ORDER BY month) AS change,
         ROUND(100.0 * (revenue - LAG(revenue) OVER (ORDER BY month)) / NULLIF(LAG(revenue) OVER (ORDER BY month), 0), 2) AS pct_change
  FROM monthly
  ORDER BY month;","order_lines,sales_orders","order_lines.quantity,order_lines.unit_price,sales_orders.order_date","sales,window,temporal",v2_window_lag_monthly_revenue,14
Q0221,hard,Net intercompany balance between divisions for corporate?,"  SELECT from_division, to_division,
         SUM(amount) AS total_transferred,
         COUNT(*) AS txn_count
  FROM div_17.corp_intercompany_txns
  WHERE status_code = 'AP'
  GROUP BY from_division, to_division
  ORDER BY total_transferred DESC;",corp_intercompany_txns,"corp_intercompany_txns.from_division,corp_intercompany_txns.to_division,corp_intercompany_txns.amount","corporate,cross_module",v2_corp_intercompany,24
Q0222,medium,Average days from PO to goods receipt by vendor in 2021?,"  SELECT v.name, ROUND(AVG(gr.receipt_date - po.order_date), 2) AS avg_days
  FROM div_04.purchase_orders po
  JOIN div_04.goods_receipts gr ON gr.po_id = po.po_id
  JOIN div_04.vendors v ON v.vendor_id = po.vendor_id
  WHERE EXTRACT(YEAR FROM po.order_date) = 2021
  GROUP BY v.name
  ORDER BY avg_days;","purchase_orders,goods_receipts,vendors","purchase_orders.order_date,goods_receipts.receipt_date,vendors.name","procurement,date_arithmetic",v2_date_po_to_receipt,28
Q0223,hard,Vendors with more than 3 late deliveries in 2023?,"  SELECT v.vendor_id, v.name,
         (SELECT COUNT(*)
          FROM div_04.purchase_orders po
          JOIN div_04.goods_receipts gr ON gr.po_id = po.po_id
          WHERE po.vendor_id = v.vendor_id
            AND gr.receipt_date > po.order_date + 14
            AND EXTRACT(YEAR FROM po.order_date) = 2023
         ) AS late_count
  FROM div_04.vendors v
  WHERE (SELECT COUNT(*)
         FROM div_04.purchase_orders po
         JOIN div_04.goods_receipts gr ON gr.po_id = po.po_id
         WHERE po.vendor_id = v.vendor_id
           AND gr.receipt_date > po.order_date + 14
           AND EXTRACT(YEAR FROM po.order_date) = 2023
        ) > 3;","purchase_orders,goods_receipts,vendors","purchase_orders.order_date,goods_receipts.receipt_date","procurement,correlated_subquery",v2_scalar_corr_late_deliveries,32
Q0224,medium,Open audit findings by severity and type for corporate?,"  SELECT audit_type, severity, COUNT(*) AS finding_count
  FROM div_19.corp_audit_findings
  WHERE status_code IN ('OP', 'IP')
  GROUP BY audit_type, severity
  ORDER BY severity, finding_count DESC;",corp_audit_findings,"corp_audit_findings.severity,corp_audit_findings.audit_type,corp_audit_findings.status_code","corporate,ambiguous_entity",v2_corp_audit_findings,22
Q0225,medium,Total POS sales by payment method for retail division div_12?,"  SELECT pay_mthd_cd, COUNT(*) AS txn_count,
         SUM(tot_amt) AS total_sales
  FROM div_12.zz_pos_trnx
  GROUP BY pay_mthd_cd
  ORDER BY total_sales DESC;",zz_pos_trnx,"zz_pos_trnx.pay_mthd_cd,zz_pos_trnx.tot_amt","retail,dirty_naming",v2_dirty_rtl_pos_sales,27
Q0226,medium,Quarterly revenue breakdown for 2021?,"  SELECT
    EXTRACT(QUARTER FROM so.order_date) AS quarter,
    SUM(ol.quantity * ol.unit_price) AS revenue
  FROM div_04.order_lines ol
  JOIN div_04.sales_orders so ON so.order_id = ol.order_id
  WHERE EXTRACT(YEAR FROM so.order_date) = 2021
  GROUP BY quarter
  ORDER BY quarter;","order_lines,sales_orders","order_lines.quantity,order_lines.unit_price,sales_orders.order_date","sales,header_line",v2_hdr_quarterly_revenue,5
Q0227,hard,Working capital ratio (AR vs AP) for 2023?,"  WITH ar AS (
    SELECT SUM(amount) AS total_ar
    FROM div_19.finance_ar_invoices
    WHERE status = 'open' AND EXTRACT(YEAR FROM invoice_date) = 2023
  ),
  ap AS (
    SELECT SUM(amount) AS total_ap
    FROM div_19.finance_ap_invoices
    WHERE status = 'open' AND EXTRACT(YEAR FROM invoice_date) = 2023
  )
  SELECT ar.total_ar, ap.total_ap,
         ROUND(ar.total_ar / NULLIF(ap.total_ap, 0), 2) AS working_capital_ratio
  FROM ar, ap;","finance_ar_invoices,finance_ap_invoices","finance_ar_invoices.amount,finance_ap_invoices.amount","finance,cte",v2_cte_working_capital,19
Q0228,extra_hard,Total depreciation by fiscal period for 2022?,"  SELECT fp.start_date, fp.end_date, SUM(de.amount) AS total_depreciation
  FROM div_05.depreciation_entries de
  JOIN div_05.fiscal_periods fp ON fp.period_id = de.period_id
  WHERE EXTRACT(YEAR FROM fp.start_date) = 2022
  GROUP BY fp.start_date, fp.end_date
  ORDER BY fp.start_date;","depreciation_entries,fiscal_periods","depreciation_entries.amount,fiscal_periods.start_date","assets,finance,composite_key",v2_composite_depreciation_by_period,20
Q0229,medium,Work order count by status in manufacturing division div_04?,"  SELECT lc.meaning AS status, COUNT(*) AS wo_count
  FROM div_04.xx_mfg_wo wo
  JOIN div_04.lookup_codes lc ON lc.code = wo.sts_cd AND lc.domain = 'WO_STATUS'
  GROUP BY lc.meaning
  ORDER BY wo_count DESC;","xx_mfg_wo,lookup_codes","xx_mfg_wo.sts_cd,lookup_codes.meaning","manufacturing,dirty_naming,lookup",v2_dirty_mfg_wo_status,27
Q0230,hard,Gross margin by product for 2023?,"  SELECT p.name,
         SUM(ol.quantity * ol.unit_price) AS revenue,
         SUM(ol.quantity * ol.unit_price * 0.6) AS estimated_cogs,
         ROUND(SUM(ol.quantity * ol.unit_price * 0.4), 2) AS gross_margin
  FROM div_06.order_lines ol
  JOIN div_06.sales_orders so ON so.order_id = ol.order_id
  JOIN div_06.products p ON p.product_id = ol.product_id
  WHERE EXTRACT(YEAR FROM so.order_date) = 2023
  GROUP BY p.name
  ORDER BY gross_margin DESC
  LIMIT 20;","order_lines,sales_orders,products","order_lines.quantity,order_lines.unit_price,products.name","sales,finance,cte",v2_cte_gross_margin_by_product,19
Q0231,easy,List all inactive vendors.,"  SELECT vendor_id, name
  FROM div_08.vendors
  WHERE is_active = FALSE;",vendors,vendors.is_active,"procurement,lookup",v2_lookup_inactive_vendors,1
Q0232,medium,Promotion effectiveness by active promotion in retail?,"  SELECT pr.promotion_name, pr.discount_type_code,
         COUNT(*) AS line_items,
         ROUND(AVG(li.discount_amount), 2) AS avg_discount
  FROM div_13.rtl_pos_line_items li
  JOIN div_13.rtl_promotions pr ON pr.promotion_code = li.promotion_code
  WHERE pr.status_code = 'AC' AND li.promotion_code IS NOT NULL
  GROUP BY pr.promotion_name, pr.discount_type_code
  ORDER BY line_items DESC;","rtl_pos_line_items,rtl_promotions","rtl_pos_line_items.discount_amount,rtl_promotions.promotion_code","retail,rate",v2_rtl_promo_effectiveness,29
Q0233,medium,Work order count by status in manufacturing division div_04?,"  SELECT lc.meaning AS status, COUNT(*) AS wo_count
  FROM div_04.xx_mfg_wo wo
  JOIN div_04.lookup_codes lc ON lc.code = wo.sts_cd AND lc.domain = 'WO_STATUS'
  GROUP BY lc.meaning
  ORDER BY wo_count DESC;","xx_mfg_wo,lookup_codes","xx_mfg_wo.sts_cd,lookup_codes.meaning","manufacturing,dirty_naming,lookup",v2_dirty_mfg_wo_status,27
Q0234,medium,Top expense categories by total spend in 2021?,"  SELECT category, SUM(amount) AS total
  FROM div_14.project_expenses
  WHERE EXTRACT(YEAR FROM expense_date) = 2021
  GROUP BY category
  ORDER BY total DESC;",project_expenses,"project_expenses.category,project_expenses.amount,project_expenses.expense_date","projects,top_n",v2_topn_expense_categories,4
Q0235,ambiguous,List all transactions.,AMBIGUOUS,,,"ambiguous,underspecified",v2_ambig_a1_list_transactions,A1
Q0236,ambiguous,What's our revenue by region?,AMBIGUOUS,,,"ambiguous,cross_division",v2_ambig_a3_revenue_by_region,A3
Q0237,extra_hard,All sub-departments under Finance at any level?,"  WITH RECURSIVE dept_tree AS (
    SELECT department_id, name, parent_department_id, 1 AS level
    FROM div_13.departments
    WHERE name = 'Finance'
    UNION ALL
    SELECT d.department_id, d.name, d.parent_department_id, dt.level + 1
    FROM div_13.departments d
    JOIN dept_tree dt ON dt.department_id = d.parent_department_id
  )
  SELECT name, level
  FROM dept_tree
  WHERE level > 1
  ORDER BY level, name;",departments,"departments.department_id,departments.name,departments.parent_department_id","hr,recursive,hierarchy",v2_recursive_dept_hierarchy,31
Q0238,medium,What is the purchase order approval rate for 2024?,"  SELECT
    ROUND(100.0 * SUM(CASE WHEN status = 'approved' THEN 1 ELSE 0 END) / COUNT(*), 2) AS approval_pct
  FROM div_04.procurement_po_approvals
  WHERE EXTRACT(YEAR FROM approval_date) = 2024;",procurement_po_approvals,"procurement_po_approvals.status,procurement_po_approvals.approval_date","procurement,value_mapping",v2_implicit_val_po_approval,23
Q0239,medium,Average days between vendor invoice date and due date by vendor?,"  SELECT v.name, ROUND(AVG(vi.due_date - vi.invoice_date)::numeric, 2) AS avg_days
  FROM div_17.vendor_invoices vi
  JOIN div_17.vendors v ON v.vendor_id = vi.vendor_id
  GROUP BY v.name
  ORDER BY avg_days DESC;","vendor_invoices,vendors","vendor_invoices.invoice_date,vendor_invoices.due_date","procurement,date_arithmetic",v2_date_vendor_invoice_aging,28
Q0240,medium,Total POS sales by payment method for retail division div_14?,"  SELECT pay_mthd_cd, COUNT(*) AS txn_count,
         SUM(tot_amt) AS total_sales
  FROM div_14.zz_pos_trnx
  GROUP BY pay_mthd_cd
  ORDER BY total_sales DESC;",zz_pos_trnx,"zz_pos_trnx.pay_mthd_cd,zz_pos_trnx.tot_amt","retail,dirty_naming",v2_dirty_rtl_pos_sales,27
Q0241,hard,Net journal amounts by cost center for 2024?,"  SELECT cc.name, SUM(jl.debit - jl.credit) AS net_amount
  FROM div_04.journal_lines jl
  JOIN div_04.journal_entries je ON je.entry_id = jl.entry_id
  JOIN div_04.cost_centers cc ON cc.cost_center_id = jl.cost_center_id
  WHERE EXTRACT(YEAR FROM je.entry_date) = 2024
  GROUP BY cc.name;","journal_lines,cost_centers,journal_entries","journal_lines.debit,journal_lines.credit,journal_entries.entry_date","finance,multi_join",v2_chain3_cost_center_spend,6
Q0242,medium,Work order count by status in manufacturing division div_04?,"  SELECT lc.meaning AS status, COUNT(*) AS wo_count
  FROM div_04.xx_mfg_wo wo
  JOIN div_04.lookup_codes lc ON lc.code = wo.sts_cd AND lc.domain = 'WO_STATUS'
  GROUP BY lc.meaning
  ORDER BY wo_count DESC;","xx_mfg_wo,lookup_codes","xx_mfg_wo.sts_cd,lookup_codes.meaning","manufacturing,dirty_naming,lookup",v2_dirty_mfg_wo_status,27
Q0243,extra_hard,Month-over-month headcount change for 2023?,"  WITH months AS (
    SELECT generate_series(1, 12) AS month_num
  ),
  headcount AS (
    SELECT m.month_num,
           COUNT(*) AS hc
    FROM months m
    JOIN div_18.employees e ON e.hire_date <= DATE '2023-12-31'
      AND (DATE '2023-01-01' + (m.month_num - 1) * INTERVAL '1 month') >= e.hire_date
      AND (e.termination_date IS NULL
           OR e.termination_date > DATE '2023-01-01' + (m.month_num - 1) * INTERVAL '1 month')
    GROUP BY m.month_num
  )
  SELECT month_num, hc,
         hc - LAG(hc) OVER (ORDER BY month_num) AS change
  FROM headcount
  ORDER BY month_num;",employees,"employees.hire_date,employees.termination_date","hr,window,temporal",v2_window_lag_headcount,14
Q0244,extra_hard,Business units and their parent unit names?,"  SELECT bu.name AS unit, pbu.name AS parent_unit
  FROM div_02.business_units bu
  LEFT JOIN div_02.business_units pbu ON pbu.unit_id = bu.parent_unit_id
  ORDER BY bu.name;",business_units,"business_units.unit_id,business_units.name,business_units.parent_unit_id","admin,self_join,hierarchy",v2_selfjoin_bu_hierarchy,18
Q0245,extra_hard,Month-over-month headcount change for 2024?,"  WITH months AS (
    SELECT generate_series(1, 12) AS month_num
  ),
  headcount AS (
    SELECT m.month_num,
           COUNT(*) AS hc
    FROM months m
    JOIN div_14.employees e ON e.hire_date <= DATE '2024-12-31'
      AND (DATE '2024-01-01' + (m.month_num - 1) * INTERVAL '1 month') >= e.hire_date
      AND (e.termination_date IS NULL
           OR e.termination_date > DATE '2024-01-01' + (m.month_num - 1) * INTERVAL '1 month')
    GROUP BY m.month_num
  )
  SELECT month_num, hc,
         hc - LAG(hc) OVER (ORDER BY month_num) AS change
  FROM headcount
  ORDER BY month_num;",employees,"employees.hire_date,employees.termination_date","hr,window,temporal",v2_window_lag_headcount,14
Q0246,medium,QC failure rate for inventory inspections in 2024?,"  SELECT
    ROUND(100.0 * SUM(CASE WHEN result = 'fail' THEN 1 ELSE 0 END) / COUNT(*), 2) AS fail_pct
  FROM div_10.inventory_qc_inspections
  WHERE EXTRACT(YEAR FROM inspection_date) = 2024;",inventory_qc_inspections,"inventory_qc_inspections.result,inventory_qc_inspections.inspection_date","inventory,rate",v2_rate_qc_fail,29
Q0247,hard,Each project expense alongside the project's average expense?,"  SELECT p.name AS project, pe.expense_date, pe.amount,
         AVG(pe.amount) OVER (PARTITION BY pe.project_id) AS project_avg_expense
  FROM div_05.project_expenses pe
  JOIN div_05.projects p ON p.project_id = pe.project_id
  ORDER BY p.name, pe.expense_date;","project_expenses,projects","project_expenses.amount,projects.name","projects,mixed_aggregation",v2_mixed_agg_expense_vs_project_avg,35
Q0248,medium,Work order count by status in manufacturing division div_02?,"  SELECT lc.meaning AS status, COUNT(*) AS wo_count
  FROM div_02.xx_mfg_wo wo
  JOIN div_02.lookup_codes lc ON lc.code = wo.sts_cd AND lc.domain = 'WO_STATUS'
  GROUP BY lc.meaning
  ORDER BY wo_count DESC;","xx_mfg_wo,lookup_codes","xx_mfg_wo.sts_cd,lookup_codes.meaning","manufacturing,dirty_naming,lookup",v2_dirty_mfg_wo_status,27
Q0249,hard,Net intercompany balance between divisions for corporate?,"  SELECT from_division, to_division,
         SUM(amount) AS total_transferred,
         COUNT(*) AS txn_count
  FROM div_17.corp_intercompany_txns
  WHERE status_code = 'AP'
  GROUP BY from_division, to_division
  ORDER BY total_transferred DESC;",corp_intercompany_txns,"corp_intercompany_txns.from_division,corp_intercompany_txns.to_division,corp_intercompany_txns.amount","corporate,cross_module",v2_corp_intercompany,24
Q0250,hard,Departments where actual expenses exceed budget?,"  SELECT d.name, b.total_amount AS budget,
         (SELECT COALESCE(SUM(pe.amount), 0)
          FROM div_14.project_expenses pe
          JOIN div_14.projects p ON p.project_id = pe.project_id
          WHERE p.customer_id IS NOT NULL
         ) AS actual_spend
  FROM div_14.budgets b
  JOIN div_14.departments d ON d.department_id = b.department_id
  WHERE b.total_amount < (
    SELECT COALESCE(SUM(pe.amount), 0)
    FROM div_14.project_expenses pe
  );","budgets,project_expenses,departments","budgets.total_amount,project_expenses.amount","finance,correlated_subquery",v2_scalar_corr_depts_over_budget,32
Q0251,hard,Days Sales Outstanding by customer for 2024?,"  SELECT c.name,
         ROUND(AVG(p.payment_date - i.invoice_date), 1) AS avg_dso
  FROM div_05.finance_ar_invoices i
  JOIN div_05.finance_ar_payments p ON p.ar_invoice_id = i.ar_invoice_id
  JOIN div_05.customers c ON c.customer_id = i.customer_id
  WHERE EXTRACT(YEAR FROM i.invoice_date) = 2024
  GROUP BY c.name
  ORDER BY avg_dso DESC;","finance_ar_invoices,finance_ar_payments,customers","finance_ar_invoices.invoice_date,finance_ar_payments.payment_date,customers.name","finance,kpi,multi_join",v2_chain3_dso_by_customer,6
Q0252,medium,Average resource allocation by project in 2021?,"  SELECT p.name, ROUND(AVG(pr.allocation_percent), 2) AS avg_alloc
  FROM div_06.project_resources pr
  JOIN div_06.projects p ON p.project_id = pr.project_id
  WHERE EXTRACT(YEAR FROM p.start_date) = 2021
  GROUP BY p.name;","project_resources,projects","project_resources.allocation_percent,projects.start_date","projects,value_mapping",v2_implicit_val_project_resource_alloc,23
Q0253,hard,Gross margin by product for 2023?,"  SELECT p.name,
         SUM(ol.quantity * ol.unit_price) AS revenue,
         SUM(ol.quantity * ol.unit_price * 0.6) AS estimated_cogs,
         ROUND(SUM(ol.quantity * ol.unit_price * 0.4), 2) AS gross_margin
  FROM div_15.order_lines ol
  JOIN div_15.sales_orders so ON so.order_id = ol.order_id
  JOIN div_15.products p ON p.product_id = ol.product_id
  WHERE EXTRACT(YEAR FROM so.order_date) = 2023
  GROUP BY p.name
  ORDER BY gross_margin DESC
  LIMIT 20;","order_lines,sales_orders,products","order_lines.quantity,order_lines.unit_price,products.name","sales,finance,cte",v2_cte_gross_margin_by_product,19
Q0254,extra_hard,Show the open AR aging summary with customer names.,"  SELECT c.name AS customer,
    CASE
      WHEN CURRENT_DATE - i.due_date <= 30 THEN '0-30'
      WHEN CURRENT_DATE - i.due_date <= 60 THEN '31-60'
      WHEN CURRENT_DATE - i.due_date <= 90 THEN '61-90'
      ELSE '90+'
    END AS aging_bucket,
    SUM(i.amount) AS total_amount
  FROM div_14.finance_ar_invoices i
  JOIN div_14.customers c ON c.customer_id = i.customer_id
  WHERE i.status = 'open'
  GROUP BY c.name, aging_bucket
  ORDER BY c.name, aging_bucket;","finance_ar_invoices,customers","finance_ar_invoices.due_date,finance_ar_invoices.amount,customers.name","finance,view_query",v2_viewlike_open_ar_aging,21
Q0255,extra_hard,Products sold in 2023 but not in the prior year?,"  SELECT DISTINCT p.product_id, p.name
  FROM div_17.order_lines ol
  JOIN div_17.sales_orders so ON so.order_id = ol.order_id
  JOIN div_17.products p ON p.product_id = ol.product_id
  WHERE EXTRACT(YEAR FROM so.order_date) = 2023
  EXCEPT
  SELECT DISTINCT p.product_id, p.name
  FROM div_17.order_lines ol
  JOIN div_17.sales_orders so ON so.order_id = ol.order_id
  JOIN div_17.products p ON p.product_id = ol.product_id
  WHERE EXTRACT(YEAR FROM so.order_date) = 2023 - 1;","order_lines,sales_orders,products","order_lines.product_id,sales_orders.order_date","sales,except",v2_except_products_not_in_year,16
Q0256,medium,Average discount percentage on sales order lines in 2021?,"  SELECT ROUND(AVG(ol.discount_percent), 2) AS avg_discount
  FROM div_11.order_lines ol
  JOIN div_11.sales_orders so ON so.order_id = ol.order_id
  WHERE EXTRACT(YEAR FROM so.order_date) = 2021;","order_lines,sales_orders","order_lines.discount_percent,sales_orders.order_date","sales,header_line",v2_hdr_order_discount,5
Q0257,medium,How many open cases are there by priority?,"  SELECT priority, COUNT(*) AS case_count
  FROM div_18.cust_srv_case
  WHERE status IN ('open','pending')
  GROUP BY priority;",cust_srv_case,"cust_srv_case.status,cust_srv_case.priority","support,ambiguous_entity",v2_ambig_entity_open_cases,22
Q0258,hard,Employees whose salary exceeds their department average?,"  SELECT e.first_name, e.last_name, es.amount AS salary, e.department_id
  FROM div_17.employees e
  JOIN div_17.employee_salaries es ON es.employee_id = e.employee_id
  WHERE es.amount > (
    SELECT AVG(es2.amount)
    FROM div_17.employee_salaries es2
    JOIN div_17.employees e2 ON e2.employee_id = es2.employee_id
    WHERE e2.department_id = e.department_id
  );","employees,employee_salaries","employee_salaries.amount,employees.department_id","hr,correlated_subquery",v2_corr_salary_above_dept_avg,17
Q0259,medium,Work order count by status in manufacturing division div_02?,"  SELECT lc.meaning AS status, COUNT(*) AS wo_count
  FROM div_02.xx_mfg_wo wo
  JOIN div_02.lookup_codes lc ON lc.code = wo.sts_cd AND lc.domain = 'WO_STATUS'
  GROUP BY lc.meaning
  ORDER BY wo_count DESC;","xx_mfg_wo,lookup_codes","xx_mfg_wo.sts_cd,lookup_codes.meaning","manufacturing,dirty_naming,lookup",v2_dirty_mfg_wo_status,27
Q0260,medium,Total scrap quantity by reason code in manufacturing?,"  SELECT reason_code, SUM(scrap_quantity) AS total_scrap
  FROM div_03.mfg_scrap_log
  GROUP BY reason_code
  ORDER BY total_scrap DESC;",mfg_scrap_log,"mfg_scrap_log.reason_code,mfg_scrap_log.scrap_quantity","manufacturing,lookup",v2_coded_scrap_reason,7
Q0261,easy,What are the bank transaction totals by type for 2022?,"  SELECT transaction_type, SUM(amount) AS total_amount
  FROM div_12.bank_transactions
  WHERE EXTRACT(YEAR FROM transaction_date) = 2022
  GROUP BY transaction_type;",bank_transactions,"bank_transactions.transaction_type,bank_transactions.amount,bank_transactions.transaction_date","finance,aggregation",v2_agg_bank_tx_by_type,2
Q0262,hard,Vendors with no invoices in the last 6 months?,"  SELECT v.vendor_id, v.name
  FROM div_10.vendors v
  WHERE NOT EXISTS (
    SELECT 1 FROM div_10.vendor_invoices vi
    WHERE vi.vendor_id = v.vendor_id
      AND vi.invoice_date >= CURRENT_DATE - INTERVAL '6 months'
  );","vendors,vendor_invoices","vendors.vendor_id,vendors.name","procurement,anti_join,temporal",v2_antijoin_temp_vendors_no_recent_invoice,10
Q0263,easy,Employees without any certifications?,"  SELECT e.employee_id, e.first_name, e.last_name
  FROM div_02.employees e
  LEFT JOIN div_02.employee_certifications ec ON ec.employee_id = e.employee_id
  WHERE ec.certification_id IS NULL;","employees,employee_certifications","employees.employee_id,employees.first_name","hr,left_join",v2_leftjoin_employees_no_certs,11
Q0264,medium,Inventory turnover ratio by product category for 2021?,"  SELECT pc.name,
         SUM(ABS(it.quantity)) AS total_moved,
         AVG(il.quantity_on_hand) AS avg_on_hand,
         ROUND(SUM(ABS(it.quantity)) / NULLIF(AVG(il.quantity_on_hand), 0), 2) AS turnover_ratio
  FROM div_15.inventory_transactions it
  JOIN div_15.products p ON p.product_id = it.product_id
  JOIN div_15.product_categories pc ON pc.category_id = p.category_id
  LEFT JOIN div_15.inventory_levels il ON il.product_id = p.product_id
  WHERE EXTRACT(YEAR FROM it.transaction_date) = 2021
  GROUP BY pc.name
  ORDER BY turnover_ratio DESC;","inventory_transactions,products,product_categories,inventory_levels","inventory_transactions.quantity,inventory_transactions.transaction_date,product_categories.name","inventory,rate",v2_rate_inventory_turnover,29
Q0265,hard,Vendors with more than 3 late deliveries in 2024?,"  SELECT v.vendor_id, v.name,
         (SELECT COUNT(*)
          FROM div_06.purchase_orders po
          JOIN div_06.goods_receipts gr ON gr.po_id = po.po_id
          WHERE po.vendor_id = v.vendor_id
            AND gr.receipt_date > po.order_date + 14
            AND EXTRACT(YEAR FROM po.order_date) = 2024
         ) AS late_count
  FROM div_06.vendors v
  WHERE (SELECT COUNT(*)
         FROM div_06.purchase_orders po
         JOIN div_06.goods_receipts gr ON gr.po_id = po.po_id
         WHERE po.vendor_id = v.vendor_id
           AND gr.receipt_date > po.order_date + 14
           AND EXTRACT(YEAR FROM po.order_date) = 2024
        ) > 3;","purchase_orders,goods_receipts,vendors","purchase_orders.order_date,goods_receipts.receipt_date","procurement,correlated_subquery",v2_scalar_corr_late_deliveries,32
Q0266,medium,How many unpaid AR invoices are over 10000?,"  SELECT COUNT(*) AS invoice_count
  FROM div_20.finance_ar_invoices
  WHERE status = 'open'
    AND amount > 10000;",finance_ar_invoices,"finance_ar_invoices.amount,finance_ar_invoices.status","finance,value_mapping",v2_implicit_val_open_ar,23
Q0267,extra_hard,Total POS sales by payment method in retail?,"  SELECT payment_method_code, COUNT(*) AS txn_count,
         SUM(total_amount) AS total_sales
  FROM div_13.rtl_pos_transactions
  GROUP BY payment_method_code
  ORDER BY total_sales DESC;",rtl_pos_transactions,"rtl_pos_transactions.payment_method_code,rtl_pos_transactions.total_amount","retail,union",v2_union_rtl_payments,15
Q0268,easy,Departments that have no budget allocated?,"  SELECT d.department_id, d.name
  FROM div_19.departments d
  LEFT JOIN div_19.budgets b ON b.department_id = d.department_id
  WHERE b.budget_id IS NULL;","departments,budgets","departments.department_id,departments.name","finance,left_join",v2_leftjoin_depts_no_budget,11
Q0269,medium,Average days from RFQ to vendor response in 2021?,"  SELECT ROUND(AVG(r.response_date - q.rfq_date), 2) AS avg_days
  FROM div_03.procurement_rfqs q
  JOIN div_03.procurement_rfq_responses r ON r.rfq_id = q.rfq_id
  WHERE EXTRACT(YEAR FROM q.rfq_date) = 2021;","procurement_rfqs,procurement_rfq_responses","procurement_rfqs.rfq_date,procurement_rfq_responses.response_date","procurement,date_arithmetic",v2_date_rfq_response,28
Q0270,hard,Projects with total expenses exceeding the average project budget?,"  SELECT p.project_id, p.name, SUM(pe.amount) AS total_expenses
  FROM div_06.projects p
  JOIN div_06.project_expenses pe ON pe.project_id = p.project_id
  GROUP BY p.project_id, p.name
  HAVING SUM(pe.amount) > (
    SELECT AVG(pb.planned_amount)
    FROM div_06.project_budgets pb
  );","projects,project_expenses,project_budgets","project_expenses.amount,project_budgets.planned_amount","projects,correlated_subquery",v2_corr_projects_above_avg_budget,17
Q0271,hard,Top 10 products by POS revenue in retail?,"  SELECT p.name, SUM(li.line_total) AS total_revenue,
         SUM(li.quantity) AS units_sold
  FROM div_13.rtl_pos_line_items li
  JOIN div_13.products p ON p.product_id = li.product_id
  GROUP BY p.name
  ORDER BY total_revenue DESC
  LIMIT 10;","rtl_pos_line_items,products","rtl_pos_line_items.line_total,products.name","retail,window",v2_window_rank_rtl_products,13
Q0272,hard,"Aged AR receivables in buckets (0-30, 31-60, 61-90, 90+) for 2024?","  SELECT
    CASE
      WHEN CURRENT_DATE - due_date <= 30 THEN '0-30'
      WHEN CURRENT_DATE - due_date <= 60 THEN '31-60'
      WHEN CURRENT_DATE - due_date <= 90 THEN '61-90'
      ELSE '90+'
    END AS aging_bucket,
    COUNT(*) AS invoice_count,
    SUM(amount) AS total_amount
  FROM div_20.finance_ar_invoices
  WHERE status = 'open'
    AND EXTRACT(YEAR FROM invoice_date) = 2024
  GROUP BY aging_bucket
  ORDER BY aging_bucket;",finance_ar_invoices,"finance_ar_invoices.due_date,finance_ar_invoices.amount,finance_ar_invoices.status","finance,case_bucket",v2_case_aged_ar_buckets,26
Q0273,medium,Top 20 products by revenue in 2023?,"  SELECT p.name, SUM(ol.quantity * ol.unit_price) AS revenue
  FROM div_06.order_lines ol
  JOIN div_06.sales_orders so ON so.order_id = ol.order_id
  JOIN div_06.products p ON p.product_id = ol.product_id
  WHERE EXTRACT(YEAR FROM so.order_date) = 2023
  GROUP BY p.name
  ORDER BY revenue DESC
  LIMIT 20;","order_lines,sales_orders,products","order_lines.quantity,order_lines.unit_price,products.name","sales,top_n",v2_topn_products_by_revenue,4
Q0274,hard,Which employees have not completed any training?,"  SELECT e.employee_id, e.first_name, e.last_name
  FROM div_02.employees e
  WHERE NOT EXISTS (
    SELECT 1 FROM div_02.employee_training et
    WHERE et.employee_id = e.employee_id
  );","employees,employee_training","employees.employee_id,employees.first_name,employees.last_name","hr,anti_join",v2_antijoin_employees_no_training,9
Q0275,medium,Work order count by status in manufacturing division div_04?,"  SELECT lc.meaning AS status, COUNT(*) AS wo_count
  FROM div_04.xx_mfg_wo wo
  JOIN div_04.lookup_codes lc ON lc.code = wo.sts_cd AND lc.domain = 'WO_STATUS'
  GROUP BY lc.meaning
  ORDER BY wo_count DESC;","xx_mfg_wo,lookup_codes","xx_mfg_wo.sts_cd,lookup_codes.meaning","manufacturing,dirty_naming,lookup",v2_dirty_mfg_wo_status,27
Q0276,medium,Show all high and critical priority work orders.,"  SELECT wo.work_order_id, wo.work_order_number, lc.meaning AS priority
  FROM div_01.mfg_work_orders wo
  JOIN div_01.lookup_codes lc ON lc.code = wo.priority_code AND lc.domain = 'PRIORITY'
  WHERE lc.meaning IN ('High', 'Critical');","mfg_work_orders,lookup_codes","mfg_work_orders.priority_code,lookup_codes.meaning","manufacturing,lookup",v2_coded_priority_filter,7
Q0277,hard,Vendor delivery performance: on-time vs late for 2021?,"  WITH delivery AS (
    SELECT v.name AS vendor,
           CASE WHEN gr.receipt_date <= po.order_date + 14 THEN 'on_time' ELSE 'late' END AS status
    FROM div_06.purchase_orders po
    JOIN div_06.goods_receipts gr ON gr.po_id = po.po_id
    JOIN div_06.vendors v ON v.vendor_id = po.vendor_id
    WHERE EXTRACT(YEAR FROM po.order_date) = 2021
  )
  SELECT vendor,
         COUNT(*) FILTER (WHERE status = 'on_time') AS on_time,
         COUNT(*) FILTER (WHERE status = 'late') AS late,
         ROUND(100.0 * COUNT(*) FILTER (WHERE status = 'on_time') / COUNT(*), 2) AS on_time_pct
  FROM delivery
  GROUP BY vendor
  ORDER BY on_time_pct DESC;","purchase_orders,goods_receipts,vendors","purchase_orders.order_date,goods_receipts.receipt_date,vendors.name","procurement,cte",v2_cte_vendor_delivery_perf,19
Q0278,medium,What is the total invoice amount for 2024?,"  SELECT SUM(amount) AS total_amount
  FROM div_15.finance_ar_invoices
  WHERE EXTRACT(YEAR FROM invoice_date) = 2024;",finance_ar_invoices,"finance_ar_invoices.amount,finance_ar_invoices.invoice_date","finance,ambiguous_entity",v2_ambig_entity_total_invoices,22
Q0279,medium,Total contract value by customer for services division div_07?,"  SELECT c.name, SUM(sow.tot_amt) AS total_value, COUNT(*) AS sow_count
  FROM div_07.zz_svc_sow sow
  JOIN div_07.customers c ON c.customer_id = sow.cust_nbr
  GROUP BY c.name
  ORDER BY total_value DESC
  LIMIT 10;","zz_svc_sow,customers","zz_svc_sow.tot_amt,zz_svc_sow.cust_nbr,customers.name","services,dirty_naming",v2_dirty_svc_sow_value,27
Q0280,hard,Total SOW contract value by customer for services?,"  SELECT c.name, SUM(sow.total_amount) AS total_contract_value, COUNT(*) AS sow_count
  FROM div_10.svc_statements_of_work sow
  JOIN div_10.customers c ON c.customer_id = sow.customer_id
  GROUP BY c.name
  ORDER BY total_contract_value DESC
  LIMIT 10;","svc_statements_of_work,customers","svc_statements_of_work.total_amount,customers.name","services,cross_module",v2_cross_mod_svc_revenue_customer,24
Q0281,medium,Top expense categories by total spend in 2023?,"  SELECT category, SUM(amount) AS total
  FROM div_11.project_expenses
  WHERE EXTRACT(YEAR FROM expense_date) = 2023
  GROUP BY category
  ORDER BY total DESC;",project_expenses,"project_expenses.category,project_expenses.amount,project_expenses.expense_date","projects,top_n",v2_topn_expense_categories,4
Q0282,hard,Monthly project expenses with running total for 2024?,"  SELECT
    DATE_TRUNC('month', expense_date) AS month,
    SUM(amount) AS monthly_expense,
    SUM(SUM(amount)) OVER (ORDER BY DATE_TRUNC('month', expense_date)) AS running_total
  FROM div_10.project_expenses
  WHERE EXTRACT(YEAR FROM expense_date) = 2024
  GROUP BY month
  ORDER BY month;",project_expenses,"project_expenses.expense_date,project_expenses.amount","projects,window",v2_window_running_expenses,12
Q0283,easy,Total net pay by pay period for 2021?,"  SELECT h.pay_period_start, h.pay_period_end, SUM(l.net_pay) AS total_net_pay
  FROM div_16.payroll_run_hdr h
  JOIN div_16.payroll_run_line l ON l.run_id = h.run_id
  WHERE EXTRACT(YEAR FROM h.pay_period_start) = 2021
  GROUP BY h.pay_period_start, h.pay_period_end
  ORDER BY h.pay_period_start;","payroll_run_hdr,payroll_run_line","payroll_run_hdr.pay_period_start,payroll_run_line.net_pay","hr,payroll,aggregation",v2_agg_payroll_by_period,2
Q0284,medium,QC failure rate for inventory inspections in 2024?,"  SELECT
    ROUND(100.0 * SUM(CASE WHEN result = 'fail' THEN 1 ELSE 0 END) / COUNT(*), 2) AS fail_pct
  FROM div_09.inventory_qc_inspections
  WHERE EXTRACT(YEAR FROM inspection_date) = 2024;",inventory_qc_inspections,"inventory_qc_inspections.result,inventory_qc_inspections.inspection_date","inventory,rate",v2_rate_qc_fail,29
Q0285,medium,Open audit findings by severity and type for corporate?,"  SELECT audit_type, severity, COUNT(*) AS finding_count
  FROM div_17.corp_audit_findings
  WHERE status_code IN ('OP', 'IP')
  GROUP BY audit_type, severity
  ORDER BY severity, finding_count DESC;",corp_audit_findings,"corp_audit_findings.severity,corp_audit_findings.audit_type,corp_audit_findings.status_code","corporate,ambiguous_entity",v2_corp_audit_findings,22
Q0286,medium,Total contract value by customer for services division div_07?,"  SELECT c.name, SUM(sow.tot_amt) AS total_value, COUNT(*) AS sow_count
  FROM div_07.zz_svc_sow sow
  JOIN div_07.customers c ON c.customer_id = sow.cust_nbr
  GROUP BY c.name
  ORDER BY total_value DESC
  LIMIT 10;","zz_svc_sow,customers","zz_svc_sow.tot_amt,zz_svc_sow.cust_nbr,customers.name","services,dirty_naming",v2_dirty_svc_sow_value,27
Q0287,medium,Training completions by course for 2023?,"  SELECT c.name, COUNT(*) AS completions
  FROM div_19.employee_training et
  JOIN div_19.training_courses c ON c.course_id = et.course_id
  WHERE EXTRACT(YEAR FROM et.completion_date) = 2023
  GROUP BY c.name
  ORDER BY completions DESC;","training_courses,employee_training",employee_training.completion_date,"hr,training,value_grounding",v2_join_val_training_completion,3
Q0288,medium,Assets transferred between locations in 2021?,"  SELECT transfer_id, asset_id, from_location_id, to_location_id, transfer_date
  FROM div_06.asset_transfers
  WHERE EXTRACT(YEAR FROM transfer_date) = 2021;",asset_transfers,asset_transfers.transfer_date,"assets,header_line",v2_hdr_asset_transfers,5
Q0289,easy,Which vendors have payment terms longer than 45 days?,"  SELECT vendor_id, name, payment_terms
  FROM div_07.vendors
  WHERE payment_terms > 45;",vendors,vendors.payment_terms,"procurement,lookup",v2_lookup_vendor_terms,1
Q0290,medium,Open audit findings by severity and type for corporate?,"  SELECT audit_type, severity, COUNT(*) AS finding_count
  FROM div_17.corp_audit_findings
  WHERE status_code IN ('OP', 'IP')
  GROUP BY audit_type, severity
  ORDER BY severity, finding_count DESC;",corp_audit_findings,"corp_audit_findings.severity,corp_audit_findings.audit_type,corp_audit_findings.status_code","corporate,ambiguous_entity",v2_corp_audit_findings,22
Q0291,medium,How many benefit elections by coverage level in 2024?,"  SELECT coverage_level, COUNT(*) AS elections
  FROM div_15.hr_benefit_elections
  WHERE EXTRACT(YEAR FROM election_date) = 2024
  GROUP BY coverage_level;",hr_benefit_elections,"hr_benefit_elections.coverage_level,hr_benefit_elections.election_date","hr,value_grounding",v2_join_val_benefit_elections,3
Q0292,medium,Products with more than 1000 total units sold in 2023?,"  SELECT p.name, SUM(ol.quantity) AS total_units
  FROM div_01.order_lines ol
  JOIN div_01.sales_orders so ON so.order_id = ol.order_id
  JOIN div_01.products p ON p.product_id = ol.product_id
  WHERE EXTRACT(YEAR FROM so.order_date) = 2023
  GROUP BY p.name
  HAVING SUM(ol.quantity) > 1000
  ORDER BY total_units DESC;","order_lines,sales_orders,products","order_lines.quantity,products.name","sales,having",v2_having_products_high_volume,25
Q0293,medium,Work order count by status in manufacturing division div_02?,"  SELECT lc.meaning AS status, COUNT(*) AS wo_count
  FROM div_02.xx_mfg_wo wo
  JOIN div_02.lookup_codes lc ON lc.code = wo.sts_cd AND lc.domain = 'WO_STATUS'
  GROUP BY lc.meaning
  ORDER BY wo_count DESC;","xx_mfg_wo,lookup_codes","xx_mfg_wo.sts_cd,lookup_codes.meaning","manufacturing,dirty_naming,lookup",v2_dirty_mfg_wo_status,27
Q0294,ambiguous,Show employee headcount by department.,AMBIGUOUS,,,"ambiguous,cross_division",v2_ambig_a3_headcount_by_dept,A3
Q0295,medium,Work order count by status in manufacturing division div_04?,"  SELECT lc.meaning AS status, COUNT(*) AS wo_count
  FROM div_04.xx_mfg_wo wo
  JOIN div_04.lookup_codes lc ON lc.code = wo.sts_cd AND lc.domain = 'WO_STATUS'
  GROUP BY lc.meaning
  ORDER BY wo_count DESC;","xx_mfg_wo,lookup_codes","xx_mfg_wo.sts_cd,lookup_codes.meaning","manufacturing,dirty_naming,lookup",v2_dirty_mfg_wo_status,27
Q0296,medium,How many work orders are there by status?,"  SELECT lc.meaning AS status, COUNT(*) AS wo_count
  FROM div_05.mfg_work_orders wo
  JOIN div_05.lookup_codes lc ON lc.code = wo.status_code AND lc.domain = 'WO_STATUS'
  GROUP BY lc.meaning
  ORDER BY wo_count DESC;","mfg_work_orders,lookup_codes","mfg_work_orders.status_code,lookup_codes.meaning","manufacturing,lookup",v2_coded_wo_status,7
Q0297,hard,Products that have never been sold?,"  SELECT p.product_id, p.name, p.sku
  FROM div_06.products p
  WHERE NOT EXISTS (
    SELECT 1 FROM div_06.order_lines ol
    WHERE ol.product_id = p.product_id
  );","products,order_lines","products.product_id,products.name","inventory,anti_join",v2_antijoin_products_never_sold,9
Q0298,hard,Compare effective vs statutory tax rate by jurisdiction for corporate?,"  SELECT jurisdiction, tax_type,
         ROUND(AVG(effective_rate), 4) AS avg_effective_rate,
         ROUND(AVG(statutory_rate), 4) AS avg_statutory_rate,
         ROUND(AVG(statutory_rate - effective_rate), 4) AS avg_rate_gap,
         SUM(current_provision + deferred_provision) AS total_provision
  FROM div_19.corp_tax_provisions
  GROUP BY jurisdiction, tax_type
  ORDER BY total_provision DESC;",corp_tax_provisions,"corp_tax_provisions.jurisdiction,corp_tax_provisions.effective_rate,corp_tax_provisions.statutory_rate","corporate,case_bucket",v2_corp_tax_comparison,26
Q0299,extra_hard,"All financial transactions (AR payments, AP invoices, bank transactions) for 2024?","  SELECT 'AR Payment' AS txn_type, payment_id AS txn_id, payment_date AS txn_date, amount
  FROM div_18.finance_ar_payments
  WHERE EXTRACT(YEAR FROM payment_date) = 2024
  UNION ALL
  SELECT 'AP Invoice', ap_invoice_id, invoice_date, amount
  FROM div_18.finance_ap_invoices
  WHERE EXTRACT(YEAR FROM invoice_date) = 2024
  UNION ALL
  SELECT 'Bank Transaction', transaction_id, transaction_date, amount
  FROM div_18.bank_transactions
  WHERE EXTRACT(YEAR FROM transaction_date) = 2024
  ORDER BY txn_date;","finance_ar_payments,finance_ap_invoices,bank_transactions","finance_ar_payments.payment_date,finance_ap_invoices.invoice_date,bank_transactions.transaction_date","finance,union",v2_union_all_financial_txns,15
Q0300,ambiguous,What's our customer satisfaction score?,AMBIGUOUS,,,"ambiguous,unanswerable",v2_ambig_a4_csat_score,A4
Q0301,extra_hard,Show the current active employee roster with department and position.,"  SELECT e.first_name, e.last_name, d.name AS department, p.title AS position
  FROM div_14.employees e
  JOIN div_14.departments d ON d.department_id = e.department_id
  LEFT JOIN div_14.positions p ON p.position_id = e.position_id
  WHERE e.termination_date IS NULL
  ORDER BY d.name, e.last_name;","employees,departments,positions","employees.first_name,employees.last_name,departments.name,positions.title","hr,view_query",v2_viewlike_active_employees,21
Q0302,easy,List open sales opportunities with probability over 0.9.,"  SELECT opportunity_id, name, amount, probability
  FROM div_03.sales_opportunities
  WHERE probability > 0.9;",sales_opportunities,sales_opportunities.probability,"sales,lookup",v2_lookup_open_opportunities,1
Q0303,hard,Total SOW contract value by customer for services?,"  SELECT c.name, SUM(sow.total_amount) AS total_contract_value, COUNT(*) AS sow_count
  FROM div_10.svc_statements_of_work sow
  JOIN div_10.customers c ON c.customer_id = sow.customer_id
  GROUP BY c.name
  ORDER BY total_contract_value DESC
  LIMIT 10;","svc_statements_of_work,customers","svc_statements_of_work.total_amount,customers.name","services,cross_module",v2_cross_mod_svc_revenue_customer,24
Q0304,easy,Employees without any certifications?,"  SELECT e.employee_id, e.first_name, e.last_name
  FROM div_11.employees e
  LEFT JOIN div_11.employee_certifications ec ON ec.employee_id = e.employee_id
  WHERE ec.certification_id IS NULL;","employees,employee_certifications","employees.employee_id,employees.first_name","hr,left_join",v2_leftjoin_employees_no_certs,11
Q0305,hard,Net intercompany balance between divisions for corporate?,"  SELECT from_division, to_division,
         SUM(amount) AS total_transferred,
         COUNT(*) AS txn_count
  FROM div_17.corp_intercompany_txns
  WHERE status_code = 'AP'
  GROUP BY from_division, to_division
  ORDER BY total_transferred DESC;",corp_intercompany_txns,"corp_intercompany_txns.from_division,corp_intercompany_txns.to_division,corp_intercompany_txns.amount","corporate,cross_module",v2_corp_intercompany,24
Q0306,hard,Departments where actual expenses exceed budget?,"  SELECT d.name, b.total_amount AS budget,
         (SELECT COALESCE(SUM(pe.amount), 0)
          FROM div_09.project_expenses pe
          JOIN div_09.projects p ON p.project_id = pe.project_id
          WHERE p.customer_id IS NOT NULL
         ) AS actual_spend
  FROM div_09.budgets b
  JOIN div_09.departments d ON d.department_id = b.department_id
  WHERE b.total_amount < (
    SELECT COALESCE(SUM(pe.amount), 0)
    FROM div_09.project_expenses pe
  );","budgets,project_expenses,departments","budgets.total_amount,project_expenses.amount","finance,correlated_subquery",v2_scalar_corr_depts_over_budget,32
Q0307,extra_hard,"All documents issued in January 2023 — purchase orders, sales orders, and vendor invoices?","  SELECT 'Purchase Order' AS doc_type, po_id AS doc_id, order_date AS doc_date, total AS amount
  FROM div_01.purchase_orders
  WHERE order_date >= DATE '2023-01-01' AND order_date < DATE '2023-02-01'
  UNION ALL
  SELECT 'Sales Order', order_id, order_date, NULL
  FROM div_01.sales_orders
  WHERE order_date >= DATE '2023-01-01' AND order_date < DATE '2023-02-01'
  UNION ALL
  SELECT 'Vendor Invoice', invoice_id, invoice_date, total
  FROM div_01.vendor_invoices
  WHERE invoice_date >= DATE '2023-01-01' AND invoice_date < DATE '2023-02-01'
  ORDER BY doc_date;","purchase_orders,sales_orders,vendor_invoices","purchase_orders.order_date,sales_orders.order_date,vendor_invoices.invoice_date","multi_module,union",v2_union_all_documents,15
Q0308,medium,Total POS sales by payment method for retail division div_12?,"  SELECT pay_mthd_cd, COUNT(*) AS txn_count,
         SUM(tot_amt) AS total_sales
  FROM div_12.zz_pos_trnx
  GROUP BY pay_mthd_cd
  ORDER BY total_sales DESC;",zz_pos_trnx,"zz_pos_trnx.pay_mthd_cd,zz_pos_trnx.tot_amt","retail,dirty_naming",v2_dirty_rtl_pos_sales,27
Q0309,hard,Which employees have not completed any training?,"  SELECT e.employee_id, e.first_name, e.last_name
  FROM div_15.employees e
  WHERE NOT EXISTS (
    SELECT 1 FROM div_15.employee_training et
    WHERE et.employee_id = e.employee_id
  );","employees,employee_training","employees.employee_id,employees.first_name,employees.last_name","hr,anti_join",v2_antijoin_employees_no_training,9
Q0310,extra_hard,Products sold in 2023 but not in the prior year?,"  SELECT DISTINCT p.product_id, p.name
  FROM div_10.order_lines ol
  JOIN div_10.sales_orders so ON so.order_id = ol.order_id
  JOIN div_10.products p ON p.product_id = ol.product_id
  WHERE EXTRACT(YEAR FROM so.order_date) = 2023
  EXCEPT
  SELECT DISTINCT p.product_id, p.name
  FROM div_10.order_lines ol
  JOIN div_10.sales_orders so ON so.order_id = ol.order_id
  JOIN div_10.products p ON p.product_id = ol.product_id
  WHERE EXTRACT(YEAR FROM so.order_date) = 2023 - 1;","order_lines,sales_orders,products","order_lines.product_id,sales_orders.order_date","sales,except",v2_except_products_not_in_year,16
Q0311,hard,"Segment customers by credit limit: premium, standard, or basic?","  SELECT
    CASE
      WHEN credit_limit > 50000 THEN 'premium'
      WHEN credit_limit > 10000 THEN 'standard'
      ELSE 'basic'
    END AS segment,
    COUNT(*) AS customer_count,
    ROUND(AVG(credit_limit), 2) AS avg_credit_limit
  FROM div_03.customers
  GROUP BY segment
  ORDER BY avg_credit_limit DESC;",customers,"customers.credit_limit,customers.name","sales,case_bucket",v2_case_customer_segment,26
Q0312,hard,Employee turnover rate for 2023?,"  WITH terminations AS (
    SELECT COUNT(*) AS term_count
    FROM div_12.employees
    WHERE EXTRACT(YEAR FROM termination_date) = 2023
  ),
  headcount AS (
    SELECT COUNT(*) AS headcount
    FROM div_12.employees
    WHERE hire_date <= DATE '2023-12-31'
      AND (termination_date IS NULL OR termination_date > DATE '2023-01-01')
  )
  SELECT ROUND(100.0 * t.term_count / NULLIF(h.headcount,0), 2) AS turnover_pct
  FROM terminations t, headcount h;",employees,"employees.termination_date,employees.hire_date","hr,cte",v2_cte_employee_turnover,19
Q0313,extra_hard,Full business unit hierarchy from the top level?,"  WITH RECURSIVE bu_tree AS (
    SELECT unit_id, name, parent_unit_id, 1 AS level
    FROM div_16.business_units
    WHERE parent_unit_id IS NULL
    UNION ALL
    SELECT bu.unit_id, bu.name, bu.parent_unit_id, bt.level + 1
    FROM div_16.business_units bu
    JOIN bu_tree bt ON bt.unit_id = bu.parent_unit_id
  )
  SELECT name, level
  FROM bu_tree
  ORDER BY level, name;",business_units,"business_units.unit_id,business_units.name,business_units.parent_unit_id","admin,recursive,hierarchy",v2_recursive_bu_hierarchy,31
Q0314,medium,How many unpaid AR invoices are over 500?,"  SELECT COUNT(*) AS invoice_count
  FROM div_05.finance_ar_invoices
  WHERE status = 'open'
    AND amount > 500;",finance_ar_invoices,"finance_ar_invoices.amount,finance_ar_invoices.status","finance,value_mapping",v2_implicit_val_open_ar,23
Q0315,hard,Procure-to-pay cycle: PO to goods receipt to vendor invoice by vendor for 2024?,"  SELECT v.name AS vendor, po.po_id, po.order_date,
         gr.receipt_id, gr.receipt_date,
         vi.invoice_id, vi.invoice_date, vi.total AS invoice_total
  FROM div_07.purchase_orders po
  JOIN div_07.goods_receipts gr ON gr.po_id = po.po_id
  JOIN div_07.vendor_invoices vi ON vi.po_id = po.po_id
  JOIN div_07.vendors v ON v.vendor_id = po.vendor_id
  WHERE EXTRACT(YEAR FROM po.order_date) = 2024
  ORDER BY po.order_date
  LIMIT 50;","purchase_orders,goods_receipts,vendor_invoices,vendors","purchase_orders.order_date,goods_receipts.receipt_date,vendor_invoices.invoice_date","procurement,cross_module",v2_cross_mod_procure_to_pay,24
Q0316,medium,Total scrap quantity by reason code in manufacturing?,"  SELECT reason_code, SUM(scrap_quantity) AS total_scrap
  FROM div_03.mfg_scrap_log
  GROUP BY reason_code
  ORDER BY total_scrap DESC;",mfg_scrap_log,"mfg_scrap_log.reason_code,mfg_scrap_log.scrap_quantity","manufacturing,lookup",v2_coded_scrap_reason,7
Q0317,medium,Average time to close support cases in 2021?,"  SELECT ROUND(AVG(EXTRACT(EPOCH FROM (updated_at - opened_at)) / 3600), 2) AS avg_close_hours
  FROM div_20.cust_srv_case
  WHERE status = 'closed'
    AND EXTRACT(YEAR FROM opened_at) = 2021;",cust_srv_case,"cust_srv_case.opened_at,cust_srv_case.updated_at","support,rate",v2_rate_sla_resolution,29
Q0318,medium,Average resource allocation by project in 2023?,"  SELECT p.name, ROUND(AVG(pr.allocation_percent), 2) AS avg_alloc
  FROM div_16.project_resources pr
  JOIN div_16.projects p ON p.project_id = pr.project_id
  WHERE EXTRACT(YEAR FROM p.start_date) = 2023
  GROUP BY p.name;","project_resources,projects","project_resources.allocation_percent,projects.start_date","projects,value_mapping",v2_implicit_val_project_resource_alloc,23
Q0319,extra_hard,Full business unit hierarchy from the top level?,"  WITH RECURSIVE bu_tree AS (
    SELECT unit_id, name, parent_unit_id, 1 AS level
    FROM div_15.business_units
    WHERE parent_unit_id IS NULL
    UNION ALL
    SELECT bu.unit_id, bu.name, bu.parent_unit_id, bt.level + 1
    FROM div_15.business_units bu
    JOIN bu_tree bt ON bt.unit_id = bu.parent_unit_id
  )
  SELECT name, level
  FROM bu_tree
  ORDER BY level, name;",business_units,"business_units.unit_id,business_units.name,business_units.parent_unit_id","admin,recursive,hierarchy",v2_recursive_bu_hierarchy,31
Q0320,medium,Employee headcount by department for 2023?,"  SELECT d.name, COUNT(*) AS headcount
  FROM div_09.employees e
  JOIN div_09.departments d ON d.department_id = e.department_id
  WHERE EXTRACT(YEAR FROM e.hire_date) <= 2023
  GROUP BY d.name
  ORDER BY headcount DESC;","employees,departments","employees.department_id,departments.name","hr,value_grounding",v2_join_val_headcount_by_dept,3
Q0321,medium,Top expense categories by total spend in 2021?,"  SELECT category, SUM(amount) AS total
  FROM div_13.project_expenses
  WHERE EXTRACT(YEAR FROM expense_date) = 2021
  GROUP BY category
  ORDER BY total DESC;",project_expenses,"project_expenses.category,project_expenses.amount,project_expenses.expense_date","projects,top_n",v2_topn_expense_categories,4
Q0322,medium,Inventory turnover ratio by product category for 2023?,"  SELECT pc.name,
         SUM(ABS(it.quantity)) AS total_moved,
         AVG(il.quantity_on_hand) AS avg_on_hand,
         ROUND(SUM(ABS(it.quantity)) / NULLIF(AVG(il.quantity_on_hand), 0), 2) AS turnover_ratio
  FROM div_18.inventory_transactions it
  JOIN div_18.products p ON p.product_id = it.product_id
  JOIN div_18.product_categories pc ON pc.category_id = p.category_id
  LEFT JOIN div_18.inventory_levels il ON il.product_id = p.product_id
  WHERE EXTRACT(YEAR FROM it.transaction_date) = 2023
  GROUP BY pc.name
  ORDER BY turnover_ratio DESC;","inventory_transactions,products,product_categories,inventory_levels","inventory_transactions.quantity,inventory_transactions.transaction_date,product_categories.name","inventory,rate",v2_rate_inventory_turnover,29
Q0323,medium,Quote-to-order conversion rate for 2023?,"  SELECT
    ROUND(100.0 * COUNT(DISTINCT so.order_id) / NULLIF(COUNT(DISTINCT sq.quote_id),0), 2) AS conversion_pct
  FROM div_04.sales_quotes sq
  LEFT JOIN div_04.sales_orders so ON so.customer_id = sq.customer_id
  WHERE EXTRACT(YEAR FROM sq.quote_date) = 2023;","sales_quotes,sales_orders","sales_quotes.quote_date,sales_orders.order_date","sales,rate",v2_rate_quote_conversion,29
Q0324,hard,"Classify vendors as strategic, preferred, or standard based on total spend in 2024?","  SELECT v.name, SUM(po.total) AS total_spend,
    CASE
      WHEN SUM(po.total) > 100000 THEN 'strategic'
      WHEN SUM(po.total) > 25000 THEN 'preferred'
      ELSE 'standard'
    END AS classification
  FROM div_10.purchase_orders po
  JOIN div_10.vendors v ON v.vendor_id = po.vendor_id
  WHERE EXTRACT(YEAR FROM po.order_date) = 2024
  GROUP BY v.name
  ORDER BY total_spend DESC;","purchase_orders,vendors","purchase_orders.total,vendors.name","procurement,case_bucket",v2_case_vendor_spend_class,26
Q0325,medium,How many orders were placed last quarter?,"  SELECT COUNT(*) AS order_count
  FROM div_14.sales_orders
  WHERE order_date >= DATE_TRUNC('quarter', CURRENT_DATE - INTERVAL '3 months')
    AND order_date < DATE_TRUNC('quarter', CURRENT_DATE);",sales_orders,sales_orders.order_date,"sales,ambiguous_entity",v2_ambig_entity_orders_quarterly,22
Q0326,extra_hard,What country are our highest-revenue customers from?,"  SELECT co.name AS country, c.name AS customer,
         SUM(ol.quantity * ol.unit_price) AS revenue
  FROM div_16.customers c
  JOIN div_16.sales_orders so ON so.customer_id = c.customer_id
  JOIN div_16.order_lines ol ON ol.order_id = so.order_id
  LEFT JOIN div_16.addresses a ON a.address_id = c.billing_address_id
  LEFT JOIN div_16.cities ci ON ci.city_id = a.city_id
  LEFT JOIN div_16.states_provinces sp ON sp.state_id = ci.state_id
  LEFT JOIN div_16.countries co ON co.country_id = sp.country_id
  GROUP BY co.name, c.name
  ORDER BY revenue DESC
  LIMIT 10;","customers,addresses,cities,states_provinces,countries,sales_orders,order_lines","customers.billing_address_id,countries.name","sales,geography,multi_hop",v2_multihop_customer_country,33
Q0327,ambiguous,What's our revenue by region?,AMBIGUOUS,,,"ambiguous,cross_division",v2_ambig_a3_revenue_by_region,A3
Q0328,hard,Each order total alongside the customer's average order value for 2022?,"  WITH order_totals AS (
    SELECT so.order_id, so.customer_id, SUM(ol.quantity * ol.unit_price) AS order_total
    FROM div_10.sales_orders so
    JOIN div_10.order_lines ol ON ol.order_id = so.order_id
    WHERE EXTRACT(YEAR FROM so.order_date) = 2022
    GROUP BY so.order_id, so.customer_id
  )
  SELECT c.name AS customer, ot.order_id, ot.order_total,
         AVG(ot.order_total) OVER (PARTITION BY ot.customer_id) AS customer_avg
  FROM order_totals ot
  JOIN div_10.customers c ON c.customer_id = ot.customer_id
  ORDER BY c.name, ot.order_id;","sales_orders,order_lines,customers","order_lines.quantity,order_lines.unit_price,customers.name","sales,mixed_aggregation",v2_mixed_agg_order_vs_customer_avg,35
Q0329,extra_hard,Total depreciation by fiscal period for 2021?,"  SELECT fp.start_date, fp.end_date, SUM(de.amount) AS total_depreciation
  FROM div_03.depreciation_entries de
  JOIN div_03.fiscal_periods fp ON fp.period_id = de.period_id
  WHERE EXTRACT(YEAR FROM fp.start_date) = 2021
  GROUP BY fp.start_date, fp.end_date
  ORDER BY fp.start_date;","depreciation_entries,fiscal_periods","depreciation_entries.amount,fiscal_periods.start_date","assets,finance,composite_key",v2_composite_depreciation_by_period,20
Q0330,medium,Work order count by status in manufacturing division div_02?,"  SELECT lc.meaning AS status, COUNT(*) AS wo_count
  FROM div_02.xx_mfg_wo wo
  JOIN div_02.lookup_codes lc ON lc.code = wo.sts_cd AND lc.domain = 'WO_STATUS'
  GROUP BY lc.meaning
  ORDER BY wo_count DESC;","xx_mfg_wo,lookup_codes","xx_mfg_wo.sts_cd,lookup_codes.meaning","manufacturing,dirty_naming,lookup",v2_dirty_mfg_wo_status,27
Q0331,medium,Average days from RFQ to vendor response in 2023?,"  SELECT ROUND(AVG(r.response_date - q.rfq_date), 2) AS avg_days
  FROM div_02.procurement_rfqs q
  JOIN div_02.procurement_rfq_responses r ON r.rfq_id = q.rfq_id
  WHERE EXTRACT(YEAR FROM q.rfq_date) = 2023;","procurement_rfqs,procurement_rfq_responses","procurement_rfqs.rfq_date,procurement_rfq_responses.response_date","procurement,date_arithmetic",v2_date_rfq_response,28
Q0332,hard,Monthly sales revenue with cumulative total for 2024?,"  SELECT
    DATE_TRUNC('month', so.order_date) AS month,
    SUM(ol.quantity * ol.unit_price) AS monthly_revenue,
    SUM(SUM(ol.quantity * ol.unit_price)) OVER (ORDER BY DATE_TRUNC('month', so.order_date)) AS cumulative_revenue
  FROM div_10.order_lines ol
  JOIN div_10.sales_orders so ON so.order_id = ol.order_id
  WHERE EXTRACT(YEAR FROM so.order_date) = 2024
  GROUP BY month
  ORDER BY month;","order_lines,sales_orders","order_lines.quantity,order_lines.unit_price,sales_orders.order_date","sales,window",v2_window_running_sales,12
Q0333,hard,Working capital ratio (AR vs AP) for 2024?,"  WITH ar AS (
    SELECT SUM(amount) AS total_ar
    FROM div_13.finance_ar_invoices
    WHERE status = 'open' AND EXTRACT(YEAR FROM invoice_date) = 2024
  ),
  ap AS (
    SELECT SUM(amount) AS total_ap
    FROM div_13.finance_ap_invoices
    WHERE status = 'open' AND EXTRACT(YEAR FROM invoice_date) = 2024
  )
  SELECT ar.total_ar, ap.total_ap,
         ROUND(ar.total_ar / NULLIF(ap.total_ap, 0), 2) AS working_capital_ratio
  FROM ar, ap;","finance_ar_invoices,finance_ap_invoices","finance_ar_invoices.amount,finance_ap_invoices.amount","finance,cte",v2_cte_working_capital,19
Q0334,medium,Who is the manager of the Engineering department?,"  SELECT e.first_name, e.last_name, e.email
  FROM div_16.departments d
  JOIN div_16.employees e ON e.employee_id = d.manager_id
  WHERE d.name = 'Engineering';","employees,departments","employees.first_name,employees.last_name,departments.name","hr,value_grounding",v2_join_val_dept_manager,3
Q0335,medium,Average discount percentage on sales order lines in 2023?,"  SELECT ROUND(AVG(ol.discount_percent), 2) AS avg_discount
  FROM div_12.order_lines ol
  JOIN div_12.sales_orders so ON so.order_id = ol.order_id
  WHERE EXTRACT(YEAR FROM so.order_date) = 2023;","order_lines,sales_orders","order_lines.discount_percent,sales_orders.order_date","sales,header_line",v2_hdr_order_discount,5
Q0336,medium,Average days from PO to goods receipt by vendor in 2022?,"  SELECT v.name, ROUND(AVG(gr.receipt_date - po.order_date), 2) AS avg_days
  FROM div_01.purchase_orders po
  JOIN div_01.goods_receipts gr ON gr.po_id = po.po_id
  JOIN div_01.vendors v ON v.vendor_id = po.vendor_id
  WHERE EXTRACT(YEAR FROM po.order_date) = 2022
  GROUP BY v.name
  ORDER BY avg_days;","purchase_orders,goods_receipts,vendors","purchase_orders.order_date,goods_receipts.receipt_date,vendors.name","procurement,date_arithmetic",v2_date_po_to_receipt,28
Q0337,medium,Work order count by status in manufacturing division div_02?,"  SELECT lc.meaning AS status, COUNT(*) AS wo_count
  FROM div_02.xx_mfg_wo wo
  JOIN div_02.lookup_codes lc ON lc.code = wo.sts_cd AND lc.domain = 'WO_STATUS'
  GROUP BY lc.meaning
  ORDER BY wo_count DESC;","xx_mfg_wo,lookup_codes","xx_mfg_wo.sts_cd,lookup_codes.meaning","manufacturing,dirty_naming,lookup",v2_dirty_mfg_wo_status,27
Q0338,easy,Show customers with a credit limit above 500.,"  SELECT customer_id, name, credit_limit
  FROM div_07.customers
  WHERE credit_limit > 500;",customers,customers.credit_limit,"sales,lookup",v2_lookup_high_credit_customers,1
Q0339,hard,Revenue by product category for 2021?,"  SELECT pc.name AS category, SUM(ol.quantity * ol.unit_price) AS revenue
  FROM div_01.order_lines ol
  JOIN div_01.sales_orders so ON so.order_id = ol.order_id
  JOIN div_01.products p ON p.product_id = ol.product_id
  JOIN div_01.product_categories pc ON pc.category_id = p.category_id
  WHERE EXTRACT(YEAR FROM so.order_date) = 2021
  GROUP BY pc.name
  ORDER BY revenue DESC;","order_lines,sales_orders,products,product_categories","order_lines.quantity,order_lines.unit_price,product_categories.name","sales,multi_join",v2_chain3_revenue_by_category,6
Q0340,extra_hard,Inventory levels with reorder status by warehouse and product?,"  SELECT w.name AS warehouse, p.name AS product,
         il.quantity_on_hand, rr.min_quantity,
         CASE WHEN il.quantity_on_hand < rr.min_quantity THEN 'REORDER' ELSE 'OK' END AS status
  FROM div_02.inventory_levels il
  JOIN div_02.reorder_rules rr ON rr.product_id = il.product_id AND rr.warehouse_id = il.warehouse_id
  JOIN div_02.products p ON p.product_id = il.product_id
  JOIN div_02.warehouses w ON w.warehouse_id = il.warehouse_id
  WHERE il.quantity_on_hand < rr.min_quantity;","inventory_levels,reorder_rules,products,warehouses","inventory_levels.quantity_on_hand,reorder_rules.min_quantity","inventory,composite_key",v2_composite_inventory_reorder,20
Q0341,medium,What percentage of AR invoices were late in 2024?,"  SELECT
    ROUND(100.0 * SUM(CASE WHEN status = 'late' THEN 1 ELSE 0 END) / COUNT(*), 2) AS late_pct
  FROM div_16.finance_ar_invoices
  WHERE EXTRACT(YEAR FROM invoice_date) = 2024;",finance_ar_invoices,"finance_ar_invoices.status,finance_ar_invoices.invoice_date","finance,value_mapping",v2_implicit_val_late_pct,23
Q0342,ambiguous,Show all orders across divisions.,AMBIGUOUS,,,"ambiguous,cross_division",v2_ambig_a3_show_all_orders,A3
Q0343,extra_hard,Full business unit hierarchy from the top level?,"  WITH RECURSIVE bu_tree AS (
    SELECT unit_id, name, parent_unit_id, 1 AS level
    FROM div_04.business_units
    WHERE parent_unit_id IS NULL
    UNION ALL
    SELECT bu.unit_id, bu.name, bu.parent_unit_id, bt.level + 1
    FROM div_04.business_units bu
    JOIN bu_tree bt ON bt.unit_id = bu.parent_unit_id
  )
  SELECT name, level
  FROM bu_tree
  ORDER BY level, name;",business_units,"business_units.unit_id,business_units.name,business_units.parent_unit_id","admin,recursive,hierarchy",v2_recursive_bu_hierarchy,31
Q0344,easy,How many sales orders were placed each month in 2021?,"  SELECT DATE_TRUNC('month', order_date) AS month, COUNT(*) AS order_count
  FROM div_13.sales_orders
  WHERE EXTRACT(YEAR FROM order_date) = 2021
  GROUP BY month
  ORDER BY month;",sales_orders,sales_orders.order_date,"sales,aggregation",v2_agg_orders_by_month,2
Q0345,extra_hard,What country are our highest-revenue customers from?,"  SELECT co.name AS country, c.name AS customer,
         SUM(ol.quantity * ol.unit_price) AS revenue
  FROM div_10.customers c
  JOIN div_10.sales_orders so ON so.customer_id = c.customer_id
  JOIN div_10.order_lines ol ON ol.order_id = so.order_id
  LEFT JOIN div_10.addresses a ON a.address_id = c.billing_address_id
  LEFT JOIN div_10.cities ci ON ci.city_id = a.city_id
  LEFT JOIN div_10.states_provinces sp ON sp.state_id = ci.state_id
  LEFT JOIN div_10.countries co ON co.country_id = sp.country_id
  GROUP BY co.name, c.name
  ORDER BY revenue DESC
  LIMIT 10;","customers,addresses,cities,states_provinces,countries,sales_orders,order_lines","customers.billing_address_id,countries.name","sales,geography,multi_hop",v2_multihop_customer_country,33
Q0346,hard,Which customers have never placed a sales order?,"  SELECT c.customer_id, c.name
  FROM div_18.customers c
  WHERE NOT EXISTS (
    SELECT 1 FROM div_18.sales_orders so
    WHERE so.customer_id = c.customer_id
  );","customers,sales_orders","customers.customer_id,customers.name","sales,anti_join",v2_antijoin_customers_no_orders,9
Q0347,medium,How many comments per support case in 2024?,"  SELECT case_id, COUNT(*) AS comment_count
  FROM div_03.support_ticket_comments
  WHERE EXTRACT(YEAR FROM comment_ts) = 2024
  GROUP BY case_id;",support_ticket_comments,support_ticket_comments.comment_ts,"support,header_line",v2_hdr_comment_volume,5
Q0348,medium,Show all overdue vendor invoices.,"  SELECT invoice_id, vendor_id, due_date, total, status
  FROM div_14.vendor_invoices
  WHERE due_date < CURRENT_DATE AND status <> 'paid';",vendor_invoices,"vendor_invoices.due_date,vendor_invoices.total,vendor_invoices.status","procurement,value_mapping",v2_implicit_val_overdue_vi,23
Q0349,hard,Total SOW contract value by customer for services?,"  SELECT c.name, SUM(sow.total_amount) AS total_contract_value, COUNT(*) AS sow_count
  FROM div_08.svc_statements_of_work sow
  JOIN div_08.customers c ON c.customer_id = sow.customer_id
  GROUP BY c.name
  ORDER BY total_contract_value DESC
  LIMIT 10;","svc_statements_of_work,customers","svc_statements_of_work.total_amount,customers.name","services,cross_module",v2_cross_mod_svc_revenue_customer,24
Q0350,hard,Revenue per full-time employee by department for 2022?,"  WITH dept_revenue AS (
    SELECT e.department_id,
           SUM(ol.quantity * ol.unit_price) AS revenue
    FROM div_09.order_lines ol
    JOIN div_09.sales_orders so ON so.order_id = ol.order_id
    JOIN div_09.employees e ON e.employee_id = so.sales_rep_id
    WHERE EXTRACT(YEAR FROM so.order_date) = 2022
    GROUP BY e.department_id
  ),
  dept_fte AS (
    SELECT department_id, COUNT(*) AS fte
    FROM div_09.employees
    WHERE hire_date <= DATE '2022-12-31'
      AND (termination_date IS NULL OR termination_date > DATE '2022-01-01')
    GROUP BY department_id
  )
  SELECT d.name,
         dr.revenue,
         df.fte,
         ROUND(dr.revenue / NULLIF(df.fte, 0), 2) AS revenue_per_fte
  FROM dept_revenue dr
  JOIN dept_fte df ON df.department_id = dr.department_id
  JOIN div_09.departments d ON d.department_id = dr.department_id
  ORDER BY revenue_per_fte DESC;","order_lines,sales_orders,employees,departments","order_lines.quantity,order_lines.unit_price,employees.department_id","sales,hr,cte",v2_cte_revenue_per_fte,19
Q0351,medium,Total contract value by customer for services division div_07?,"  SELECT c.name, SUM(sow.tot_amt) AS total_value, COUNT(*) AS sow_count
  FROM div_07.zz_svc_sow sow
  JOIN div_07.customers c ON c.customer_id = sow.cust_nbr
  GROUP BY c.name
  ORDER BY total_value DESC
  LIMIT 10;","zz_svc_sow,customers","zz_svc_sow.tot_amt,zz_svc_sow.cust_nbr,customers.name","services,dirty_naming",v2_dirty_svc_sow_value,27
Q0352,easy,Count of inventory adjustments by reason in 2021?,"  SELECT reason, COUNT(*) AS adjustment_count
  FROM div_11.inventory_adjustments
  WHERE EXTRACT(YEAR FROM adjustment_date) = 2021
  GROUP BY reason;",inventory_adjustments,"inventory_adjustments.reason,inventory_adjustments.adjustment_date","inventory,aggregation",v2_agg_adjustments_by_reason,2
Q0353,medium,How many employees do we have?,"  SELECT COUNT(*) AS employee_count
  FROM div_10.employees
  WHERE termination_date IS NULL;",employees,employees.employee_id,"hr,ambiguous_entity",v2_ambig_entity_employee_count,22
Q0354,ambiguous,Show me the latest records.,AMBIGUOUS,,,"ambiguous,underspecified",v2_ambig_a1_show_records,A1
Q0355,extra_hard,Business units and their parent unit names?,"  SELECT bu.name AS unit, pbu.name AS parent_unit
  FROM div_16.business_units bu
  LEFT JOIN div_16.business_units pbu ON pbu.unit_id = bu.parent_unit_id
  ORDER BY bu.name;",business_units,"business_units.unit_id,business_units.name,business_units.parent_unit_id","admin,self_join,hierarchy",v2_selfjoin_bu_hierarchy,18
Q0356,medium,Products with more than 10000 total units sold in 2024?,"  SELECT p.name, SUM(ol.quantity) AS total_units
  FROM div_18.order_lines ol
  JOIN div_18.sales_orders so ON so.order_id = ol.order_id
  JOIN div_18.products p ON p.product_id = ol.product_id
  WHERE EXTRACT(YEAR FROM so.order_date) = 2024
  GROUP BY p.name
  HAVING SUM(ol.quantity) > 10000
  ORDER BY total_units DESC;","order_lines,sales_orders,products","order_lines.quantity,products.name","sales,having",v2_having_products_high_volume,25
Q0357,medium,Total scrap quantity by reason code in manufacturing?,"  SELECT reason_code, SUM(scrap_quantity) AS total_scrap
  FROM div_05.mfg_scrap_log
  GROUP BY reason_code
  ORDER BY total_scrap DESC;",mfg_scrap_log,"mfg_scrap_log.reason_code,mfg_scrap_log.scrap_quantity","manufacturing,lookup",v2_coded_scrap_reason,7
Q0358,medium,Top 5 vendors by total purchase order spend in 2022?,"  SELECT v.name, SUM(po.total) AS total_spend
  FROM div_08.purchase_orders po
  JOIN div_08.vendors v ON v.vendor_id = po.vendor_id
  WHERE EXTRACT(YEAR FROM po.order_date) = 2022
  GROUP BY v.name
  ORDER BY total_spend DESC
  LIMIT 5;","purchase_orders,vendors","purchase_orders.total,purchase_orders.order_date,vendors.name","procurement,top_n",v2_topn_vendors_by_spend,4
Q0359,medium,Employee utilization rate by week in 2022?,"  SELECT e.employee_id, DATE_TRUNC('week', t.week_start_date) AS week_start,
         ROUND(SUM(te.hours) / 40.0, 2) AS utilization
  FROM div_06.timesheets t
  JOIN div_06.timesheet_entries te ON te.timesheet_id = t.timesheet_id
  JOIN div_06.employees e ON e.employee_id = t.employee_id
  WHERE EXTRACT(YEAR FROM t.week_start_date) = 2022
  GROUP BY e.employee_id, week_start;","timesheet_entries,timesheets,employees","timesheet_entries.hours,timesheets.week_start_date","projects,hr,rate",v2_rate_employee_utilization,29
Q0360,hard,Rank customers by total order value in 2021?,"  SELECT c.name,
         SUM(ol.quantity * ol.unit_price) AS total_value,
         RANK() OVER (ORDER BY SUM(ol.quantity * ol.unit_price) DESC) AS rnk
  FROM div_05.sales_orders so
  JOIN div_05.order_lines ol ON ol.order_id = so.order_id
  JOIN div_05.customers c ON c.customer_id = so.customer_id
  WHERE EXTRACT(YEAR FROM so.order_date) = 2021
  GROUP BY c.name
  ORDER BY rnk;","sales_orders,order_lines,customers","sales_orders.order_date,order_lines.quantity,order_lines.unit_price,customers.name","sales,window",v2_window_rank_customers,13
Q0361,hard,Each order total alongside the customer's average order value for 2024?,"  WITH order_totals AS (
    SELECT so.order_id, so.customer_id, SUM(ol.quantity * ol.unit_price) AS order_total
    FROM div_02.sales_orders so
    JOIN div_02.order_lines ol ON ol.order_id = so.order_id
    WHERE EXTRACT(YEAR FROM so.order_date) = 2024
    GROUP BY so.order_id, so.customer_id
  )
  SELECT c.name AS customer, ot.order_id, ot.order_total,
         AVG(ot.order_total) OVER (PARTITION BY ot.customer_id) AS customer_avg
  FROM order_totals ot
  JOIN div_02.customers c ON c.customer_id = ot.customer_id
  ORDER BY c.name, ot.order_id;","sales_orders,order_lines,customers","order_lines.quantity,order_lines.unit_price,customers.name","sales,mixed_aggregation",v2_mixed_agg_order_vs_customer_avg,35
Q0362,extra_hard,Vendors who had purchase orders last year but not in 2022?,"  SELECT DISTINCT v.vendor_id, v.name
  FROM div_11.purchase_orders po
  JOIN div_11.vendors v ON v.vendor_id = po.vendor_id
  WHERE EXTRACT(YEAR FROM po.order_date) = 2022 - 1
  EXCEPT
  SELECT DISTINCT v.vendor_id, v.name
  FROM div_11.purchase_orders po
  JOIN div_11.vendors v ON v.vendor_id = po.vendor_id
  WHERE EXTRACT(YEAR FROM po.order_date) = 2022;","purchase_orders,vendors","purchase_orders.vendor_id,purchase_orders.order_date","procurement,except",v2_except_vendors_lost,16
Q0363,medium,Billing milestones past due and not yet invoiced for services?,"  SELECT sow.sow_number, bm.description, bm.amount, bm.due_date
  FROM div_06.svc_billing_milestones bm
  JOIN div_06.svc_statements_of_work sow ON sow.sow_id = bm.sow_id
  WHERE bm.due_date < CURRENT_DATE AND bm.invoice_date IS NULL
  ORDER BY bm.due_date;","svc_billing_milestones,svc_statements_of_work","svc_billing_milestones.due_date,svc_billing_milestones.invoice_date,svc_billing_milestones.amount","services,value_mapping",v2_svc_overdue_milestones,23
Q0364,medium,Billing milestones past due and not yet invoiced for services?,"  SELECT sow.sow_number, bm.description, bm.amount, bm.due_date
  FROM div_08.svc_billing_milestones bm
  JOIN div_08.svc_statements_of_work sow ON sow.sow_id = bm.sow_id
  WHERE bm.due_date < CURRENT_DATE AND bm.invoice_date IS NULL
  ORDER BY bm.due_date;","svc_billing_milestones,svc_statements_of_work","svc_billing_milestones.due_date,svc_billing_milestones.invoice_date,svc_billing_milestones.amount","services,value_mapping",v2_svc_overdue_milestones,23
Q0365,medium,Total POS sales by payment method for retail division div_14?,"  SELECT pay_mthd_cd, COUNT(*) AS txn_count,
         SUM(tot_amt) AS total_sales
  FROM div_14.zz_pos_trnx
  GROUP BY pay_mthd_cd
  ORDER BY total_sales DESC;",zz_pos_trnx,"zz_pos_trnx.pay_mthd_cd,zz_pos_trnx.tot_amt","retail,dirty_naming",v2_dirty_rtl_pos_sales,27
Q0366,medium,Promotion effectiveness by active promotion in retail?,"  SELECT pr.promotion_name, pr.discount_type_code,
         COUNT(*) AS line_items,
         ROUND(AVG(li.discount_amount), 2) AS avg_discount
  FROM div_15.rtl_pos_line_items li
  JOIN div_15.rtl_promotions pr ON pr.promotion_code = li.promotion_code
  WHERE pr.status_code = 'AC' AND li.promotion_code IS NOT NULL
  GROUP BY pr.promotion_name, pr.discount_type_code
  ORDER BY line_items DESC;","rtl_pos_line_items,rtl_promotions","rtl_pos_line_items.discount_amount,rtl_promotions.promotion_code","retail,rate",v2_rtl_promo_effectiveness,29
Q0367,ambiguous,Show employee headcount by department.,AMBIGUOUS,,,"ambiguous,cross_division",v2_ambig_a3_headcount_by_dept,A3
Q0368,medium,Promotion effectiveness by active promotion in retail?,"  SELECT pr.promotion_name, pr.discount_type_code,
         COUNT(*) AS line_items,
         ROUND(AVG(li.discount_amount), 2) AS avg_discount
  FROM div_13.rtl_pos_line_items li
  JOIN div_13.rtl_promotions pr ON pr.promotion_code = li.promotion_code
  WHERE pr.status_code = 'AC' AND li.promotion_code IS NOT NULL
  GROUP BY pr.promotion_name, pr.discount_type_code
  ORDER BY line_items DESC;","rtl_pos_line_items,rtl_promotions","rtl_pos_line_items.discount_amount,rtl_promotions.promotion_code","retail,rate",v2_rtl_promo_effectiveness,29
Q0369,hard,Employees whose salary exceeds their department average?,"  SELECT e.first_name, e.last_name, es.amount AS salary, e.department_id
  FROM div_08.employees e
  JOIN div_08.employee_salaries es ON es.employee_id = e.employee_id
  WHERE es.amount > (
    SELECT AVG(es2.amount)
    FROM div_08.employee_salaries es2
    JOIN div_08.employees e2 ON e2.employee_id = es2.employee_id
    WHERE e2.department_id = e.department_id
  );","employees,employee_salaries","employee_salaries.amount,employees.department_id","hr,correlated_subquery",v2_corr_salary_above_dept_avg,17
Q0370,hard,"How many employees were active on January 1, 2024?","  SELECT COUNT(*) AS active_count
  FROM div_14.employees
  WHERE hire_date <= DATE '2024-01-01'
    AND (termination_date IS NULL OR termination_date > DATE '2024-01-01');",employees,"employees.hire_date,employees.termination_date","hr,temporal,scd2",v2_scd2_active_employees_at_date,8
Q0371,hard,Top 10 products by POS revenue in retail?,"  SELECT p.name, SUM(li.line_total) AS total_revenue,
         SUM(li.quantity) AS units_sold
  FROM div_15.rtl_pos_line_items li
  JOIN div_15.products p ON p.product_id = li.product_id
  GROUP BY p.name
  ORDER BY total_revenue DESC
  LIMIT 10;","rtl_pos_line_items,products","rtl_pos_line_items.line_total,products.name","retail,window",v2_window_rank_rtl_products,13
Q0372,medium,Total scrap quantity by reason code in manufacturing?,"  SELECT reason_code, SUM(scrap_quantity) AS total_scrap
  FROM div_01.mfg_scrap_log
  GROUP BY reason_code
  ORDER BY total_scrap DESC;",mfg_scrap_log,"mfg_scrap_log.reason_code,mfg_scrap_log.scrap_quantity","manufacturing,lookup",v2_coded_scrap_reason,7
Q0373,medium,What is the average unit price on purchase order lines in Q1 2021?,"  SELECT ROUND(AVG(pl.unit_price), 2) AS avg_unit_price
  FROM div_05.purchase_orders po
  JOIN div_05.po_lines pl ON pl.po_id = po.po_id
  WHERE po.order_date >= DATE '2021-01-01'
    AND po.order_date < DATE '2021-04-01';","purchase_orders,po_lines","po_lines.unit_price,purchase_orders.order_date","procurement,header_line",v2_hdr_avg_line_price,5
Q0374,hard,Total maintenance cost by asset category in 2024?,"  SELECT ac.name, SUM(am.cost) AS total_cost
  FROM div_05.asset_maintenance am
  JOIN div_05.fixed_assets fa ON fa.asset_id = am.asset_id
  JOIN div_05.asset_categories ac ON ac.category_id = fa.category_id
  WHERE EXTRACT(YEAR FROM am.scheduled_date) = 2024
  GROUP BY ac.name;","asset_maintenance,fixed_assets,asset_categories","asset_maintenance.cost,asset_categories.name","assets,multi_join",v2_chain3_maintenance_by_category,6
Q0375,medium,Total POS sales by payment method for retail division div_12?,"  SELECT pay_mthd_cd, COUNT(*) AS txn_count,
         SUM(tot_amt) AS total_sales
  FROM div_12.zz_pos_trnx
  GROUP BY pay_mthd_cd
  ORDER BY total_sales DESC;",zz_pos_trnx,"zz_pos_trnx.pay_mthd_cd,zz_pos_trnx.tot_amt","retail,dirty_naming",v2_dirty_rtl_pos_sales,27
Q0376,hard,Which customers have never placed a sales order?,"  SELECT c.customer_id, c.name
  FROM div_04.customers c
  WHERE NOT EXISTS (
    SELECT 1 FROM div_04.sales_orders so
    WHERE so.customer_id = c.customer_id
  );","customers,sales_orders","customers.customer_id,customers.name","sales,anti_join",v2_antijoin_customers_no_orders,9
Q0377,easy,Inventory lots expiring within 60 days?,"  SELECT lot_id, lot_number, expiration_date
  FROM div_08.inventory_lots
  WHERE expiration_date <= CURRENT_DATE + INTERVAL '60 days';",inventory_lots,"inventory_lots.expiration_date,inventory_lots.lot_number","inventory,lookup",v2_lookup_expiring_lots,1
Q0378,hard,Revenue per full-time employee by department for 2021?,"  WITH dept_revenue AS (
    SELECT e.department_id,
           SUM(ol.quantity * ol.unit_price) AS revenue
    FROM div_20.order_lines ol
    JOIN div_20.sales_orders so ON so.order_id = ol.order_id
    JOIN div_20.employees e ON e.employee_id = so.sales_rep_id
    WHERE EXTRACT(YEAR FROM so.order_date) = 2021
    GROUP BY e.department_id
  ),
  dept_fte AS (
    SELECT department_id, COUNT(*) AS fte
    FROM div_20.employees
    WHERE hire_date <= DATE '2021-12-31'
      AND (termination_date IS NULL OR termination_date > DATE '2021-01-01')
    GROUP BY department_id
  )
  SELECT d.name,
         dr.revenue,
         df.fte,
         ROUND(dr.revenue / NULLIF(df.fte, 0), 2) AS revenue_per_fte
  FROM dept_revenue dr
  JOIN dept_fte df ON df.department_id = dr.department_id
  JOIN div_20.departments d ON d.department_id = dr.department_id
  ORDER BY revenue_per_fte DESC;","order_lines,sales_orders,employees,departments","order_lines.quantity,order_lines.unit_price,employees.department_id","sales,hr,cte",v2_cte_revenue_per_fte,19
Q0379,medium,How many benefit elections by coverage level in 2021?,"  SELECT coverage_level, COUNT(*) AS elections
  FROM div_06.hr_benefit_elections
  WHERE EXTRACT(YEAR FROM election_date) = 2021
  GROUP BY coverage_level;",hr_benefit_elections,"hr_benefit_elections.coverage_level,hr_benefit_elections.election_date","hr,value_grounding",v2_join_val_benefit_elections,3
Q0380,medium,Total contract value by customer for services division div_09?,"  SELECT c.name, SUM(sow.tot_amt) AS total_value, COUNT(*) AS sow_count
  FROM div_09.zz_svc_sow sow
  JOIN div_09.customers c ON c.customer_id = sow.cust_nbr
  GROUP BY c.name
  ORDER BY total_value DESC
  LIMIT 10;","zz_svc_sow,customers","zz_svc_sow.tot_amt,zz_svc_sow.cust_nbr,customers.name","services,dirty_naming",v2_dirty_svc_sow_value,27
Q0381,hard,Average resource allocation by role for active SOWs in services?,"  SELECT rp.role_name,
         ROUND(AVG(rp.allocation_percent), 1) AS avg_allocation,
         COUNT(*) AS assignments
  FROM div_10.svc_resource_plan rp
  JOIN div_10.svc_statements_of_work sow ON sow.sow_id = rp.sow_id
  WHERE sow.status_code = 'AC'
  GROUP BY rp.role_name
  ORDER BY avg_allocation DESC;","svc_resource_plan,svc_statements_of_work","svc_resource_plan.role_name,svc_resource_plan.allocation_percent","services,cross_module",v2_cross_mod_svc_utilization,24
Q0382,hard,Employee turnover rate for 2023?,"  WITH terminations AS (
    SELECT COUNT(*) AS term_count
    FROM div_18.employees
    WHERE EXTRACT(YEAR FROM termination_date) = 2023
  ),
  headcount AS (
    SELECT COUNT(*) AS headcount
    FROM div_18.employees
    WHERE hire_date <= DATE '2023-12-31'
      AND (termination_date IS NULL OR termination_date > DATE '2023-01-01')
  )
  SELECT ROUND(100.0 * t.term_count / NULLIF(h.headcount,0), 2) AS turnover_pct
  FROM terminations t, headcount h;",employees,"employees.termination_date,employees.hire_date","hr,cte",v2_cte_employee_turnover,19
Q0383,medium,Who are the primary contacts for all customers?,"  SELECT c.name AS customer, cc.first_name || ' ' || cc.last_name AS contact, cc.email
  FROM div_15.customers c
  JOIN div_15.customer_contacts cc ON cc.customer_id = c.customer_id
  WHERE cc.is_primary = TRUE
  ORDER BY c.name;","customers,customer_contacts","customer_contacts.is_primary,customer_contacts.first_name,customer_contacts.last_name","sales,value_grounding",v2_join_val_primary_contacts,3
Q0384,extra_hard,"All documents issued in January 2023 — purchase orders, sales orders, and vendor invoices?","  SELECT 'Purchase Order' AS doc_type, po_id AS doc_id, order_date AS doc_date, total AS amount
  FROM div_12.purchase_orders
  WHERE order_date >= DATE '2023-01-01' AND order_date < DATE '2023-02-01'
  UNION ALL
  SELECT 'Sales Order', order_id, order_date, NULL
  FROM div_12.sales_orders
  WHERE order_date >= DATE '2023-01-01' AND order_date < DATE '2023-02-01'
  UNION ALL
  SELECT 'Vendor Invoice', invoice_id, invoice_date, total
  FROM div_12.vendor_invoices
  WHERE invoice_date >= DATE '2023-01-01' AND invoice_date < DATE '2023-02-01'
  ORDER BY doc_date;","purchase_orders,sales_orders,vendor_invoices","purchase_orders.order_date,sales_orders.order_date,vendor_invoices.invoice_date","multi_module,union",v2_union_all_documents,15
Q0385,easy,Count of inventory adjustments by reason in 2022?,"  SELECT reason, COUNT(*) AS adjustment_count
  FROM div_03.inventory_adjustments
  WHERE EXTRACT(YEAR FROM adjustment_date) = 2022
  GROUP BY reason;",inventory_adjustments,"inventory_adjustments.reason,inventory_adjustments.adjustment_date","inventory,aggregation",v2_agg_adjustments_by_reason,2
Q0386,ambiguous,What's our revenue by region?,AMBIGUOUS,,,"ambiguous,cross_division",v2_ambig_a3_revenue_by_region,A3
Q0387,easy,Show onboarding tasks that are overdue.,"  SELECT task_id, employee_id, task_name, due_date, status
  FROM div_10.hr_onboarding_tasks
  WHERE status <> 'done'
    AND due_date < CURRENT_DATE;",hr_onboarding_tasks,"hr_onboarding_tasks.status,hr_onboarding_tasks.due_date","hr,lookup",v2_lookup_overdue_onboarding,1
Q0388,medium,Average resource allocation by project in 2023?,"  SELECT p.name, ROUND(AVG(pr.allocation_percent), 2) AS avg_alloc
  FROM div_07.project_resources pr
  JOIN div_07.projects p ON p.project_id = pr.project_id
  WHERE EXTRACT(YEAR FROM p.start_date) = 2023
  GROUP BY p.name;","project_resources,projects","project_resources.allocation_percent,projects.start_date","projects,value_mapping",v2_implicit_val_project_resource_alloc,23
Q0389,medium,Promotion effectiveness by active promotion in retail?,"  SELECT pr.promotion_name, pr.discount_type_code,
         COUNT(*) AS line_items,
         ROUND(AVG(li.discount_amount), 2) AS avg_discount
  FROM div_15.rtl_pos_line_items li
  JOIN div_15.rtl_promotions pr ON pr.promotion_code = li.promotion_code
  WHERE pr.status_code = 'AC' AND li.promotion_code IS NOT NULL
  GROUP BY pr.promotion_name, pr.discount_type_code
  ORDER BY line_items DESC;","rtl_pos_line_items,rtl_promotions","rtl_pos_line_items.discount_amount,rtl_promotions.promotion_code","retail,rate",v2_rtl_promo_effectiveness,29
Q0390,hard,Year-over-year sales growth comparing 2022 to the prior year?,"  WITH yearly AS (
    SELECT EXTRACT(YEAR FROM so.order_date) AS yr,
           SUM(ol.quantity * ol.unit_price) AS total_sales
    FROM div_03.order_lines ol
    JOIN div_03.sales_orders so ON so.order_id = ol.order_id
    WHERE EXTRACT(YEAR FROM so.order_date) IN (2022, 2022 - 1)
    GROUP BY yr
  )
  SELECT
    cur.total_sales AS current_year_sales,
    prev.total_sales AS prior_year_sales,
    ROUND(100.0 * (cur.total_sales - prev.total_sales) / NULLIF(prev.total_sales, 0), 2) AS growth_pct
  FROM yearly cur
  JOIN yearly prev ON cur.yr = prev.yr + 1;","order_lines,sales_orders","order_lines.quantity,order_lines.unit_price,sales_orders.order_date","sales,temporal,yoy",v2_yoy_sales_growth,34
Q0391,extra_hard,All sub-departments under Finance at any level?,"  WITH RECURSIVE dept_tree AS (
    SELECT department_id, name, parent_department_id, 1 AS level
    FROM div_03.departments
    WHERE name = 'Finance'
    UNION ALL
    SELECT d.department_id, d.name, d.parent_department_id, dt.level + 1
    FROM div_03.departments d
    JOIN dept_tree dt ON dt.department_id = d.parent_department_id
  )
  SELECT name, level
  FROM dept_tree
  WHERE level > 1
  ORDER BY level, name;",departments,"departments.department_id,departments.name,departments.parent_department_id","hr,recursive,hierarchy",v2_recursive_dept_hierarchy,31
Q0392,medium,How many comments per support case in 2022?,"  SELECT case_id, COUNT(*) AS comment_count
  FROM div_07.support_ticket_comments
  WHERE EXTRACT(YEAR FROM comment_ts) = 2022
  GROUP BY case_id;",support_ticket_comments,support_ticket_comments.comment_ts,"support,header_line",v2_hdr_comment_volume,5
Q0393,medium,Employees with more than 10 time clock entries in a single week during 2021?,"  SELECT e.employee_id, e.first_name, e.last_name, DATE_TRUNC('week', t.work_date) AS week_start, COUNT(*) AS entries
  FROM div_16.hr_time_clock_entries t
  JOIN div_16.employees e ON e.employee_id = t.employee_id
  WHERE EXTRACT(YEAR FROM t.work_date) = 2021
  GROUP BY e.employee_id, e.first_name, e.last_name, week_start
  HAVING COUNT(*) > 10;","hr_time_clock_entries,employees","hr_time_clock_entries.work_date,employees.employee_id","hr,having",v2_having_overtime_employees,25
Q0394,ambiguous,What's the current status?,AMBIGUOUS,,,"ambiguous,missing_context",v2_ambig_a2_show_status,A2
Q0395,extra_hard,Products sold in 2023 but not in the prior year?,"  SELECT DISTINCT p.product_id, p.name
  FROM div_15.order_lines ol
  JOIN div_15.sales_orders so ON so.order_id = ol.order_id
  JOIN div_15.products p ON p.product_id = ol.product_id
  WHERE EXTRACT(YEAR FROM so.order_date) = 2023
  EXCEPT
  SELECT DISTINCT p.product_id, p.name
  FROM div_15.order_lines ol
  JOIN div_15.sales_orders so ON so.order_id = ol.order_id
  JOIN div_15.products p ON p.product_id = ol.product_id
  WHERE EXTRACT(YEAR FROM so.order_date) = 2023 - 1;","order_lines,sales_orders,products","order_lines.product_id,sales_orders.order_date","sales,except",v2_except_products_not_in_year,16
Q0396,hard,Top 10 products by POS revenue in retail?,"  SELECT p.name, SUM(li.line_total) AS total_revenue,
         SUM(li.quantity) AS units_sold
  FROM div_13.rtl_pos_line_items li
  JOIN div_13.products p ON p.product_id = li.product_id
  GROUP BY p.name
  ORDER BY total_revenue DESC
  LIMIT 10;","rtl_pos_line_items,products","rtl_pos_line_items.line_total,products.name","retail,window",v2_window_rank_rtl_products,13
Q0397,extra_hard,Sales order count by state for 2022?,"  SELECT s.name AS state, COUNT(*) AS order_count
  FROM div_02.sales_orders so
  JOIN div_02.customers c ON c.customer_id = so.customer_id
  LEFT JOIN div_02.addresses a ON a.address_id = c.billing_address_id
  LEFT JOIN div_02.cities ci ON ci.city_id = a.city_id
  LEFT JOIN div_02.states_provinces s ON s.state_id = ci.state_id
  WHERE EXTRACT(YEAR FROM so.order_date) = 2022
  GROUP BY s.name
  ORDER BY order_count DESC;","sales_orders,customers,addresses,cities,states_provinces","sales_orders.order_date,states_provinces.name","sales,geography,multi_hop",v2_multihop_sales_by_state,33
Q0398,easy,Projects that have no milestones defined?,"  SELECT p.project_id, p.name
  FROM div_10.projects p
  LEFT JOIN div_10.project_milestones pm ON pm.project_id = p.project_id
  WHERE pm.milestone_id IS NULL;","projects,project_milestones","projects.project_id,projects.name","projects,left_join",v2_leftjoin_projects_no_milestones,11
Q0399,medium,Average days between vendor invoice date and due date by vendor?,"  SELECT v.name, ROUND(AVG(vi.due_date - vi.invoice_date)::numeric, 2) AS avg_days
  FROM div_19.vendor_invoices vi
  JOIN div_19.vendors v ON v.vendor_id = vi.vendor_id
  GROUP BY v.name
  ORDER BY avg_days DESC;","vendor_invoices,vendors","vendor_invoices.invoice_date,vendor_invoices.due_date","procurement,date_arithmetic",v2_date_vendor_invoice_aging,28
Q0400,medium,Count of statements of work by status?,"  SELECT lc.meaning AS status, COUNT(*) AS sow_count
  FROM div_10.svc_statements_of_work sow
  JOIN div_10.lookup_codes lc ON lc.code = sow.status_code AND lc.domain = 'PROJECT_STATUS'
  GROUP BY lc.meaning
  ORDER BY sow_count DESC;","svc_statements_of_work,lookup_codes","svc_statements_of_work.status_code,lookup_codes.meaning","services,lookup",v2_coded_sow_status,7
Q0401,hard,Customers who have not placed any orders in 2023?,"  SELECT c.customer_id, c.name
  FROM div_15.customers c
  WHERE NOT EXISTS (
    SELECT 1 FROM div_15.sales_orders so
    WHERE so.customer_id = c.customer_id
      AND EXTRACT(YEAR FROM so.order_date) = 2023
  );","customers,sales_orders","customers.customer_id,customers.name","sales,anti_join,temporal",v2_antijoin_temp_no_recent_orders,10
Q0402,hard,Monthly project expenses with running total for 2021?,"  SELECT
    DATE_TRUNC('month', expense_date) AS month,
    SUM(amount) AS monthly_expense,
    SUM(SUM(amount)) OVER (ORDER BY DATE_TRUNC('month', expense_date)) AS running_total
  FROM div_20.project_expenses
  WHERE EXTRACT(YEAR FROM expense_date) = 2021
  GROUP BY month
  ORDER BY month;",project_expenses,"project_expenses.expense_date,project_expenses.amount","projects,window",v2_window_running_expenses,12
Q0403,medium,Quarterly revenue breakdown for 2023?,"  SELECT
    EXTRACT(QUARTER FROM so.order_date) AS quarter,
    SUM(ol.quantity * ol.unit_price) AS revenue
  FROM div_01.order_lines ol
  JOIN div_01.sales_orders so ON so.order_id = ol.order_id
  WHERE EXTRACT(YEAR FROM so.order_date) = 2023
  GROUP BY quarter
  ORDER BY quarter;","order_lines,sales_orders","order_lines.quantity,order_lines.unit_price,sales_orders.order_date","sales,header_line",v2_hdr_quarterly_revenue,5
Q0404,medium,Total POS sales by payment method for retail division div_12?,"  SELECT pay_mthd_cd, COUNT(*) AS txn_count,
         SUM(tot_amt) AS total_sales
  FROM div_12.zz_pos_trnx
  GROUP BY pay_mthd_cd
  ORDER BY total_sales DESC;",zz_pos_trnx,"zz_pos_trnx.pay_mthd_cd,zz_pos_trnx.tot_amt","retail,dirty_naming",v2_dirty_rtl_pos_sales,27
Q0405,medium,Average days from PO to goods receipt by vendor in 2023?,"  SELECT v.name, ROUND(AVG(gr.receipt_date - po.order_date), 2) AS avg_days
  FROM div_03.purchase_orders po
  JOIN div_03.goods_receipts gr ON gr.po_id = po.po_id
  JOIN div_03.vendors v ON v.vendor_id = po.vendor_id
  WHERE EXTRACT(YEAR FROM po.order_date) = 2023
  GROUP BY v.name
  ORDER BY avg_days;","purchase_orders,goods_receipts,vendors","purchase_orders.order_date,goods_receipts.receipt_date,vendors.name","procurement,date_arithmetic",v2_date_po_to_receipt,28
Q0406,extra_hard,"All documents issued in January 2023 — purchase orders, sales orders, and vendor invoices?","  SELECT 'Purchase Order' AS doc_type, po_id AS doc_id, order_date AS doc_date, total AS amount
  FROM div_18.purchase_orders
  WHERE order_date >= DATE '2023-01-01' AND order_date < DATE '2023-02-01'
  UNION ALL
  SELECT 'Sales Order', order_id, order_date, NULL
  FROM div_18.sales_orders
  WHERE order_date >= DATE '2023-01-01' AND order_date < DATE '2023-02-01'
  UNION ALL
  SELECT 'Vendor Invoice', invoice_id, invoice_date, total
  FROM div_18.vendor_invoices
  WHERE invoice_date >= DATE '2023-01-01' AND invoice_date < DATE '2023-02-01'
  ORDER BY doc_date;","purchase_orders,sales_orders,vendor_invoices","purchase_orders.order_date,sales_orders.order_date,vendor_invoices.invoice_date","multi_module,union",v2_union_all_documents,15
Q0407,hard,"Segment customers by credit limit: premium, standard, or basic?","  SELECT
    CASE
      WHEN credit_limit > 50000 THEN 'premium'
      WHEN credit_limit > 10000 THEN 'standard'
      ELSE 'basic'
    END AS segment,
    COUNT(*) AS customer_count,
    ROUND(AVG(credit_limit), 2) AS avg_credit_limit
  FROM div_06.customers
  GROUP BY segment
  ORDER BY avg_credit_limit DESC;",customers,"customers.credit_limit,customers.name","sales,case_bucket",v2_case_customer_segment,26
Q0408,medium,Departments with more than 50 employees?,"  SELECT d.name, COUNT(*) AS headcount
  FROM div_11.employees e
  JOIN div_11.departments d ON d.department_id = e.department_id
  WHERE e.termination_date IS NULL
  GROUP BY d.name
  HAVING COUNT(*) > 50;","employees,departments","employees.department_id,departments.name","hr,having",v2_having_dept_headcount,25
Q0409,easy,Products that have no assigned supplier?,"  SELECT p.product_id, p.name, p.sku
  FROM div_11.products p
  LEFT JOIN div_11.product_suppliers ps ON ps.product_id = p.product_id
  WHERE ps.supplier_id IS NULL;","products,product_suppliers","products.product_id,products.name","inventory,left_join",v2_leftjoin_products_no_supplier,11
Q0410,medium,Vendors with more than 10 purchase orders in 2021?,"  SELECT v.name, COUNT(*) AS po_count
  FROM div_19.purchase_orders po
  JOIN div_19.vendors v ON v.vendor_id = po.vendor_id
  WHERE EXTRACT(YEAR FROM po.order_date) = 2021
  GROUP BY v.name
  HAVING COUNT(*) > 10
  ORDER BY po_count DESC;","purchase_orders,vendors","purchase_orders.order_date,vendors.name","procurement,having",v2_having_vendors_multi_po,25
Q0411,hard,Products with no inventory transactions in the last 90 days?,"  SELECT p.product_id, p.name
  FROM div_02.products p
  WHERE NOT EXISTS (
    SELECT 1 FROM div_02.inventory_transactions it
    WHERE it.product_id = p.product_id
      AND it.transaction_date >= CURRENT_DATE - INTERVAL '90 days'
  );","products,inventory_transactions","products.product_id,products.name","inventory,anti_join,temporal",v2_antijoin_temp_no_recent_txns,10
Q0412,medium,Total contract value by customer for services division div_07?,"  SELECT c.name, SUM(sow.tot_amt) AS total_value, COUNT(*) AS sow_count
  FROM div_07.zz_svc_sow sow
  JOIN div_07.customers c ON c.customer_id = sow.cust_nbr
  GROUP BY c.name
  ORDER BY total_value DESC
  LIMIT 10;","zz_svc_sow,customers","zz_svc_sow.tot_amt,zz_svc_sow.cust_nbr,customers.name","services,dirty_naming",v2_dirty_svc_sow_value,27
Q0413,easy,Inventory lots expiring within 60 days?,"  SELECT lot_id, lot_number, expiration_date
  FROM div_18.inventory_lots
  WHERE expiration_date <= CURRENT_DATE + INTERVAL '60 days';",inventory_lots,"inventory_lots.expiration_date,inventory_lots.lot_number","inventory,lookup",v2_lookup_expiring_lots,1
Q0414,easy,Bank accounts with balance under 500?,"  SELECT bank_account_id, account_number, bank_name, current_balance
  FROM div_07.bank_accounts
  WHERE current_balance < 500;",bank_accounts,bank_accounts.current_balance,"finance,lookup",v2_lookup_bank_balance,1
Q0415,medium,Employee utilization rate by week in 2023?,"  SELECT e.employee_id, DATE_TRUNC('week', t.week_start_date) AS week_start,
         ROUND(SUM(te.hours) / 40.0, 2) AS utilization
  FROM div_01.timesheets t
  JOIN div_01.timesheet_entries te ON te.timesheet_id = t.timesheet_id
  JOIN div_01.employees e ON e.employee_id = t.employee_id
  WHERE EXTRACT(YEAR FROM t.week_start_date) = 2023
  GROUP BY e.employee_id, week_start;","timesheet_entries,timesheets,employees","timesheet_entries.hours,timesheets.week_start_date","projects,hr,rate",v2_rate_employee_utilization,29
Q0416,medium,Quarterly revenue breakdown for 2024?,"  SELECT
    EXTRACT(QUARTER FROM so.order_date) AS quarter,
    SUM(ol.quantity * ol.unit_price) AS revenue
  FROM div_14.order_lines ol
  JOIN div_14.sales_orders so ON so.order_id = ol.order_id
  WHERE EXTRACT(YEAR FROM so.order_date) = 2024
  GROUP BY quarter
  ORDER BY quarter;","order_lines,sales_orders","order_lines.quantity,order_lines.unit_price,sales_orders.order_date","sales,header_line",v2_hdr_quarterly_revenue,5
Q0417,hard,Top 3 sales reps by revenue per department in 2024?,"  WITH rep_revenue AS (
    SELECT e.employee_id, e.first_name, e.last_name, d.name AS department,
           SUM(ol.quantity * ol.unit_price) AS revenue,
           RANK() OVER (PARTITION BY e.department_id ORDER BY SUM(ol.quantity * ol.unit_price) DESC) AS rnk
    FROM div_09.order_lines ol
    JOIN div_09.sales_orders so ON so.order_id = ol.order_id
    JOIN div_09.employees e ON e.employee_id = so.sales_rep_id
    JOIN div_09.departments d ON d.department_id = e.department_id
    WHERE EXTRACT(YEAR FROM so.order_date) = 2024
    GROUP BY e.employee_id, e.first_name, e.last_name, d.name, e.department_id
  )
  SELECT first_name, last_name, department, revenue, rnk
  FROM rep_revenue
  WHERE rnk <= 3
  ORDER BY department, rnk;","order_lines,sales_orders,employees,departments","order_lines.quantity,order_lines.unit_price,employees.first_name","sales,hr,window",v2_window_rank_sales_reps,13
Q0418,hard,Year-over-year purchase order count change comparing 2024 vs prior year?,"  WITH yearly AS (
    SELECT EXTRACT(YEAR FROM order_date) AS yr, COUNT(*) AS po_count
    FROM div_12.purchase_orders
    WHERE EXTRACT(YEAR FROM order_date) IN (2024, 2024 - 1)
    GROUP BY yr
  )
  SELECT
    cur.po_count AS current_year,
    prev.po_count AS prior_year,
    cur.po_count - prev.po_count AS change,
    ROUND(100.0 * (cur.po_count - prev.po_count) / NULLIF(prev.po_count, 0), 2) AS change_pct
  FROM yearly cur
  JOIN yearly prev ON cur.yr = prev.yr + 1;",purchase_orders,purchase_orders.order_date,"procurement,temporal,yoy",v2_yoy_po_volume,34
Q0419,extra_hard,Vendors who had purchase orders last year but not in 2023?,"  SELECT DISTINCT v.vendor_id, v.name
  FROM div_02.purchase_orders po
  JOIN div_02.vendors v ON v.vendor_id = po.vendor_id
  WHERE EXTRACT(YEAR FROM po.order_date) = 2023 - 1
  EXCEPT
  SELECT DISTINCT v.vendor_id, v.name
  FROM div_02.purchase_orders po
  JOIN div_02.vendors v ON v.vendor_id = po.vendor_id
  WHERE EXTRACT(YEAR FROM po.order_date) = 2023;","purchase_orders,vendors","purchase_orders.vendor_id,purchase_orders.order_date","procurement,except",v2_except_vendors_lost,16
Q0420,hard,Compare effective vs statutory tax rate by jurisdiction for corporate?,"  SELECT jurisdiction, tax_type,
         ROUND(AVG(effective_rate), 4) AS avg_effective_rate,
         ROUND(AVG(statutory_rate), 4) AS avg_statutory_rate,
         ROUND(AVG(statutory_rate - effective_rate), 4) AS avg_rate_gap,
         SUM(current_provision + deferred_provision) AS total_provision
  FROM div_16.corp_tax_provisions
  GROUP BY jurisdiction, tax_type
  ORDER BY total_provision DESC;",corp_tax_provisions,"corp_tax_provisions.jurisdiction,corp_tax_provisions.effective_rate,corp_tax_provisions.statutory_rate","corporate,case_bucket",v2_corp_tax_comparison,26
Q0421,medium,Average time to close support cases in 2021?,"  SELECT ROUND(AVG(EXTRACT(EPOCH FROM (updated_at - opened_at)) / 3600), 2) AS avg_close_hours
  FROM div_12.cust_srv_case
  WHERE status = 'closed'
    AND EXTRACT(YEAR FROM opened_at) = 2021;",cust_srv_case,"cust_srv_case.opened_at,cust_srv_case.updated_at","support,rate",v2_rate_sla_resolution,29
Q0422,hard,Weighted average cost per unit by product in 2022?,"  SELECT p.name,
         ROUND(SUM(ol.quantity * ol.unit_price) / NULLIF(SUM(ol.quantity), 0), 2) AS weighted_avg_cost,
         SUM(ol.quantity) AS total_units
  FROM div_18.order_lines ol
  JOIN div_18.sales_orders so ON so.order_id = ol.order_id
  JOIN div_18.products p ON p.product_id = ol.product_id
  WHERE EXTRACT(YEAR FROM so.order_date) = 2022
  GROUP BY p.name
  ORDER BY weighted_avg_cost DESC;","order_lines,sales_orders,products","order_lines.quantity,order_lines.unit_price,products.name","finance,mixed_aggregation",v2_weighted_avg_cost,35
Q0423,medium,Total scrap quantity by reason code in manufacturing?,"  SELECT reason_code, SUM(scrap_quantity) AS total_scrap
  FROM div_01.mfg_scrap_log
  GROUP BY reason_code
  ORDER BY total_scrap DESC;",mfg_scrap_log,"mfg_scrap_log.reason_code,mfg_scrap_log.scrap_quantity","manufacturing,lookup",v2_coded_scrap_reason,7
Q0424,medium,Top 10 customers by total sales amount in 2022?,"  SELECT c.name, SUM(ol.quantity * ol.unit_price) AS total_sales
  FROM div_19.sales_orders so
  JOIN div_19.order_lines ol ON ol.order_id = so.order_id
  JOIN div_19.customers c ON c.customer_id = so.customer_id
  WHERE EXTRACT(YEAR FROM so.order_date) = 2022
  GROUP BY c.name
  ORDER BY total_sales DESC
  LIMIT 10;","sales_orders,order_lines,customers","sales_orders.order_date,order_lines.quantity,order_lines.unit_price,customers.name","sales,top_n",v2_topn_customers_by_sales,4
Q0425,hard,"Employee tenure distribution (0-1yr, 1-3yr, 3-5yr, 5+yr) as of end of 2021?","  SELECT
    CASE
      WHEN EXTRACT(YEAR FROM AGE(DATE '2021-12-31', hire_date)) < 1 THEN '0-1 yr'
      WHEN EXTRACT(YEAR FROM AGE(DATE '2021-12-31', hire_date)) < 3 THEN '1-3 yr'
      WHEN EXTRACT(YEAR FROM AGE(DATE '2021-12-31', hire_date)) < 5 THEN '3-5 yr'
      ELSE '5+ yr'
    END AS tenure_bucket,
    COUNT(*) AS employee_count
  FROM div_14.employees
  WHERE hire_date <= DATE '2021-12-31'
    AND (termination_date IS NULL OR termination_date > DATE '2021-12-31')
  GROUP BY tenure_bucket
  ORDER BY tenure_bucket;",employees,employees.hire_date,"hr,temporal,scd2",v2_scd2_tenure_distribution,8
Q0426,hard,Each employee's salary alongside their department average?,"  SELECT e.first_name, e.last_name, d.name AS department,
         es.amount AS salary,
         AVG(es.amount) OVER (PARTITION BY e.department_id) AS dept_avg_salary
  FROM div_07.employees e
  JOIN div_07.employee_salaries es ON es.employee_id = e.employee_id
  JOIN div_07.departments d ON d.department_id = e.department_id;","employees,employee_salaries,departments","employee_salaries.amount,employees.department_id,departments.name","hr,mixed_aggregation",v2_mixed_agg_salary_vs_dept_avg,35
Q0427,hard,Which vendors have never received a purchase order?,"  SELECT v.vendor_id, v.name
  FROM div_14.vendors v
  WHERE NOT EXISTS (
    SELECT 1 FROM div_14.purchase_orders po
    WHERE po.vendor_id = v.vendor_id
  );","vendors,purchase_orders","vendors.vendor_id,vendors.name","procurement,anti_join",v2_antijoin_vendors_no_po,9
Q0428,medium,Products with more than 5000 total units sold in 2023?,"  SELECT p.name, SUM(ol.quantity) AS total_units
  FROM div_05.order_lines ol
  JOIN div_05.sales_orders so ON so.order_id = ol.order_id
  JOIN div_05.products p ON p.product_id = ol.product_id
  WHERE EXTRACT(YEAR FROM so.order_date) = 2023
  GROUP BY p.name
  HAVING SUM(ol.quantity) > 5000
  ORDER BY total_units DESC;","order_lines,sales_orders,products","order_lines.quantity,products.name","sales,having",v2_having_products_high_volume,25
Q0429,easy,List open sales opportunities with probability over 0.7.,"  SELECT opportunity_id, name, amount, probability
  FROM div_15.sales_opportunities
  WHERE probability > 0.7;",sales_opportunities,sales_opportunities.probability,"sales,lookup",v2_lookup_open_opportunities,1
Q0430,extra_hard,"All financial transactions (AR payments, AP invoices, bank transactions) for 2022?","  SELECT 'AR Payment' AS txn_type, payment_id AS txn_id, payment_date AS txn_date, amount
  FROM div_20.finance_ar_payments
  WHERE EXTRACT(YEAR FROM payment_date) = 2022
  UNION ALL
  SELECT 'AP Invoice', ap_invoice_id, invoice_date, amount
  FROM div_20.finance_ap_invoices
  WHERE EXTRACT(YEAR FROM invoice_date) = 2022
  UNION ALL
  SELECT 'Bank Transaction', transaction_id, transaction_date, amount
  FROM div_20.bank_transactions
  WHERE EXTRACT(YEAR FROM transaction_date) = 2022
  ORDER BY txn_date;","finance_ar_payments,finance_ap_invoices,bank_transactions","finance_ar_payments.payment_date,finance_ap_invoices.invoice_date,bank_transactions.transaction_date","finance,union",v2_union_all_financial_txns,15
Q0431,hard,Days Sales Outstanding by customer for 2021?,"  SELECT c.name,
         ROUND(AVG(p.payment_date - i.invoice_date), 1) AS avg_dso
  FROM div_19.finance_ar_invoices i
  JOIN div_19.finance_ar_payments p ON p.ar_invoice_id = i.ar_invoice_id
  JOIN div_19.customers c ON c.customer_id = i.customer_id
  WHERE EXTRACT(YEAR FROM i.invoice_date) = 2021
  GROUP BY c.name
  ORDER BY avg_dso DESC;","finance_ar_invoices,finance_ar_payments,customers","finance_ar_invoices.invoice_date,finance_ar_payments.payment_date,customers.name","finance,kpi,multi_join",v2_chain3_dso_by_customer,6
Q0432,extra_hard,Month-over-month AP invoice volume change for 2024?,"  WITH monthly AS (
    SELECT DATE_TRUNC('month', invoice_date) AS month,
           SUM(amount) AS total_amount
    FROM div_16.finance_ap_invoices
    WHERE EXTRACT(YEAR FROM invoice_date) = 2024
    GROUP BY month
  )
  SELECT month, total_amount,
         total_amount - LAG(total_amount) OVER (ORDER BY month) AS change
  FROM monthly
  ORDER BY month;",finance_ap_invoices,"finance_ap_invoices.invoice_date,finance_ap_invoices.amount","finance,window,temporal",v2_window_lag_ap_volume,14
Q0433,medium,Work order count by status in manufacturing division div_02?,"  SELECT lc.meaning AS status, COUNT(*) AS wo_count
  FROM div_02.xx_mfg_wo wo
  JOIN div_02.lookup_codes lc ON lc.code = wo.sts_cd AND lc.domain = 'WO_STATUS'
  GROUP BY lc.meaning
  ORDER BY wo_count DESC;","xx_mfg_wo,lookup_codes","xx_mfg_wo.sts_cd,lookup_codes.meaning","manufacturing,dirty_naming,lookup",v2_dirty_mfg_wo_status,27
Q0434,extra_hard,Month-over-month AP invoice volume change for 2021?,"  WITH monthly AS (
    SELECT DATE_TRUNC('month', invoice_date) AS month,
           SUM(amount) AS total_amount
    FROM div_09.finance_ap_invoices
    WHERE EXTRACT(YEAR FROM invoice_date) = 2021
    GROUP BY month
  )
  SELECT month, total_amount,
         total_amount - LAG(total_amount) OVER (ORDER BY month) AS change
  FROM monthly
  ORDER BY month;",finance_ap_invoices,"finance_ap_invoices.invoice_date,finance_ap_invoices.amount","finance,window,temporal",v2_window_lag_ap_volume,14
Q0435,hard,Monthly AR invoice amounts with running total for 2023?,"  SELECT
    DATE_TRUNC('month', invoice_date) AS month,
    SUM(amount) AS monthly_amount,
    SUM(SUM(amount)) OVER (ORDER BY DATE_TRUNC('month', invoice_date)) AS running_total
  FROM div_07.finance_ar_invoices
  WHERE EXTRACT(YEAR FROM invoice_date) = 2023
  GROUP BY month
  ORDER BY month;",finance_ar_invoices,"finance_ar_invoices.invoice_date,finance_ar_invoices.amount","finance,window",v2_window_running_ar,12
Q0436,hard,Average resource allocation by role for active SOWs in services?,"  SELECT rp.role_name,
         ROUND(AVG(rp.allocation_percent), 1) AS avg_allocation,
         COUNT(*) AS assignments
  FROM div_06.svc_resource_plan rp
  JOIN div_06.svc_statements_of_work sow ON sow.sow_id = rp.sow_id
  WHERE sow.status_code = 'AC'
  GROUP BY rp.role_name
  ORDER BY avg_allocation DESC;","svc_resource_plan,svc_statements_of_work","svc_resource_plan.role_name,svc_resource_plan.allocation_percent","services,cross_module",v2_cross_mod_svc_utilization,24
Q0437,easy,Show customers with a credit limit above 10000.,"  SELECT customer_id, name, credit_limit
  FROM div_02.customers
  WHERE credit_limit > 10000;",customers,customers.credit_limit,"sales,lookup",v2_lookup_high_credit_customers,1
Q0438,extra_hard,All sub-departments under Finance at any level?,"  WITH RECURSIVE dept_tree AS (
    SELECT department_id, name, parent_department_id, 1 AS level
    FROM div_11.departments
    WHERE name = 'Finance'
    UNION ALL
    SELECT d.department_id, d.name, d.parent_department_id, dt.level + 1
    FROM div_11.departments d
    JOIN dept_tree dt ON dt.department_id = d.parent_department_id
  )
  SELECT name, level
  FROM dept_tree
  WHERE level > 1
  ORDER BY level, name;",departments,"departments.department_id,departments.name,departments.parent_department_id","hr,recursive,hierarchy",v2_recursive_dept_hierarchy,31
Q0439,hard,Working capital ratio (AR vs AP) for 2024?,"  WITH ar AS (
    SELECT SUM(amount) AS total_ar
    FROM div_19.finance_ar_invoices
    WHERE status = 'open' AND EXTRACT(YEAR FROM invoice_date) = 2024
  ),
  ap AS (
    SELECT SUM(amount) AS total_ap
    FROM div_19.finance_ap_invoices
    WHERE status = 'open' AND EXTRACT(YEAR FROM invoice_date) = 2024
  )
  SELECT ar.total_ar, ap.total_ap,
         ROUND(ar.total_ar / NULLIF(ap.total_ap, 0), 2) AS working_capital_ratio
  FROM ar, ap;","finance_ar_invoices,finance_ap_invoices","finance_ar_invoices.amount,finance_ap_invoices.amount","finance,cte",v2_cte_working_capital,19
Q0440,extra_hard,"Support cases by status as columns (open, pending, closed) per priority?","  SELECT priority,
    COUNT(*) FILTER (WHERE status = 'open') AS open_cases,
    COUNT(*) FILTER (WHERE status = 'pending') AS pending_cases,
    COUNT(*) FILTER (WHERE status = 'closed') AS closed_cases
  FROM div_15.cust_srv_case
  GROUP BY priority
  ORDER BY priority;",cust_srv_case,"cust_srv_case.status,cust_srv_case.priority","support,pivot",v2_pivot_case_status,30
Q0441,hard,Total inventory units moved by product category in 2021?,"  SELECT pc.name, SUM(it.quantity) AS total_moved
  FROM div_08.inventory_transactions it
  JOIN div_08.products p ON p.product_id = it.product_id
  JOIN div_08.product_categories pc ON pc.category_id = p.category_id
  WHERE EXTRACT(YEAR FROM it.transaction_date) = 2021
  GROUP BY pc.name
  ORDER BY total_moved DESC;","inventory_transactions,products,product_categories","inventory_transactions.quantity,inventory_transactions.transaction_date,product_categories.name","inventory,multi_join",v2_chain3_inventory_by_category,6
Q0442,hard,Top 10 products by POS revenue in retail?,"  SELECT p.name, SUM(li.line_total) AS total_revenue,
         SUM(li.quantity) AS units_sold
  FROM div_13.rtl_pos_line_items li
  JOIN div_13.products p ON p.product_id = li.product_id
  GROUP BY p.name
  ORDER BY total_revenue DESC
  LIMIT 10;","rtl_pos_line_items,products","rtl_pos_line_items.line_total,products.name","retail,window",v2_window_rank_rtl_products,13
Q0443,hard,Revenue per full-time employee by department for 2024?,"  WITH dept_revenue AS (
    SELECT e.department_id,
           SUM(ol.quantity * ol.unit_price) AS revenue
    FROM div_09.order_lines ol
    JOIN div_09.sales_orders so ON so.order_id = ol.order_id
    JOIN div_09.employees e ON e.employee_id = so.sales_rep_id
    WHERE EXTRACT(YEAR FROM so.order_date) = 2024
    GROUP BY e.department_id
  ),
  dept_fte AS (
    SELECT department_id, COUNT(*) AS fte
    FROM div_09.employees
    WHERE hire_date <= DATE '2024-12-31'
      AND (termination_date IS NULL OR termination_date > DATE '2024-01-01')
    GROUP BY department_id
  )
  SELECT d.name,
         dr.revenue,
         df.fte,
         ROUND(dr.revenue / NULLIF(df.fte, 0), 2) AS revenue_per_fte
  FROM dept_revenue dr
  JOIN dept_fte df ON df.department_id = dr.department_id
  JOIN div_09.departments d ON d.department_id = dr.department_id
  ORDER BY revenue_per_fte DESC;","order_lines,sales_orders,employees,departments","order_lines.quantity,order_lines.unit_price,employees.department_id","sales,hr,cte",v2_cte_revenue_per_fte,19
Q0444,extra_hard,Show the current active employee roster with department and position.,"  SELECT e.first_name, e.last_name, d.name AS department, p.title AS position
  FROM div_12.employees e
  JOIN div_12.departments d ON d.department_id = e.department_id
  LEFT JOIN div_12.positions p ON p.position_id = e.position_id
  WHERE e.termination_date IS NULL
  ORDER BY d.name, e.last_name;","employees,departments,positions","employees.first_name,employees.last_name,departments.name,positions.title","hr,view_query",v2_viewlike_active_employees,21
Q0445,medium,Show all high and critical priority work orders.,"  SELECT wo.work_order_id, wo.work_order_number, lc.meaning AS priority
  FROM div_05.mfg_work_orders wo
  JOIN div_05.lookup_codes lc ON lc.code = wo.priority_code AND lc.domain = 'PRIORITY'
  WHERE lc.meaning IN ('High', 'Critical');","mfg_work_orders,lookup_codes","mfg_work_orders.priority_code,lookup_codes.meaning","manufacturing,lookup",v2_coded_priority_filter,7
Q0446,hard,Which employees have not completed any training?,"  SELECT e.employee_id, e.first_name, e.last_name
  FROM div_08.employees e
  WHERE NOT EXISTS (
    SELECT 1 FROM div_08.employee_training et
    WHERE et.employee_id = e.employee_id
  );","employees,employee_training","employees.employee_id,employees.first_name,employees.last_name","hr,anti_join",v2_antijoin_employees_no_training,9
Q0447,hard,Employees whose salary exceeds their department average?,"  SELECT e.first_name, e.last_name, es.amount AS salary, e.department_id
  FROM div_10.employees e
  JOIN div_10.employee_salaries es ON es.employee_id = e.employee_id
  WHERE es.amount > (
    SELECT AVG(es2.amount)
    FROM div_10.employee_salaries es2
    JOIN div_10.employees e2 ON e2.employee_id = es2.employee_id
    WHERE e2.department_id = e.department_id
  );","employees,employee_salaries","employee_salaries.amount,employees.department_id","hr,correlated_subquery",v2_corr_salary_above_dept_avg,17
Q0448,ambiguous,What's the current balance?,AMBIGUOUS,,,"ambiguous,missing_context",v2_ambig_a2_current_balance,A2
Q0449,easy,Inventory lots expiring within 60 days?,"  SELECT lot_id, lot_number, expiration_date
  FROM div_17.inventory_lots
  WHERE expiration_date <= CURRENT_DATE + INTERVAL '60 days';",inventory_lots,"inventory_lots.expiration_date,inventory_lots.lot_number","inventory,lookup",v2_lookup_expiring_lots,1
Q0450,medium,How many benefit elections by coverage level in 2021?,"  SELECT coverage_level, COUNT(*) AS elections
  FROM div_05.hr_benefit_elections
  WHERE EXTRACT(YEAR FROM election_date) = 2021
  GROUP BY coverage_level;",hr_benefit_elections,"hr_benefit_elections.coverage_level,hr_benefit_elections.election_date","hr,value_grounding",v2_join_val_benefit_elections,3
Q0451,medium,How many benefit elections by coverage level in 2024?,"  SELECT coverage_level, COUNT(*) AS elections
  FROM div_11.hr_benefit_elections
  WHERE EXTRACT(YEAR FROM election_date) = 2024
  GROUP BY coverage_level;",hr_benefit_elections,"hr_benefit_elections.coverage_level,hr_benefit_elections.election_date","hr,value_grounding",v2_join_val_benefit_elections,3
Q0452,hard,Net intercompany balance between divisions for corporate?,"  SELECT from_division, to_division,
         SUM(amount) AS total_transferred,
         COUNT(*) AS txn_count
  FROM div_20.corp_intercompany_txns
  WHERE status_code = 'AP'
  GROUP BY from_division, to_division
  ORDER BY total_transferred DESC;",corp_intercompany_txns,"corp_intercompany_txns.from_division,corp_intercompany_txns.to_division,corp_intercompany_txns.amount","corporate,cross_module",v2_corp_intercompany,24
Q0453,hard,Vendors with more than 3 late deliveries in 2021?,"  SELECT v.vendor_id, v.name,
         (SELECT COUNT(*)
          FROM div_04.purchase_orders po
          JOIN div_04.goods_receipts gr ON gr.po_id = po.po_id
          WHERE po.vendor_id = v.vendor_id
            AND gr.receipt_date > po.order_date + 14
            AND EXTRACT(YEAR FROM po.order_date) = 2021
         ) AS late_count
  FROM div_04.vendors v
  WHERE (SELECT COUNT(*)
         FROM div_04.purchase_orders po
         JOIN div_04.goods_receipts gr ON gr.po_id = po.po_id
         WHERE po.vendor_id = v.vendor_id
           AND gr.receipt_date > po.order_date + 14
           AND EXTRACT(YEAR FROM po.order_date) = 2021
        ) > 3;","purchase_orders,goods_receipts,vendors","purchase_orders.order_date,goods_receipts.receipt_date","procurement,correlated_subquery",v2_scalar_corr_late_deliveries,32
Q0454,medium,Top 10 customers by total sales amount in 2024?,"  SELECT c.name, SUM(ol.quantity * ol.unit_price) AS total_sales
  FROM div_07.sales_orders so
  JOIN div_07.order_lines ol ON ol.order_id = so.order_id
  JOIN div_07.customers c ON c.customer_id = so.customer_id
  WHERE EXTRACT(YEAR FROM so.order_date) = 2024
  GROUP BY c.name
  ORDER BY total_sales DESC
  LIMIT 10;","sales_orders,order_lines,customers","sales_orders.order_date,order_lines.quantity,order_lines.unit_price,customers.name","sales,top_n",v2_topn_customers_by_sales,4
Q0455,medium,Assets transferred between locations in 2022?,"  SELECT transfer_id, asset_id, from_location_id, to_location_id, transfer_date
  FROM div_02.asset_transfers
  WHERE EXTRACT(YEAR FROM transfer_date) = 2022;",asset_transfers,asset_transfers.transfer_date,"assets,header_line",v2_hdr_asset_transfers,5
Q0456,hard,Net journal amounts by cost center for 2024?,"  SELECT cc.name, SUM(jl.debit - jl.credit) AS net_amount
  FROM div_11.journal_lines jl
  JOIN div_11.journal_entries je ON je.entry_id = jl.entry_id
  JOIN div_11.cost_centers cc ON cc.cost_center_id = jl.cost_center_id
  WHERE EXTRACT(YEAR FROM je.entry_date) = 2024
  GROUP BY cc.name;","journal_lines,cost_centers,journal_entries","journal_lines.debit,journal_lines.credit,journal_entries.entry_date","finance,multi_join",v2_chain3_cost_center_spend,6
Q0457,hard,Employee turnover rate for 2021?,"  WITH terminations AS (
    SELECT COUNT(*) AS term_count
    FROM div_02.employees
    WHERE EXTRACT(YEAR FROM termination_date) = 2021
  ),
  headcount AS (
    SELECT COUNT(*) AS headcount
    FROM div_02.employees
    WHERE hire_date <= DATE '2021-12-31'
      AND (termination_date IS NULL OR termination_date > DATE '2021-01-01')
  )
  SELECT ROUND(100.0 * t.term_count / NULLIF(h.headcount,0), 2) AS turnover_pct
  FROM terminations t, headcount h;",employees,"employees.termination_date,employees.hire_date","hr,cte",v2_cte_employee_turnover,19
Q0458,ambiguous,How many items do we have?,AMBIGUOUS,,,"ambiguous,underspecified",v2_ambig_a1_how_many_items,A1
Q0459,hard,Each order total alongside the customer's average order value for 2021?,"  WITH order_totals AS (
    SELECT so.order_id, so.customer_id, SUM(ol.quantity * ol.unit_price) AS order_total
    FROM div_09.sales_orders so
    JOIN div_09.order_lines ol ON ol.order_id = so.order_id
    WHERE EXTRACT(YEAR FROM so.order_date) = 2021
    GROUP BY so.order_id, so.customer_id
  )
  SELECT c.name AS customer, ot.order_id, ot.order_total,
         AVG(ot.order_total) OVER (PARTITION BY ot.customer_id) AS customer_avg
  FROM order_totals ot
  JOIN div_09.customers c ON c.customer_id = ot.customer_id
  ORDER BY c.name, ot.order_id;","sales_orders,order_lines,customers","order_lines.quantity,order_lines.unit_price,customers.name","sales,mixed_aggregation",v2_mixed_agg_order_vs_customer_avg,35
Q0460,easy,Employees without any certifications?,"  SELECT e.employee_id, e.first_name, e.last_name
  FROM div_02.employees e
  LEFT JOIN div_02.employee_certifications ec ON ec.employee_id = e.employee_id
  WHERE ec.certification_id IS NULL;","employees,employee_certifications","employees.employee_id,employees.first_name","hr,left_join",v2_leftjoin_employees_no_certs,11
Q0461,easy,List all inactive vendors.,"  SELECT vendor_id, name
  FROM div_11.vendors
  WHERE is_active = FALSE;",vendors,vendors.is_active,"procurement,lookup",v2_lookup_inactive_vendors,1
Q0462,hard,Consolidation totals by currency with FX impact for corporate?,"  SELECT currency_code,
         SUM(original_amount) AS total_original,
         SUM(translated_amount) AS total_translated,
         SUM(translated_amount - original_amount) AS fx_impact,
         COUNT(*) AS entry_count
  FROM div_18.corp_consolidation_entries
  GROUP BY currency_code
  ORDER BY total_original DESC;",corp_consolidation_entries,"corp_consolidation_entries.currency_code,corp_consolidation_entries.original_amount,corp_consolidation_entries.translated_amount","corporate,cte",v2_corp_consolidation_fx,19
Q0463,medium,How many comments per support case in 2023?,"  SELECT case_id, COUNT(*) AS comment_count
  FROM div_05.support_ticket_comments
  WHERE EXTRACT(YEAR FROM comment_ts) = 2023
  GROUP BY case_id;",support_ticket_comments,support_ticket_comments.comment_ts,"support,header_line",v2_hdr_comment_volume,5
Q0464,easy,Inventory lots expiring within 60 days?,"  SELECT lot_id, lot_number, expiration_date
  FROM div_01.inventory_lots
  WHERE expiration_date <= CURRENT_DATE + INTERVAL '60 days';",inventory_lots,"inventory_lots.expiration_date,inventory_lots.lot_number","inventory,lookup",v2_lookup_expiring_lots,1
Q0465,extra_hard,"Support cases by status as columns (open, pending, closed) per priority?","  SELECT priority,
    COUNT(*) FILTER (WHERE status = 'open') AS open_cases,
    COUNT(*) FILTER (WHERE status = 'pending') AS pending_cases,
    COUNT(*) FILTER (WHERE status = 'closed') AS closed_cases
  FROM div_08.cust_srv_case
  GROUP BY priority
  ORDER BY priority;",cust_srv_case,"cust_srv_case.status,cust_srv_case.priority","support,pivot",v2_pivot_case_status,30
Q0466,medium,How many employees do we have?,"  SELECT COUNT(*) AS employee_count
  FROM div_14.employees
  WHERE termination_date IS NULL;",employees,employees.employee_id,"hr,ambiguous_entity",v2_ambig_entity_employee_count,22
Q0467,medium,What is the total invoice amount for 2023?,"  SELECT SUM(amount) AS total_amount
  FROM div_05.finance_ar_invoices
  WHERE EXTRACT(YEAR FROM invoice_date) = 2023;",finance_ar_invoices,"finance_ar_invoices.amount,finance_ar_invoices.invoice_date","finance,ambiguous_entity",v2_ambig_entity_total_invoices,22
Q0468,easy,Departments that have no budget allocated?,"  SELECT d.department_id, d.name
  FROM div_06.departments d
  LEFT JOIN div_06.budgets b ON b.department_id = d.department_id
  WHERE b.budget_id IS NULL;","departments,budgets","departments.department_id,departments.name","finance,left_join",v2_leftjoin_depts_no_budget,11
Q0469,easy,Bank accounts with balance under 500?,"  SELECT bank_account_id, account_number, bank_name, current_balance
  FROM div_15.bank_accounts
  WHERE current_balance < 500;",bank_accounts,bank_accounts.current_balance,"finance,lookup",v2_lookup_bank_balance,1
Q0470,medium,QC failure rate for inventory inspections in 2021?,"  SELECT
    ROUND(100.0 * SUM(CASE WHEN result = 'fail' THEN 1 ELSE 0 END) / COUNT(*), 2) AS fail_pct
  FROM div_06.inventory_qc_inspections
  WHERE EXTRACT(YEAR FROM inspection_date) = 2021;",inventory_qc_inspections,"inventory_qc_inspections.result,inventory_qc_inspections.inspection_date","inventory,rate",v2_rate_qc_fail,29
Q0471,medium,Top 20 products by revenue in 2021?,"  SELECT p.name, SUM(ol.quantity * ol.unit_price) AS revenue
  FROM div_18.order_lines ol
  JOIN div_18.sales_orders so ON so.order_id = ol.order_id
  JOIN div_18.products p ON p.product_id = ol.product_id
  WHERE EXTRACT(YEAR FROM so.order_date) = 2021
  GROUP BY p.name
  ORDER BY revenue DESC
  LIMIT 20;","order_lines,sales_orders,products","order_lines.quantity,order_lines.unit_price,products.name","sales,top_n",v2_topn_products_by_revenue,4
Q0472,hard,Year-over-year purchase order count change comparing 2021 vs prior year?,"  WITH yearly AS (
    SELECT EXTRACT(YEAR FROM order_date) AS yr, COUNT(*) AS po_count
    FROM div_16.purchase_orders
    WHERE EXTRACT(YEAR FROM order_date) IN (2021, 2021 - 1)
    GROUP BY yr
  )
  SELECT
    cur.po_count AS current_year,
    prev.po_count AS prior_year,
    cur.po_count - prev.po_count AS change,
    ROUND(100.0 * (cur.po_count - prev.po_count) / NULLIF(prev.po_count, 0), 2) AS change_pct
  FROM yearly cur
  JOIN yearly prev ON cur.yr = prev.yr + 1;",purchase_orders,purchase_orders.order_date,"procurement,temporal,yoy",v2_yoy_po_volume,34
Q0473,extra_hard,How many sub-departments does each department have?,"  SELECT p.name AS department, COUNT(c.department_id) AS sub_department_count
  FROM div_10.departments p
  LEFT JOIN div_10.departments c ON c.parent_department_id = p.department_id
  GROUP BY p.name
  ORDER BY sub_department_count DESC;",departments,"departments.department_id,departments.name,departments.parent_department_id","hr,self_join,hierarchy",v2_selfjoin_dept_children_count,18
Q0474,easy,Show onboarding tasks that are overdue.,"  SELECT task_id, employee_id, task_name, due_date, status
  FROM div_09.hr_onboarding_tasks
  WHERE status <> 'done'
    AND due_date < CURRENT_DATE;",hr_onboarding_tasks,"hr_onboarding_tasks.status,hr_onboarding_tasks.due_date","hr,lookup",v2_lookup_overdue_onboarding,1
Q0475,hard,Which vendors have never received a purchase order?,"  SELECT v.vendor_id, v.name
  FROM div_13.vendors v
  WHERE NOT EXISTS (
    SELECT 1 FROM div_13.purchase_orders po
    WHERE po.vendor_id = v.vendor_id
  );","vendors,purchase_orders","vendors.vendor_id,vendors.name","procurement,anti_join",v2_antijoin_vendors_no_po,9
Q0476,medium,Total POS sales by payment method for retail division div_12?,"  SELECT pay_mthd_cd, COUNT(*) AS txn_count,
         SUM(tot_amt) AS total_sales
  FROM div_12.zz_pos_trnx
  GROUP BY pay_mthd_cd
  ORDER BY total_sales DESC;",zz_pos_trnx,"zz_pos_trnx.pay_mthd_cd,zz_pos_trnx.tot_amt","retail,dirty_naming",v2_dirty_rtl_pos_sales,27
Q0477,medium,Total POS sales by payment method for retail division div_12?,"  SELECT pay_mthd_cd, COUNT(*) AS txn_count,
         SUM(tot_amt) AS total_sales
  FROM div_12.zz_pos_trnx
  GROUP BY pay_mthd_cd
  ORDER BY total_sales DESC;",zz_pos_trnx,"zz_pos_trnx.pay_mthd_cd,zz_pos_trnx.tot_amt","retail,dirty_naming",v2_dirty_rtl_pos_sales,27
Q0478,hard,Departments where actual expenses exceed budget?,"  SELECT d.name, b.total_amount AS budget,
         (SELECT COALESCE(SUM(pe.amount), 0)
          FROM div_06.project_expenses pe
          JOIN div_06.projects p ON p.project_id = pe.project_id
          WHERE p.customer_id IS NOT NULL
         ) AS actual_spend
  FROM div_06.budgets b
  JOIN div_06.departments d ON d.department_id = b.department_id
  WHERE b.total_amount < (
    SELECT COALESCE(SUM(pe.amount), 0)
    FROM div_06.project_expenses pe
  );","budgets,project_expenses,departments","budgets.total_amount,project_expenses.amount","finance,correlated_subquery",v2_scalar_corr_depts_over_budget,32
Q0479,extra_hard,Inventory levels with reorder status by warehouse and product?,"  SELECT w.name AS warehouse, p.name AS product,
         il.quantity_on_hand, rr.min_quantity,
         CASE WHEN il.quantity_on_hand < rr.min_quantity THEN 'REORDER' ELSE 'OK' END AS status
  FROM div_07.inventory_levels il
  JOIN div_07.reorder_rules rr ON rr.product_id = il.product_id AND rr.warehouse_id = il.warehouse_id
  JOIN div_07.products p ON p.product_id = il.product_id
  JOIN div_07.warehouses w ON w.warehouse_id = il.warehouse_id
  WHERE il.quantity_on_hand < rr.min_quantity;","inventory_levels,reorder_rules,products,warehouses","inventory_levels.quantity_on_hand,reorder_rules.min_quantity","inventory,composite_key",v2_composite_inventory_reorder,20
Q0480,hard,Vendors with no invoices in the last 6 months?,"  SELECT v.vendor_id, v.name
  FROM div_11.vendors v
  WHERE NOT EXISTS (
    SELECT 1 FROM div_11.vendor_invoices vi
    WHERE vi.vendor_id = v.vendor_id
      AND vi.invoice_date >= CURRENT_DATE - INTERVAL '6 months'
  );","vendors,vendor_invoices","vendors.vendor_id,vendors.name","procurement,anti_join,temporal",v2_antijoin_temp_vendors_no_recent_invoice,10
Q0481,hard,Products that have never been sold?,"  SELECT p.product_id, p.name, p.sku
  FROM div_19.products p
  WHERE NOT EXISTS (
    SELECT 1 FROM div_19.order_lines ol
    WHERE ol.product_id = p.product_id
  );","products,order_lines","products.product_id,products.name","inventory,anti_join",v2_antijoin_products_never_sold,9
Q0482,medium,What percentage of AR invoices were late in 2022?,"  SELECT
    ROUND(100.0 * SUM(CASE WHEN status = 'late' THEN 1 ELSE 0 END) / COUNT(*), 2) AS late_pct
  FROM div_12.finance_ar_invoices
  WHERE EXTRACT(YEAR FROM invoice_date) = 2022;",finance_ar_invoices,"finance_ar_invoices.status,finance_ar_invoices.invoice_date","finance,value_mapping",v2_implicit_val_late_pct,23
Q0483,ambiguous,List all transactions.,AMBIGUOUS,,,"ambiguous,underspecified",v2_ambig_a1_list_transactions,A1
Q0484,hard,Weighted average cost per unit by product in 2024?,"  SELECT p.name,
         ROUND(SUM(ol.quantity * ol.unit_price) / NULLIF(SUM(ol.quantity), 0), 2) AS weighted_avg_cost,
         SUM(ol.quantity) AS total_units
  FROM div_20.order_lines ol
  JOIN div_20.sales_orders so ON so.order_id = ol.order_id
  JOIN div_20.products p ON p.product_id = ol.product_id
  WHERE EXTRACT(YEAR FROM so.order_date) = 2024
  GROUP BY p.name
  ORDER BY weighted_avg_cost DESC;","order_lines,sales_orders,products","order_lines.quantity,order_lines.unit_price,products.name","finance,mixed_aggregation",v2_weighted_avg_cost,35
Q0485,hard,Compare effective vs statutory tax rate by jurisdiction for corporate?,"  SELECT jurisdiction, tax_type,
         ROUND(AVG(effective_rate), 4) AS avg_effective_rate,
         ROUND(AVG(statutory_rate), 4) AS avg_statutory_rate,
         ROUND(AVG(statutory_rate - effective_rate), 4) AS avg_rate_gap,
         SUM(current_provision + deferred_provision) AS total_provision
  FROM div_19.corp_tax_provisions
  GROUP BY jurisdiction, tax_type
  ORDER BY total_provision DESC;",corp_tax_provisions,"corp_tax_provisions.jurisdiction,corp_tax_provisions.effective_rate,corp_tax_provisions.statutory_rate","corporate,case_bucket",v2_corp_tax_comparison,26
Q0486,medium,Total POS sales by payment method for retail division div_14?,"  SELECT pay_mthd_cd, COUNT(*) AS txn_count,
         SUM(tot_amt) AS total_sales
  FROM div_14.zz_pos_trnx
  GROUP BY pay_mthd_cd
  ORDER BY total_sales DESC;",zz_pos_trnx,"zz_pos_trnx.pay_mthd_cd,zz_pos_trnx.tot_amt","retail,dirty_naming",v2_dirty_rtl_pos_sales,27
Q0487,medium,Top 20 products by revenue in 2023?,"  SELECT p.name, SUM(ol.quantity * ol.unit_price) AS revenue
  FROM div_01.order_lines ol
  JOIN div_01.sales_orders so ON so.order_id = ol.order_id
  JOIN div_01.products p ON p.product_id = ol.product_id
  WHERE EXTRACT(YEAR FROM so.order_date) = 2023
  GROUP BY p.name
  ORDER BY revenue DESC
  LIMIT 20;","order_lines,sales_orders,products","order_lines.quantity,order_lines.unit_price,products.name","sales,top_n",v2_topn_products_by_revenue,4
Q0488,easy,Number of journal entries by month in 2021?,"  SELECT DATE_TRUNC('month', entry_date) AS month, COUNT(*) AS entry_count
  FROM div_12.journal_entries
  WHERE EXTRACT(YEAR FROM entry_date) = 2021
  GROUP BY month
  ORDER BY month;",journal_entries,journal_entries.entry_date,"finance,aggregation",v2_agg_journal_entries_monthly,2
Q0489,hard,Each project expense alongside the project's average expense?,"  SELECT p.name AS project, pe.expense_date, pe.amount,
         AVG(pe.amount) OVER (PARTITION BY pe.project_id) AS project_avg_expense
  FROM div_18.project_expenses pe
  JOIN div_18.projects p ON p.project_id = pe.project_id
  ORDER BY p.name, pe.expense_date;","project_expenses,projects","project_expenses.amount,projects.name","projects,mixed_aggregation",v2_mixed_agg_expense_vs_project_avg,35
Q0490,hard,Projects with total expenses exceeding the average project budget?,"  SELECT p.project_id, p.name, SUM(pe.amount) AS total_expenses
  FROM div_14.projects p
  JOIN div_14.project_expenses pe ON pe.project_id = p.project_id
  GROUP BY p.project_id, p.name
  HAVING SUM(pe.amount) > (
    SELECT AVG(pb.planned_amount)
    FROM div_14.project_budgets pb
  );","projects,project_expenses,project_budgets","project_expenses.amount,project_budgets.planned_amount","projects,correlated_subquery",v2_corr_projects_above_avg_budget,17
Q0491,ambiguous,How many items do we have?,AMBIGUOUS,,,"ambiguous,underspecified",v2_ambig_a1_how_many_items,A1
Q0492,extra_hard,How many sub-departments does each department have?,"  SELECT p.name AS department, COUNT(c.department_id) AS sub_department_count
  FROM div_02.departments p
  LEFT JOIN div_02.departments c ON c.parent_department_id = p.department_id
  GROUP BY p.name
  ORDER BY sub_department_count DESC;",departments,"departments.department_id,departments.name,departments.parent_department_id","hr,self_join,hierarchy",v2_selfjoin_dept_children_count,18
Q0493,extra_hard,Month-over-month headcount change for 2021?,"  WITH months AS (
    SELECT generate_series(1, 12) AS month_num
  ),
  headcount AS (
    SELECT m.month_num,
           COUNT(*) AS hc
    FROM months m
    JOIN div_09.employees e ON e.hire_date <= DATE '2021-12-31'
      AND (DATE '2021-01-01' + (m.month_num - 1) * INTERVAL '1 month') >= e.hire_date
      AND (e.termination_date IS NULL
           OR e.termination_date > DATE '2021-01-01' + (m.month_num - 1) * INTERVAL '1 month')
    GROUP BY m.month_num
  )
  SELECT month_num, hc,
         hc - LAG(hc) OVER (ORDER BY month_num) AS change
  FROM headcount
  ORDER BY month_num;",employees,"employees.hire_date,employees.termination_date","hr,window,temporal",v2_window_lag_headcount,14
Q0494,hard,Average resource allocation by role for active SOWs in services?,"  SELECT rp.role_name,
         ROUND(AVG(rp.allocation_percent), 1) AS avg_allocation,
         COUNT(*) AS assignments
  FROM div_10.svc_resource_plan rp
  JOIN div_10.svc_statements_of_work sow ON sow.sow_id = rp.sow_id
  WHERE sow.status_code = 'AC'
  GROUP BY rp.role_name
  ORDER BY avg_allocation DESC;","svc_resource_plan,svc_statements_of_work","svc_resource_plan.role_name,svc_resource_plan.allocation_percent","services,cross_module",v2_cross_mod_svc_utilization,24
Q0495,extra_hard,"All financial transactions (AR payments, AP invoices, bank transactions) for 2024?","  SELECT 'AR Payment' AS txn_type, payment_id AS txn_id, payment_date AS txn_date, amount
  FROM div_14.finance_ar_payments
  WHERE EXTRACT(YEAR FROM payment_date) = 2024
  UNION ALL
  SELECT 'AP Invoice', ap_invoice_id, invoice_date, amount
  FROM div_14.finance_ap_invoices
  WHERE EXTRACT(YEAR FROM invoice_date) = 2024
  UNION ALL
  SELECT 'Bank Transaction', transaction_id, transaction_date, amount
  FROM div_14.bank_transactions
  WHERE EXTRACT(YEAR FROM transaction_date) = 2024
  ORDER BY txn_date;","finance_ar_payments,finance_ap_invoices,bank_transactions","finance_ar_payments.payment_date,finance_ap_invoices.invoice_date,bank_transactions.transaction_date","finance,union",v2_union_all_financial_txns,15
Q0496,medium,Departments with more than 50 employees?,"  SELECT d.name, COUNT(*) AS headcount
  FROM div_03.employees e
  JOIN div_03.departments d ON d.department_id = e.department_id
  WHERE e.termination_date IS NULL
  GROUP BY d.name
  HAVING COUNT(*) > 50;","employees,departments","employees.department_id,departments.name","hr,having",v2_having_dept_headcount,25
Q0497,ambiguous,List all transactions.,AMBIGUOUS,,,"ambiguous,underspecified",v2_ambig_a1_list_transactions,A1
Q0498,medium,Customers with total order value exceeding 10000 in 2021?,"  SELECT c.name, SUM(ol.quantity * ol.unit_price) AS total_value
  FROM div_13.sales_orders so
  JOIN div_13.order_lines ol ON ol.order_id = so.order_id
  JOIN div_13.customers c ON c.customer_id = so.customer_id
  WHERE EXTRACT(YEAR FROM so.order_date) = 2021
  GROUP BY c.name
  HAVING SUM(ol.quantity * ol.unit_price) > 10000
  ORDER BY total_value DESC;","sales_orders,order_lines,customers","order_lines.quantity,order_lines.unit_price,customers.name","sales,having",v2_having_customers_high_value,25
Q0499,extra_hard,Products sold in 2022 but not in the prior year?,"  SELECT DISTINCT p.product_id, p.name
  FROM div_11.order_lines ol
  JOIN div_11.sales_orders so ON so.order_id = ol.order_id
  JOIN div_11.products p ON p.product_id = ol.product_id
  WHERE EXTRACT(YEAR FROM so.order_date) = 2022
  EXCEPT
  SELECT DISTINCT p.product_id, p.name
  FROM div_11.order_lines ol
  JOIN div_11.sales_orders so ON so.order_id = ol.order_id
  JOIN div_11.products p ON p.product_id = ol.product_id
  WHERE EXTRACT(YEAR FROM so.order_date) = 2022 - 1;","order_lines,sales_orders,products","order_lines.product_id,sales_orders.order_date","sales,except",v2_except_products_not_in_year,16
Q0500,easy,What are the bank transaction totals by type for 2024?,"  SELECT transaction_type, SUM(amount) AS total_amount
  FROM div_12.bank_transactions
  WHERE EXTRACT(YEAR FROM transaction_date) = 2024
  GROUP BY transaction_type;",bank_transactions,"bank_transactions.transaction_type,bank_transactions.amount,bank_transactions.transaction_date","finance,aggregation",v2_agg_bank_tx_by_type,2
