qid,difficulty,question,gold_sql,expected_tables,expected_columns,tags,template_id,family
T0112,easy,How many purchase orders are there by order type?,"SELECT ""Type"", COUNT(*) AS po_count
  FROM ""tbl_purchase_order""
  GROUP BY ""Type""
  ORDER BY po_count DESC;",tbl_purchase_order,tbl_purchase_order.Type,"purchasing,aggregation",trx_agg_po_by_type,12
T0097,easy,List all closed sales orders placed in 2025.,"SELECT ""SONumber"", ""CustomerShipTo"", ""DateOrdered"", ""Type""
  FROM ""tbl_sales_order""
  WHERE ""Status"" = 'CLOSED'
    AND EXTRACT(YEAR FROM ""DateOrdered"") = 2025
  ORDER BY ""DateOrdered"" DESC;",tbl_sales_order,"tbl_sales_order.Status,tbl_sales_order.DateOrdered","sales_orders,lookup,temporal",trx_lookup_closed_so_year,11
T0287,medium,How many sales orders did each customer place in 2025?,"SELECT c.""Name"" AS customer_name,
         COUNT(s.""SONumber"") AS so_count
  FROM ""tbl_sales_order"" s
  JOIN ""tbl_customer"" c ON c.""Customer"" = s.""CustomerShipTo""
  WHERE EXTRACT(YEAR FROM s.""DateOrdered"") = 2025
  GROUP BY c.""Name""
  ORDER BY so_count DESC;","tbl_sales_order,tbl_customer","tbl_sales_order.CustomerShipTo,tbl_sales_order.DateOrdered,tbl_customer.Name","sales_orders,customers,join,temporal",trx_join_so_customer_year,16
T0369,hard,Rank all stock items by standard cost.,"SELECT ""Item"", ""Description"", ""StandardCost"",
         RANK() OVER (ORDER BY ""StandardCost"" DESC) AS cost_rank
  FROM ""tbl_item""
  WHERE ""Type"" = 'STOCK' AND ""StandardCost"" > 0
  ORDER BY cost_rank;",tbl_item,"tbl_item.StandardCost,tbl_item.Type","inventory,window_function",trx_window_rank_items_cost,20
T0422,hard,Which vendors had purchase orders in 2024 but no AP vouchers in 2024?,"SELECT ""VendorPurchaseFrom"" AS vendor_code
  FROM ""tbl_purchase_order""
  WHERE EXTRACT(YEAR FROM ""OrderDate"") = 2024
  EXCEPT
  SELECT ""Vendor"" AS vendor_code
  FROM ""tbl_voucher""
  WHERE EXTRACT(YEAR FROM ""PaymentTermsDueDate"") = 2024
  ORDER BY vendor_code;","tbl_purchase_order,tbl_voucher","tbl_purchase_order.VendorPurchaseFrom,tbl_purchase_order.OrderDate,tbl_voucher.Vendor,tbl_voucher.PaymentTermsDueDate","vendors,except,temporal",trx_except_vendors_po_not_voucher_year,24
T0453,hard,What is the total estimated component cost for DESIGN work orders?,"SELECT w.""AssemblyStatus"",
         COUNT(DISTINCT w.""WorkOrderNumber"") AS wo_count,
         COUNT(wi.""ComponentID"") AS component_count,
         SUM(wi.""EstimatedExtendedCost"") AS total_est_cost
  FROM ""tbl_work_order"" w
  JOIN ""tbl_work_order_item"" wi ON wi.""WorkOrderNumber"" = w.""WorkOrderNumber""
  WHERE w.""AssemblyStatus"" = 'DESIGN'
  GROUP BY w.""AssemblyStatus"";","tbl_work_order,tbl_work_order_item","tbl_work_order.AssemblyStatus,tbl_work_order_item.EstimatedExtendedCost","warehouse,aggregation",trx_wo_component_cost_by_status,26
T0245,medium,What are the top 5 items by total quantity purchased in 2025?,"SELECT l.""Item"",
         SUM(NULLIF(l.""Quantity"", '')::numeric) AS total_qty_ordered
  FROM ""tbl_purchase_order"" p
  JOIN ""tbl_purchase_order_line"" l ON l.""PONumber"" = p.""PONumber""
  WHERE EXTRACT(YEAR FROM p.""OrderDate"") = 2025
    AND l.""Item"" IS NOT NULL AND l.""Item"" != ''
  GROUP BY l.""Item""
  ORDER BY total_qty_ordered DESC NULLS LAST
  LIMIT 5;","tbl_purchase_order,tbl_purchase_order_line","tbl_purchase_order_line.Item,tbl_purchase_order_line.Quantity,tbl_purchase_order.OrderDate","inventory,purchasing,top_n,temporal",trx_topn_items_po_qty_year,14
T0423,hard,Which vendors had purchase orders in 2025 but no AP vouchers in 2025?,"SELECT ""VendorPurchaseFrom"" AS vendor_code
  FROM ""tbl_purchase_order""
  WHERE EXTRACT(YEAR FROM ""OrderDate"") = 2025
  EXCEPT
  SELECT ""Vendor"" AS vendor_code
  FROM ""tbl_voucher""
  WHERE EXTRACT(YEAR FROM ""PaymentTermsDueDate"") = 2025
  ORDER BY vendor_code;","tbl_purchase_order,tbl_voucher","tbl_purchase_order.VendorPurchaseFrom,tbl_purchase_order.OrderDate,tbl_voucher.Vendor,tbl_voucher.PaymentTermsDueDate","vendors,except,temporal",trx_except_vendors_po_not_voucher_year,24
T0155,medium,What was the total invoiced amount by selling location in 2021?,"SELECT ""SellingLocation"", COUNT(*) AS invoice_count,
         SUM(""InvoiceAmount"") AS total_invoiced
  FROM ""tbl_invoice""
  WHERE EXTRACT(YEAR FROM ""InvoiceDate"") = 2021
    AND ""SellingLocation"" IS NOT NULL
  GROUP BY ""SellingLocation""
  ORDER BY total_invoiced DESC;",tbl_invoice,"tbl_invoice.SellingLocation,tbl_invoice.InvoiceAmount,tbl_invoice.InvoiceDate","accounts_receivable,temporal,aggregation",trx_temp_invoice_by_location_year,13
T0106,easy,List all standard sales orders placed in 2022.,"SELECT ""SONumber"", ""CustomerShipTo"", ""SellingLocation"", ""DateOrdered"", ""Status""
  FROM ""tbl_sales_order""
  WHERE ""Type"" = 'STAND'
    AND EXTRACT(YEAR FROM ""DateOrdered"") = 2022
  ORDER BY ""DateOrdered"" DESC;",tbl_sales_order,"tbl_sales_order.Type,tbl_sales_order.DateOrdered","sales_orders,lookup,temporal",trx_lookup_so_stand_year,11
T0119,easy,How many GL journal entries were posted in 2021?,"SELECT COUNT(*) AS entry_count
  FROM ""tbl_je_line_item""
  WHERE EXTRACT(YEAR FROM ""TransactionDate"") = 2021;",tbl_je_line_item,tbl_je_line_item.TransactionDate,"general_ledger,aggregation,temporal",trx_agg_gl_by_account_year,12
T0365,hard,Show cumulative invoiced amount by month in 2022.,"SELECT DATE_TRUNC('month', ""InvoiceDate"") AS month,
         SUM(""InvoiceAmount"") AS monthly_amount,
         SUM(SUM(""InvoiceAmount"")) OVER (ORDER BY DATE_TRUNC('month', ""InvoiceDate"")) AS running_total
  FROM ""tbl_invoice""
  WHERE EXTRACT(YEAR FROM ""InvoiceDate"") = 2022
  GROUP BY month
  ORDER BY month;",tbl_invoice,"tbl_invoice.InvoiceDate,tbl_invoice.InvoiceAmount","accounts_receivable,window_function,temporal",trx_window_invoice_running_year,20
T0475,hard,Which vendors have an AP balance above the average?,"SELECT ""Vendor"", ""Name"", ""APBalance""
  FROM ""tbl_vendor""
  WHERE ""APBalance"" > (
    SELECT AVG(""APBalance"") FROM ""tbl_vendor"" WHERE ""APBalance"" IS NOT NULL AND ""APBalance"" > 0
  )
  ORDER BY ""APBalance"" DESC;",tbl_vendor,tbl_vendor.APBalance,"vendors,accounts_payable,correlated_subquery",trx_corr_vendors_above_avg_ap,28
T0133,medium,What was the total invoiced amount each quarter in 2024?,"SELECT EXTRACT(QUARTER FROM ""InvoiceDate"") AS quarter,
         COUNT(*) AS invoice_count,
         SUM(""InvoiceAmount"") AS total_amount
  FROM ""tbl_invoice""
  WHERE EXTRACT(YEAR FROM ""InvoiceDate"") = 2024
  GROUP BY quarter
  ORDER BY quarter;",tbl_invoice,"tbl_invoice.InvoiceDate,tbl_invoice.InvoiceAmount","accounts_receivable,temporal,aggregation",trx_temp_invoice_by_quarter,13
T0408,hard,Show all SO and invoice activity for customers in 2025.,"SELECT 'SO' AS activity_type,
         s.""SONumber"" AS reference,
         c.""Name"" AS customer_name,
         s.""DateOrdered""::date AS activity_date
  FROM ""tbl_sales_order"" s
  JOIN ""tbl_customer"" c ON c.""Customer"" = s.""CustomerShipTo""
  WHERE EXTRACT(YEAR FROM s.""DateOrdered"") = 2025
  UNION ALL
  SELECT 'INVOICE' AS activity_type,
         i.""InvoiceNumber"" AS reference,
         c.""Name"" AS customer_name,
         i.""InvoiceDate""::date AS activity_date
  FROM ""tbl_invoice"" i
  JOIN ""tbl_customer"" c ON c.""Customer"" = i.""Customer""
  WHERE EXTRACT(YEAR FROM i.""InvoiceDate"") = 2025
  ORDER BY customer_name, activity_date;","tbl_sales_order,tbl_invoice,tbl_customer","tbl_sales_order.CustomerShipTo,tbl_sales_order.DateOrdered,tbl_invoice.Customer,tbl_invoice.InvoiceDate","sales_orders,accounts_receivable,union,temporal",trx_union_so_invoice_customer_year,23
T0314,hard,What is the total quantity purchased per item in 2021?,"SELECT l.""Item"", im.""Description"",
         SUM(NULLIF(l.""Quantity"", '')::numeric) AS total_qty_purchased
  FROM ""tbl_purchase_order"" p
  JOIN ""tbl_purchase_order_line"" l ON l.""PONumber"" = p.""PONumber""
  JOIN ""tbl_item"" im ON im.""Item"" = l.""Item""
  WHERE EXTRACT(YEAR FROM p.""OrderDate"") = 2021
    AND l.""Item"" IS NOT NULL AND l.""Item"" != ''
  GROUP BY l.""Item"", im.""Description""
  ORDER BY total_qty_purchased DESC NULLS LAST
  LIMIT 20;","tbl_purchase_order,tbl_purchase_order_line,tbl_item","tbl_purchase_order.OrderDate,tbl_purchase_order_line.Item,tbl_purchase_order_line.Quantity,tbl_item.Description","purchasing,inventory,join,temporal",trx_3join_po_line_item_year,17
T0448,medium,How many work orders are in INASSY status by work center?,"SELECT ""WorkCenter"", COUNT(*) AS wo_count
  FROM ""tbl_work_order""
  WHERE ""AssemblyStatus"" = 'INASSY'
    AND ""WorkCenter"" IS NOT NULL
  GROUP BY ""WorkCenter""
  ORDER BY wo_count DESC;",tbl_work_order,"tbl_work_order.AssemblyStatus,tbl_work_order.WorkCenter","warehouse,aggregation",trx_wo_by_status_detail,26
T0333,hard,How many SO lines did each sales rep process per customer in 2024?,"SELECT r.""Name"" AS rep_name, c.""Name"" AS customer_name,
         COUNT(lr.""SOLineNumber"") AS line_count
  FROM ""tbl_sales_order"" s
  JOIN ""tbl_so_line_rep"" lr ON lr.""SONumber"" = s.""SONumber""
  JOIN ""tbl_sales_rep"" r ON r.""SalesRep"" = lr.""SalesRep""
  JOIN ""tbl_customer"" c ON c.""Customer"" = s.""CustomerShipTo""
  WHERE EXTRACT(YEAR FROM s.""DateOrdered"") = 2024
  GROUP BY r.""Name"", c.""Name""
  ORDER BY line_count DESC
  LIMIT 20;","tbl_sales_order,tbl_so_line_rep,tbl_sales_rep,tbl_customer","tbl_so_line_rep.SalesRep,tbl_sales_rep.Name,tbl_sales_order.CustomerShipTo,tbl_sales_order.DateOrdered,tbl_customer.Name","sales_orders,commissions,join,temporal",trx_3join_so_rep_customer_year,17
T0197,medium,What are the top 5 items by invoice quantity in 2024?,"SELECT il.""Item"",
         SUM(NULLIF(il.""Quantity"", '')::numeric) AS total_qty_invoiced
  FROM ""tbl_invoice"" i
  JOIN ""tbl_invoice_line"" il ON il.""InvoiceNumber"" = i.""InvoiceNumber""
  WHERE EXTRACT(YEAR FROM i.""InvoiceDate"") = 2024
    AND il.""Item"" IS NOT NULL AND il.""Item"" != ''
  GROUP BY il.""Item""
  ORDER BY total_qty_invoiced DESC NULLS LAST
  LIMIT 5;","tbl_invoice,tbl_invoice_line","tbl_invoice_line.Item,tbl_invoice_line.Quantity,tbl_invoice.InvoiceDate","inventory,accounts_receivable,top_n,temporal",trx_topn_items_invoiced_year,14
T0331,hard,How many SO lines did each sales rep process per customer in 2022?,"SELECT r.""Name"" AS rep_name, c.""Name"" AS customer_name,
         COUNT(lr.""SOLineNumber"") AS line_count
  FROM ""tbl_sales_order"" s
  JOIN ""tbl_so_line_rep"" lr ON lr.""SONumber"" = s.""SONumber""
  JOIN ""tbl_sales_rep"" r ON r.""SalesRep"" = lr.""SalesRep""
  JOIN ""tbl_customer"" c ON c.""Customer"" = s.""CustomerShipTo""
  WHERE EXTRACT(YEAR FROM s.""DateOrdered"") = 2022
  GROUP BY r.""Name"", c.""Name""
  ORDER BY line_count DESC
  LIMIT 20;","tbl_sales_order,tbl_so_line_rep,tbl_sales_rep,tbl_customer","tbl_so_line_rep.SalesRep,tbl_sales_rep.Name,tbl_sales_order.CustomerShipTo,tbl_sales_order.DateOrdered,tbl_customer.Name","sales_orders,commissions,join,temporal",trx_3join_so_rep_customer_year,17
T0420,hard,Which vendors had purchase orders in 2022 but no AP vouchers in 2022?,"SELECT ""VendorPurchaseFrom"" AS vendor_code
  FROM ""tbl_purchase_order""
  WHERE EXTRACT(YEAR FROM ""OrderDate"") = 2022
  EXCEPT
  SELECT ""Vendor"" AS vendor_code
  FROM ""tbl_voucher""
  WHERE EXTRACT(YEAR FROM ""PaymentTermsDueDate"") = 2022
  ORDER BY vendor_code;","tbl_purchase_order,tbl_voucher","tbl_purchase_order.VendorPurchaseFrom,tbl_purchase_order.OrderDate,tbl_voucher.Vendor,tbl_voucher.PaymentTermsDueDate","vendors,except,temporal",trx_except_vendors_po_not_voucher_year,24
T0494,hard,"For each item, compare total quantity sold vs purchased in 2021.","WITH sold AS (
    SELECT sl.""Item"",
           SUM(NULLIF(sl.""Quantity"", '')::numeric) AS qty_sold
    FROM ""tbl_so_line"" sl
    JOIN ""tbl_sales_order"" s ON s.""SONumber"" = sl.""SONumber""
    WHERE EXTRACT(YEAR FROM s.""DateOrdered"") = 2021
      AND sl.""Item"" IS NOT NULL AND sl.""Item"" != ''
    GROUP BY sl.""Item""
  ),
  purchased AS (
    SELECT pl.""Item"",
           SUM(NULLIF(pl.""Quantity"", '')::numeric) AS qty_purchased
    FROM ""tbl_purchase_order_line"" pl
    JOIN ""tbl_purchase_order"" p ON p.""PONumber"" = pl.""PONumber""
    WHERE EXTRACT(YEAR FROM p.""OrderDate"") = 2021
      AND pl.""Item"" IS NOT NULL AND pl.""Item"" != ''
    GROUP BY pl.""Item""
  )
  SELECT COALESCE(s.""Item"", p.""Item"") AS item,
         COALESCE(s.qty_sold, 0) AS qty_sold,
         COALESCE(p.qty_purchased, 0) AS qty_purchased
  FROM sold s
  FULL OUTER JOIN purchased p ON p.""Item"" = s.""Item""
  ORDER BY COALESCE(s.qty_sold, 0) DESC NULLS LAST
  LIMIT 20;","tbl_so_line,tbl_sales_order,tbl_purchase_order_line,tbl_purchase_order","tbl_so_line.Item,tbl_so_line.Quantity,tbl_sales_order.DateOrdered,tbl_purchase_order_line.Item,tbl_purchase_order_line.Quantity,tbl_purchase_order.OrderDate","inventory,temporal",trx_item_sold_vs_purchased_year,32
T0156,medium,What was the total invoiced amount by selling location in 2022?,"SELECT ""SellingLocation"", COUNT(*) AS invoice_count,
         SUM(""InvoiceAmount"") AS total_invoiced
  FROM ""tbl_invoice""
  WHERE EXTRACT(YEAR FROM ""InvoiceDate"") = 2022
    AND ""SellingLocation"" IS NOT NULL
  GROUP BY ""SellingLocation""
  ORDER BY total_invoiced DESC;",tbl_invoice,"tbl_invoice.SellingLocation,tbl_invoice.InvoiceAmount,tbl_invoice.InvoiceDate","accounts_receivable,temporal,aggregation",trx_temp_invoice_by_location_year,13
T0315,hard,What is the total quantity purchased per item in 2022?,"SELECT l.""Item"", im.""Description"",
         SUM(NULLIF(l.""Quantity"", '')::numeric) AS total_qty_purchased
  FROM ""tbl_purchase_order"" p
  JOIN ""tbl_purchase_order_line"" l ON l.""PONumber"" = p.""PONumber""
  JOIN ""tbl_item"" im ON im.""Item"" = l.""Item""
  WHERE EXTRACT(YEAR FROM p.""OrderDate"") = 2022
    AND l.""Item"" IS NOT NULL AND l.""Item"" != ''
  GROUP BY l.""Item"", im.""Description""
  ORDER BY total_qty_purchased DESC NULLS LAST
  LIMIT 20;","tbl_purchase_order,tbl_purchase_order_line,tbl_item","tbl_purchase_order.OrderDate,tbl_purchase_order_line.Item,tbl_purchase_order_line.Quantity,tbl_item.Description","purchasing,inventory,join,temporal",trx_3join_po_line_item_year,17
T0297,medium,What was the total PO value placed with each vendor in 2025?,"SELECT v.""Name"" AS vendor_name,
         COUNT(DISTINCT p.""PONumber"") AS po_count,
         SUM(NULLIF(l.""Quantity"", '')::numeric * l.""UnitCost"") AS total_po_value
  FROM ""tbl_purchase_order"" p
  JOIN ""tbl_purchase_order_line"" l ON l.""PONumber"" = p.""PONumber""
  JOIN ""tbl_vendor"" v ON v.""Vendor"" = p.""VendorPurchaseFrom""
  WHERE EXTRACT(YEAR FROM p.""OrderDate"") = 2025
  GROUP BY v.""Name""
  ORDER BY total_po_value DESC NULLS LAST;","tbl_purchase_order,tbl_purchase_order_line,tbl_vendor","tbl_purchase_order.VendorPurchaseFrom,tbl_purchase_order.OrderDate,tbl_purchase_order_line.UnitCost,tbl_purchase_order_line.Quantity,tbl_vendor.Name","purchasing,vendors,join,temporal",trx_join_po_vendor_year,16
T0298,medium,Which items are currently used in in-assembly work orders?,"SELECT DISTINCT wi.""Item"", im.""Description"",
         COUNT(DISTINCT wi.""WorkOrderNumber"") AS wo_count
  FROM ""tbl_work_order"" w
  JOIN ""tbl_work_order_item"" wi ON wi.""WorkOrderNumber"" = w.""WorkOrderNumber""
  JOIN ""tbl_item"" im ON im.""Item"" = wi.""Item""
  WHERE w.""AssemblyStatus"" = 'INASSY'
    AND wi.""Item"" IS NOT NULL AND wi.""Item"" != ''
  GROUP BY wi.""Item"", im.""Description""
  ORDER BY wo_count DESC;","tbl_work_order,tbl_work_order_item,tbl_item","tbl_work_order.AssemblyStatus,tbl_work_order_item.Item,tbl_item.Description","warehouse,inventory,join",trx_join_wopi_item_inassy,16
T0161,medium,How many sales orders were opened vs closed each month in 2022?,"SELECT DATE_TRUNC('month', ""DateOrdered"") AS month,
         SUM(CASE WHEN ""Status"" = 'OPEN' THEN 1 ELSE 0 END) AS open_count,
         SUM(CASE WHEN ""Status"" = 'CLOSED' THEN 1 ELSE 0 END) AS closed_count
  FROM ""tbl_sales_order""
  WHERE EXTRACT(YEAR FROM ""DateOrdered"") = 2022
  GROUP BY month
  ORDER BY month;",tbl_sales_order,"tbl_sales_order.DateOrdered,tbl_sales_order.Status","sales_orders,temporal,aggregation",trx_temp_so_open_closed_year,13
T0009,easy,List work orders currently in assembly.,"SELECT ""WorkOrderNumber"", ""Description"", ""OrderingLocation"", ""WorkCenter""
  FROM ""tbl_work_order""
  WHERE ""AssemblyStatus"" = 'INASSY'
  ORDER BY ""WorkOrderNumber"";",tbl_work_order,tbl_work_order.AssemblyStatus,"warehouse,lookup",trx_lookup_wip_workorders,1
T0262,medium,Who are the top 3 customers by sales order count in 2021?,"SELECT c.""Name"" AS customer_name, COUNT(s.""SONumber"") AS so_count
  FROM ""tbl_sales_order"" s
  JOIN ""tbl_customer"" c ON c.""Customer"" = s.""CustomerShipTo""
  WHERE EXTRACT(YEAR FROM s.""DateOrdered"") = 2021
  GROUP BY c.""Name""
  ORDER BY so_count DESC
  LIMIT 3;","tbl_sales_order,tbl_customer","tbl_sales_order.CustomerShipTo,tbl_sales_order.DateOrdered,tbl_customer.Name","sales_orders,customers,top_n,temporal",trx_topn_customers_so_year,14
T0294,medium,What was the total PO value placed with each vendor in 2022?,"SELECT v.""Name"" AS vendor_name,
         COUNT(DISTINCT p.""PONumber"") AS po_count,
         SUM(NULLIF(l.""Quantity"", '')::numeric * l.""UnitCost"") AS total_po_value
  FROM ""tbl_purchase_order"" p
  JOIN ""tbl_purchase_order_line"" l ON l.""PONumber"" = p.""PONumber""
  JOIN ""tbl_vendor"" v ON v.""Vendor"" = p.""VendorPurchaseFrom""
  WHERE EXTRACT(YEAR FROM p.""OrderDate"") = 2022
  GROUP BY v.""Name""
  ORDER BY total_po_value DESC NULLS LAST;","tbl_purchase_order,tbl_purchase_order_line,tbl_vendor","tbl_purchase_order.VendorPurchaseFrom,tbl_purchase_order.OrderDate,tbl_purchase_order_line.UnitCost,tbl_purchase_order_line.Quantity,tbl_vendor.Name","purchasing,vendors,join,temporal",trx_join_po_vendor_year,16
T0389,hard,What is the average lead time in days from PO order date to required date in 2022?,"SELECT ""OrderingLocation"",
         ROUND(AVG((""RequiredDate""::date - ""OrderDate""::date)), 1) AS avg_lead_days,
         COUNT(*) AS po_count
  FROM ""tbl_purchase_order""
  WHERE EXTRACT(YEAR FROM ""OrderDate"") = 2022
    AND ""RequiredDate"" IS NOT NULL
    AND ""RequiredDate"" > ""OrderDate""
  GROUP BY ""OrderingLocation""
  ORDER BY avg_lead_days DESC;",tbl_purchase_order,"tbl_purchase_order.OrderDate,tbl_purchase_order.RequiredDate","purchasing,temporal",trx_datemath_po_lead_time,21
T0476,hard,Which open sales orders have more lines than the average?,"SELECT s.""SONumber"", s.""CustomerShipTo"", s.""DateOrdered"",
         COUNT(l.""SOLineNumber"") AS line_count
  FROM ""tbl_sales_order"" s
  JOIN ""tbl_so_line"" l ON l.""SONumber"" = s.""SONumber""
  WHERE s.""Status"" = 'OPEN'
  GROUP BY s.""SONumber"", s.""CustomerShipTo"", s.""DateOrdered""
  HAVING COUNT(l.""SOLineNumber"") > (
    SELECT AVG(lc) FROM (
      SELECT COUNT(*) AS lc FROM ""tbl_so_line""
      JOIN ""tbl_sales_order"" ON ""tbl_sales_order"".""SONumber"" = ""tbl_so_line"".""SONumber""
      WHERE ""tbl_sales_order"".""Status"" = 'OPEN'
      GROUP BY ""tbl_so_line"".""SONumber""
    ) sub
  )
  ORDER BY line_count DESC;","tbl_sales_order,tbl_so_line","tbl_sales_order.Status,tbl_so_line.SONumber","sales_orders,correlated_subquery",trx_corr_so_above_avg_lines,28
T0513,medium,How many open purchase orders does each vendor have as of 2025?,"SELECT v.""Name"" AS vendor_name,
         COUNT(p.""PONumber"") AS open_po_count
  FROM ""tbl_purchase_order"" p
  JOIN ""tbl_vendor"" v ON v.""Vendor"" = p.""VendorPurchaseFrom""
  WHERE p.""Status"" = 'OPEN'
    AND EXTRACT(YEAR FROM p.""OrderDate"") <= 2025
  GROUP BY v.""Name""
  ORDER BY open_po_count DESC;","tbl_purchase_order,tbl_vendor","tbl_purchase_order.Status,tbl_purchase_order.OrderDate,tbl_purchase_order.VendorPurchaseFrom,tbl_vendor.Name","purchasing,vendors,aggregation,temporal",trx_status_open_po_by_vendor_year,33
T0359,medium,Which sales reps have more than 5 commission lines reported?,"SELECT r.""Name"" AS rep_name, COUNT(c.""InvoiceNumber"") AS commission_lines
  FROM ""tbl_tiered_commission"" c
  JOIN ""tbl_sales_rep"" r ON r.""SalesRep"" = c.""SalesRep""
  GROUP BY r.""Name""
  HAVING COUNT(c.""InvoiceNumber"") > 5
  ORDER BY commission_lines DESC;","tbl_tiered_commission,tbl_sales_rep","tbl_tiered_commission.SalesRep,tbl_sales_rep.Name","commissions,having",trx_having_reps_min_commission,19
T0497,hard,"For each item, compare total quantity sold vs purchased in 2024.","WITH sold AS (
    SELECT sl.""Item"",
           SUM(NULLIF(sl.""Quantity"", '')::numeric) AS qty_sold
    FROM ""tbl_so_line"" sl
    JOIN ""tbl_sales_order"" s ON s.""SONumber"" = sl.""SONumber""
    WHERE EXTRACT(YEAR FROM s.""DateOrdered"") = 2024
      AND sl.""Item"" IS NOT NULL AND sl.""Item"" != ''
    GROUP BY sl.""Item""
  ),
  purchased AS (
    SELECT pl.""Item"",
           SUM(NULLIF(pl.""Quantity"", '')::numeric) AS qty_purchased
    FROM ""tbl_purchase_order_line"" pl
    JOIN ""tbl_purchase_order"" p ON p.""PONumber"" = pl.""PONumber""
    WHERE EXTRACT(YEAR FROM p.""OrderDate"") = 2024
      AND pl.""Item"" IS NOT NULL AND pl.""Item"" != ''
    GROUP BY pl.""Item""
  )
  SELECT COALESCE(s.""Item"", p.""Item"") AS item,
         COALESCE(s.qty_sold, 0) AS qty_sold,
         COALESCE(p.qty_purchased, 0) AS qty_purchased
  FROM sold s
  FULL OUTER JOIN purchased p ON p.""Item"" = s.""Item""
  ORDER BY COALESCE(s.qty_sold, 0) DESC NULLS LAST
  LIMIT 20;","tbl_so_line,tbl_sales_order,tbl_purchase_order_line,tbl_purchase_order","tbl_so_line.Item,tbl_so_line.Quantity,tbl_sales_order.DateOrdered,tbl_purchase_order_line.Item,tbl_purchase_order_line.Quantity,tbl_purchase_order.OrderDate","inventory,temporal",trx_item_sold_vs_purchased_year,32
T0254,medium,Who are the top 5 sales reps by SO line count in 2023?,"SELECT r.""Name"" AS rep_name, COUNT(lr.""SOLineNumber"") AS line_count
  FROM ""tbl_sales_order"" s
  JOIN ""tbl_so_line_rep"" lr ON lr.""SONumber"" = s.""SONumber""
  JOIN ""tbl_sales_rep"" r ON r.""SalesRep"" = lr.""SalesRep""
  WHERE EXTRACT(YEAR FROM s.""DateOrdered"") = 2023
  GROUP BY r.""Name""
  ORDER BY line_count DESC
  LIMIT 5;","tbl_sales_order,tbl_so_line_rep,tbl_sales_rep","tbl_so_line_rep.SalesRep,tbl_sales_rep.Name,tbl_sales_order.DateOrdered","sales_orders,commissions,top_n,temporal",trx_topn_reps_lines_year,14
T0388,hard,What is the average lead time in days from PO order date to required date in 2021?,"SELECT ""OrderingLocation"",
         ROUND(AVG((""RequiredDate""::date - ""OrderDate""::date)), 1) AS avg_lead_days,
         COUNT(*) AS po_count
  FROM ""tbl_purchase_order""
  WHERE EXTRACT(YEAR FROM ""OrderDate"") = 2021
    AND ""RequiredDate"" IS NOT NULL
    AND ""RequiredDate"" > ""OrderDate""
  GROUP BY ""OrderingLocation""
  ORDER BY avg_lead_days DESC;",tbl_purchase_order,"tbl_purchase_order.OrderDate,tbl_purchase_order.RequiredDate","purchasing,temporal",trx_datemath_po_lead_time,21
T0144,medium,How many pick tickets were shipped each month in 2025?,"SELECT DATE_TRUNC('month', ""DateShipped"") AS month,
         COUNT(*) AS pt_count
  FROM ""tbl_pick_ticket""
  WHERE ""Status"" = 'CONFRM'
    AND EXTRACT(YEAR FROM ""DateShipped"") = 2025
  GROUP BY month
  ORDER BY month;",tbl_pick_ticket,"tbl_pick_ticket.DateShipped,tbl_pick_ticket.Status","warehouse,temporal,aggregation",trx_temp_pt_shipped_by_month,13
T0520,medium,What is the total invoiced amount by invoice type in 2022?,"SELECT ""InvoiceType"",
         COUNT(*) AS invoice_count,
         SUM(""InvoiceAmount"") AS total_amount
  FROM ""tbl_invoice""
  WHERE EXTRACT(YEAR FROM ""InvoiceDate"") = 2022
  GROUP BY ""InvoiceType""
  ORDER BY total_amount DESC;",tbl_invoice,"tbl_invoice.InvoiceType,tbl_invoice.InvoiceAmount,tbl_invoice.InvoiceDate","accounts_receivable,aggregation,temporal",trx_status_invoice_by_type_year,33
T0372,hard,Show monthly PO count with running total in 2022.,"SELECT DATE_TRUNC('month', ""OrderDate"") AS month,
         COUNT(*) AS monthly_count,
         SUM(COUNT(*)) OVER (ORDER BY DATE_TRUNC('month', ""OrderDate"")) AS running_total
  FROM ""tbl_purchase_order""
  WHERE EXTRACT(YEAR FROM ""OrderDate"") = 2022
  GROUP BY month
  ORDER BY month;",tbl_purchase_order,tbl_purchase_order.OrderDate,"purchasing,window_function,temporal",trx_window_po_running_year,20
T0154,medium,How many sales orders were placed by selling location in 2025?,"SELECT ""SellingLocation"", COUNT(*) AS order_count
  FROM ""tbl_sales_order""
  WHERE EXTRACT(YEAR FROM ""DateOrdered"") = 2025
    AND ""SellingLocation"" IS NOT NULL
  GROUP BY ""SellingLocation""
  ORDER BY order_count DESC;",tbl_sales_order,"tbl_sales_order.SellingLocation,tbl_sales_order.DateOrdered","sales_orders,temporal,aggregation",trx_temp_so_by_location_year,13
T0038,medium,Who are the top 3 customers by AR balance?,"SELECT ""Customer"", ""Name"", ""ARBalance""
  FROM ""tbl_customer""
  WHERE ""ARBalance"" IS NOT NULL
  ORDER BY ""ARBalance"" DESC
  LIMIT 3;",tbl_customer,"tbl_customer.ARBalance,tbl_customer.Name","accounts_receivable,customers,top_n",trx_topn_customers_by_ar,5
T0263,medium,Who are the top 5 customers by sales order count in 2021?,"SELECT c.""Name"" AS customer_name, COUNT(s.""SONumber"") AS so_count
  FROM ""tbl_sales_order"" s
  JOIN ""tbl_customer"" c ON c.""Customer"" = s.""CustomerShipTo""
  WHERE EXTRACT(YEAR FROM s.""DateOrdered"") = 2021
  GROUP BY c.""Name""
  ORDER BY so_count DESC
  LIMIT 5;","tbl_sales_order,tbl_customer","tbl_sales_order.CustomerShipTo,tbl_sales_order.DateOrdered,tbl_customer.Name","sales_orders,customers,top_n,temporal",trx_topn_customers_so_year,14
T0101,easy,List all active vendors.,"SELECT ""Vendor"", ""Name"", ""StateOrProvince"", ""APBalance""
  FROM ""tbl_vendor""
  WHERE ""Status"" = 'ACTIVE'
  ORDER BY ""Name"";",tbl_vendor,tbl_vendor.Status,"vendors,lookup",trx_lookup_active_vendors,11
T0258,medium,Who are the top 10 sales reps by SO line count in 2024?,"SELECT r.""Name"" AS rep_name, COUNT(lr.""SOLineNumber"") AS line_count
  FROM ""tbl_sales_order"" s
  JOIN ""tbl_so_line_rep"" lr ON lr.""SONumber"" = s.""SONumber""
  JOIN ""tbl_sales_rep"" r ON r.""SalesRep"" = lr.""SalesRep""
  WHERE EXTRACT(YEAR FROM s.""DateOrdered"") = 2024
  GROUP BY r.""Name""
  ORDER BY line_count DESC
  LIMIT 10;","tbl_sales_order,tbl_so_line_rep,tbl_sales_rep","tbl_so_line_rep.SalesRep,tbl_sales_rep.Name,tbl_sales_order.DateOrdered","sales_orders,commissions,top_n,temporal",trx_topn_reps_lines_year,14
T0496,hard,"For each item, compare total quantity sold vs purchased in 2023.","WITH sold AS (
    SELECT sl.""Item"",
           SUM(NULLIF(sl.""Quantity"", '')::numeric) AS qty_sold
    FROM ""tbl_so_line"" sl
    JOIN ""tbl_sales_order"" s ON s.""SONumber"" = sl.""SONumber""
    WHERE EXTRACT(YEAR FROM s.""DateOrdered"") = 2023
      AND sl.""Item"" IS NOT NULL AND sl.""Item"" != ''
    GROUP BY sl.""Item""
  ),
  purchased AS (
    SELECT pl.""Item"",
           SUM(NULLIF(pl.""Quantity"", '')::numeric) AS qty_purchased
    FROM ""tbl_purchase_order_line"" pl
    JOIN ""tbl_purchase_order"" p ON p.""PONumber"" = pl.""PONumber""
    WHERE EXTRACT(YEAR FROM p.""OrderDate"") = 2023
      AND pl.""Item"" IS NOT NULL AND pl.""Item"" != ''
    GROUP BY pl.""Item""
  )
  SELECT COALESCE(s.""Item"", p.""Item"") AS item,
         COALESCE(s.qty_sold, 0) AS qty_sold,
         COALESCE(p.qty_purchased, 0) AS qty_purchased
  FROM sold s
  FULL OUTER JOIN purchased p ON p.""Item"" = s.""Item""
  ORDER BY COALESCE(s.qty_sold, 0) DESC NULLS LAST
  LIMIT 20;","tbl_so_line,tbl_sales_order,tbl_purchase_order_line,tbl_purchase_order","tbl_so_line.Item,tbl_so_line.Quantity,tbl_sales_order.DateOrdered,tbl_purchase_order_line.Item,tbl_purchase_order_line.Quantity,tbl_purchase_order.OrderDate","inventory,temporal",trx_item_sold_vs_purchased_year,32
T0152,medium,How many sales orders were placed by selling location in 2023?,"SELECT ""SellingLocation"", COUNT(*) AS order_count
  FROM ""tbl_sales_order""
  WHERE EXTRACT(YEAR FROM ""DateOrdered"") = 2023
    AND ""SellingLocation"" IS NOT NULL
  GROUP BY ""SellingLocation""
  ORDER BY order_count DESC;",tbl_sales_order,"tbl_sales_order.SellingLocation,tbl_sales_order.DateOrdered","sales_orders,temporal,aggregation",trx_temp_so_by_location_year,13
T0523,medium,What is the total invoiced amount by invoice type in 2025?,"SELECT ""InvoiceType"",
         COUNT(*) AS invoice_count,
         SUM(""InvoiceAmount"") AS total_amount
  FROM ""tbl_invoice""
  WHERE EXTRACT(YEAR FROM ""InvoiceDate"") = 2025
  GROUP BY ""InvoiceType""
  ORDER BY total_amount DESC;",tbl_invoice,"tbl_invoice.InvoiceType,tbl_invoice.InvoiceAmount,tbl_invoice.InvoiceDate","accounts_receivable,aggregation,temporal",trx_status_invoice_by_type_year,33
T0338,hard,Which open sales orders have no pick ticket?,"SELECT s.""SONumber"", s.""CustomerShipTo"", s.""DateOrdered"", s.""SellingLocation""
  FROM ""tbl_sales_order"" s
  WHERE s.""Status"" = 'OPEN'
    AND NOT EXISTS (
      SELECT 1 FROM ""tbl_pick_ticket"" pt WHERE pt.""PickTicketNumber"" = s.""SONumber""
    )
  ORDER BY s.""DateOrdered"" DESC;","tbl_sales_order,tbl_pick_ticket","tbl_sales_order.SONumber,tbl_sales_order.Status,tbl_pick_ticket.PickTicketNumber","sales_orders,warehouse,anti_join",trx_antijoin_so_no_pt,18
T0060,hard,What is the total quantity ordered per customer in 2025?,"SELECT c.""Name"" AS customer_name,
         COUNT(l.""SOLineNumber"") AS line_count,
         SUM(NULLIF(l.""Quantity"", '')::numeric) AS total_qty
  FROM ""tbl_sales_order"" s
  JOIN ""tbl_so_line"" l ON l.""SONumber"" = s.""SONumber""
  JOIN ""tbl_customer"" c ON c.""Customer"" = s.""CustomerShipTo""
  WHERE EXTRACT(YEAR FROM s.""DateOrdered"") = 2025
  GROUP BY c.""Name""
  ORDER BY total_qty DESC NULLS LAST;","tbl_sales_order,tbl_so_line,tbl_customer","tbl_sales_order.CustomerShipTo,tbl_so_line.Quantity,tbl_customer.Name","sales_orders,customers,join,temporal",trx_3join_so_customer_qty,7
T0313,hard,What is the total quantity sold per item in 2025?,"SELECT l.""Item"", im.""Description"",
         SUM(NULLIF(l.""Quantity"", '')::numeric) AS total_qty_sold
  FROM ""tbl_sales_order"" s
  JOIN ""tbl_so_line"" l ON l.""SONumber"" = s.""SONumber""
  JOIN ""tbl_item"" im ON im.""Item"" = l.""Item""
  WHERE EXTRACT(YEAR FROM s.""DateOrdered"") = 2025
    AND l.""Item"" IS NOT NULL AND l.""Item"" != ''
  GROUP BY l.""Item"", im.""Description""
  ORDER BY total_qty_sold DESC NULLS LAST
  LIMIT 20;","tbl_sales_order,tbl_so_line,tbl_item","tbl_sales_order.DateOrdered,tbl_so_line.Item,tbl_so_line.Quantity,tbl_item.Description","sales_orders,inventory,join,temporal",trx_3join_so_line_item_year,17
T0042,medium,How many sales orders were placed each month in 2022?,"SELECT DATE_TRUNC('month', ""DateOrdered"") AS month,
         COUNT(*) AS order_count
  FROM ""tbl_sales_order""
  WHERE EXTRACT(YEAR FROM ""DateOrdered"") = 2022
  GROUP BY month
  ORDER BY month;",tbl_sales_order,tbl_sales_order.DateOrdered,"sales_orders,temporal,aggregation",trx_temp_so_by_month,6
T0087,extra_hard,"Which open invoices are past their due date, and how many days overdue?","SELECT i.""InvoiceNumber"", c.""Name"" AS customer_name,
         i.""InvoiceDate"", i.""InvoiceDueDate"",
         i.""InvoiceAmount"", i.""PaidAmount"",
         CURRENT_DATE - i.""InvoiceDueDate""::date AS days_overdue
  FROM ""tbl_invoice"" i
  JOIN ""tbl_customer"" c ON c.""Customer"" = i.""Customer""
  WHERE i.""Status"" = 'OPEN'
    AND i.""InvoiceDueDate"" < CURRENT_DATE
  ORDER BY days_overdue DESC;","tbl_invoice,tbl_customer","tbl_invoice.Status,tbl_invoice.InvoiceDueDate,tbl_customer.Name","accounts_receivable,temporal",trx_xhard_overdue_invoices,10
T0346,hard,Which items were sold in 2023 but never purchased in 2023?,"SELECT DISTINCT sl.""Item""
  FROM ""tbl_so_line"" sl
  JOIN ""tbl_sales_order"" s ON s.""SONumber"" = sl.""SONumber""
  WHERE EXTRACT(YEAR FROM s.""DateOrdered"") = 2023
    AND sl.""Item"" IS NOT NULL AND sl.""Item"" != ''
    AND NOT EXISTS (
      SELECT 1 FROM ""tbl_purchase_order_line"" pl
      JOIN ""tbl_purchase_order"" p ON p.""PONumber"" = pl.""PONumber""
      WHERE pl.""Item"" = sl.""Item""
        AND EXTRACT(YEAR FROM p.""OrderDate"") = 2023
    )
  ORDER BY sl.""Item"";","tbl_so_line,tbl_sales_order,tbl_purchase_order_line,tbl_purchase_order","tbl_so_line.Item,tbl_sales_order.DateOrdered,tbl_purchase_order_line.Item,tbl_purchase_order.OrderDate","inventory,anti_join,temporal",trx_antijoin_items_sold_not_purchased_year,18
T0309,hard,What is the total quantity sold per item in 2021?,"SELECT l.""Item"", im.""Description"",
         SUM(NULLIF(l.""Quantity"", '')::numeric) AS total_qty_sold
  FROM ""tbl_sales_order"" s
  JOIN ""tbl_so_line"" l ON l.""SONumber"" = s.""SONumber""
  JOIN ""tbl_item"" im ON im.""Item"" = l.""Item""
  WHERE EXTRACT(YEAR FROM s.""DateOrdered"") = 2021
    AND l.""Item"" IS NOT NULL AND l.""Item"" != ''
  GROUP BY l.""Item"", im.""Description""
  ORDER BY total_qty_sold DESC NULLS LAST
  LIMIT 20;","tbl_sales_order,tbl_so_line,tbl_item","tbl_sales_order.DateOrdered,tbl_so_line.Item,tbl_so_line.Quantity,tbl_item.Description","sales_orders,inventory,join,temporal",trx_3join_so_line_item_year,17
T0111,easy,How many invoices are there by invoice type?,"SELECT ""InvoiceType"", COUNT(*) AS invoice_count
  FROM ""tbl_invoice""
  GROUP BY ""InvoiceType""
  ORDER BY invoice_count DESC;",tbl_invoice,tbl_invoice.InvoiceType,"accounts_receivable,aggregation",trx_agg_invoice_by_type,12
T0180,medium,Who are the top 10 vendors by AP balance?,"SELECT ""Vendor"", ""Name"", ""APBalance""
  FROM ""tbl_vendor""
  WHERE ""APBalance"" IS NOT NULL AND ""APBalance"" > 0
  ORDER BY ""APBalance"" DESC
  LIMIT 10;",tbl_vendor,"tbl_vendor.APBalance,tbl_vendor.Name","vendors,accounts_payable,top_n",trx_topn_vendors_by_ap,14
T0231,medium,Who are the top 10 vendors by number of purchase orders in 2025?,"SELECT v.""Name"" AS vendor_name, COUNT(p.""PONumber"") AS po_count
  FROM ""tbl_purchase_order"" p
  JOIN ""tbl_vendor"" v ON v.""Vendor"" = p.""VendorPurchaseFrom""
  WHERE EXTRACT(YEAR FROM p.""OrderDate"") = 2025
  GROUP BY v.""Name""
  ORDER BY po_count DESC
  LIMIT 10;","tbl_purchase_order,tbl_vendor","tbl_purchase_order.VendorPurchaseFrom,tbl_purchase_order.OrderDate,tbl_vendor.Name","purchasing,vendors,top_n,temporal",trx_topn_vendors_po_year,14
T0022,medium,What is the total quantity shipped per confirmed pick ticket?,"SELECT pt.""PickTicketNumber"", pt.""DateShipped"",
         SUM(NULLIF(ptl.""QuantityShipped"", '')::numeric) AS total_shipped
  FROM ""tbl_pick_ticket"" pt
  JOIN ""tbl_pick_ticket_line"" ptl ON ptl.""PickTicketNumber"" = pt.""PickTicketNumber""
  WHERE pt.""Status"" = 'CONFRM'
  GROUP BY pt.""PickTicketNumber"", pt.""DateShipped""
  ORDER BY total_shipped DESC NULLS LAST;","tbl_pick_ticket,tbl_pick_ticket_line","tbl_pick_ticket.Status,tbl_pick_ticket_line.QuantityShipped","warehouse,header_detail",trx_hdr_pt_lines_shipped,3
T0069,hard,How many sales order lines does each sales rep have in 2023?,"SELECT r.""Name"" AS rep_name, COUNT(lr.""SOLineNumber"") AS line_count
  FROM ""tbl_sales_order"" s
  JOIN ""tbl_so_line_rep"" lr ON lr.""SONumber"" = s.""SONumber""
  JOIN ""tbl_sales_rep"" r ON r.""SalesRep"" = lr.""SalesRep""
  WHERE EXTRACT(YEAR FROM s.""DateOrdered"") = 2023
  GROUP BY r.""Name""
  ORDER BY line_count DESC;","tbl_sales_order,tbl_so_line_rep,tbl_sales_rep","tbl_so_line_rep.SalesRep,tbl_sales_rep.Name","sales_orders,commissions,join,temporal",trx_3join_so_rep_lines,7
T0216,medium,Who are the top 10 customers by total invoiced amount in 2025?,"SELECT c.""Name"" AS customer_name,
         COUNT(i.""InvoiceNumber"") AS invoice_count,
         SUM(i.""InvoiceAmount"") AS total_invoiced
  FROM ""tbl_invoice"" i
  JOIN ""tbl_customer"" c ON c.""Customer"" = i.""Customer""
  WHERE EXTRACT(YEAR FROM i.""InvoiceDate"") = 2025
  GROUP BY c.""Name""
  ORDER BY total_invoiced DESC
  LIMIT 10;","tbl_invoice,tbl_customer","tbl_invoice.Customer,tbl_invoice.InvoiceAmount,tbl_invoice.InvoiceDate,tbl_customer.Name","accounts_receivable,customers,top_n,temporal",trx_topn_customers_invoiced_year,14
T0356,medium,Which vendors have at least 5 purchase orders?,"SELECT v.""Name"" AS vendor_name, COUNT(p.""PONumber"") AS po_count
  FROM ""tbl_purchase_order"" p
  JOIN ""tbl_vendor"" v ON v.""Vendor"" = p.""VendorPurchaseFrom""
  GROUP BY v.""Name""
  HAVING COUNT(p.""PONumber"") >= 5
  ORDER BY po_count DESC;","tbl_purchase_order,tbl_vendor","tbl_purchase_order.VendorPurchaseFrom,tbl_vendor.Name","purchasing,vendors,having",trx_having_vendors_min_po,19
T0114,easy,How many purchase orders are there by ordering location?,"SELECT ""OrderingLocation"", COUNT(*) AS po_count
  FROM ""tbl_purchase_order""
  WHERE ""OrderingLocation"" IS NOT NULL
  GROUP BY ""OrderingLocation""
  ORDER BY po_count DESC;",tbl_purchase_order,tbl_purchase_order.OrderingLocation,"purchasing,aggregation",trx_agg_po_by_location,12
T0367,hard,Show cumulative invoiced amount by month in 2024.,"SELECT DATE_TRUNC('month', ""InvoiceDate"") AS month,
         SUM(""InvoiceAmount"") AS monthly_amount,
         SUM(SUM(""InvoiceAmount"")) OVER (ORDER BY DATE_TRUNC('month', ""InvoiceDate"")) AS running_total
  FROM ""tbl_invoice""
  WHERE EXTRACT(YEAR FROM ""InvoiceDate"") = 2024
  GROUP BY month
  ORDER BY month;",tbl_invoice,"tbl_invoice.InvoiceDate,tbl_invoice.InvoiceAmount","accounts_receivable,window_function,temporal",trx_window_invoice_running_year,20
T0191,medium,What are the top 5 items by invoice quantity in 2022?,"SELECT il.""Item"",
         SUM(NULLIF(il.""Quantity"", '')::numeric) AS total_qty_invoiced
  FROM ""tbl_invoice"" i
  JOIN ""tbl_invoice_line"" il ON il.""InvoiceNumber"" = i.""InvoiceNumber""
  WHERE EXTRACT(YEAR FROM i.""InvoiceDate"") = 2022
    AND il.""Item"" IS NOT NULL AND il.""Item"" != ''
  GROUP BY il.""Item""
  ORDER BY total_qty_invoiced DESC NULLS LAST
  LIMIT 5;","tbl_invoice,tbl_invoice_line","tbl_invoice_line.Item,tbl_invoice_line.Quantity,tbl_invoice.InvoiceDate","inventory,accounts_receivable,top_n,temporal",trx_topn_items_invoiced_year,14
T0537,hard,Which items were ordered on SOs but have no stock at any location in 2021?,"SELECT DISTINCT sl.""Item""
  FROM ""tbl_so_line"" sl
  JOIN ""tbl_sales_order"" s ON s.""SONumber"" = sl.""SONumber""
  WHERE EXTRACT(YEAR FROM s.""DateOrdered"") = 2021
    AND sl.""Item"" IS NOT NULL AND sl.""Item"" != ''
    AND NOT EXISTS (
      SELECT 1 FROM ""tbl_item_location"" il
      WHERE il.""Item"" = sl.""Item""
        AND NULLIF(il.""QuantityOnHand"", '')::numeric > 0
    )
  ORDER BY sl.""Item"";","tbl_sales_order,tbl_so_line,tbl_item_location","tbl_so_line.Item,tbl_sales_order.DateOrdered,tbl_item_location.QuantityOnHand","inventory,anti_join,temporal",trx_inv_items_all_locations_year,34
T0045,medium,How many sales orders were placed each month in 2025?,"SELECT DATE_TRUNC('month', ""DateOrdered"") AS month,
         COUNT(*) AS order_count
  FROM ""tbl_sales_order""
  WHERE EXTRACT(YEAR FROM ""DateOrdered"") = 2025
  GROUP BY month
  ORDER BY month;",tbl_sales_order,tbl_sales_order.DateOrdered,"sales_orders,temporal,aggregation",trx_temp_so_by_month,6
T0379,hard,What percentage of annual sales order volume does each month represent in 2024?,"SELECT DATE_TRUNC('month', ""DateOrdered"") AS month,
         COUNT(*) AS monthly_count,
         ROUND(
           100.0 * COUNT(*) / SUM(COUNT(*)) OVER (),
           2
         ) AS pct_of_year
  FROM ""tbl_sales_order""
  WHERE EXTRACT(YEAR FROM ""DateOrdered"") = 2024
  GROUP BY month
  ORDER BY month;",tbl_sales_order,tbl_sales_order.DateOrdered,"sales_orders,window_function,temporal",trx_window_so_pct_of_year,20
T0168,medium,What was the total AP voucher amount by month in 2024?,"SELECT DATE_TRUNC('month', ""PaymentTermsDueDate"") AS month,
         COUNT(*) AS voucher_count,
         SUM(""InvoiceAmount"") AS total_amount
  FROM ""tbl_voucher""
  WHERE EXTRACT(YEAR FROM ""PaymentTermsDueDate"") = 2024
  GROUP BY month
  ORDER BY month;",tbl_voucher,"tbl_voucher.PaymentTermsDueDate,tbl_voucher.InvoiceAmount","accounts_payable,temporal,aggregation",trx_temp_voucher_by_month,13
T0437,medium,Which items at location BENSON are below their minimum shelf quantity?,"SELECT il.""Item"", im.""Description"",
         NULLIF(il.""QuantityOnHand"", '')::numeric AS qty_on_hand,
         NULLIF(il.""MinShelfQty"", '')::numeric AS min_shelf_qty
  FROM ""tbl_item_location"" il
  JOIN ""tbl_item"" im ON im.""Item"" = il.""Item""
  WHERE il.""Location"" = 'BENSON'
    AND NULLIF(il.""MinShelfQty"", '')::numeric > 0
    AND (
      NULLIF(il.""QuantityOnHand"", '')::numeric IS NULL
      OR NULLIF(il.""QuantityOnHand"", '')::numeric < NULLIF(il.""MinShelfQty"", '')::numeric
    )
  ORDER BY (NULLIF(il.""QuantityOnHand"", '')::numeric - NULLIF(il.""MinShelfQty"", '')::numeric) ASC NULLS FIRST;","tbl_item_location,tbl_item","tbl_item_location.Location,tbl_item_location.QuantityOnHand,tbl_item_location.MinShelfQty,tbl_item.Description","inventory,location",trx_loc_reorder_needed,25
T0202,medium,Who are the top 3 customers by total invoiced amount in 2021?,"SELECT c.""Name"" AS customer_name,
         COUNT(i.""InvoiceNumber"") AS invoice_count,
         SUM(i.""InvoiceAmount"") AS total_invoiced
  FROM ""tbl_invoice"" i
  JOIN ""tbl_customer"" c ON c.""Customer"" = i.""Customer""
  WHERE EXTRACT(YEAR FROM i.""InvoiceDate"") = 2021
  GROUP BY c.""Name""
  ORDER BY total_invoiced DESC
  LIMIT 3;","tbl_invoice,tbl_customer","tbl_invoice.Customer,tbl_invoice.InvoiceAmount,tbl_invoice.InvoiceDate,tbl_customer.Name","accounts_receivable,customers,top_n,temporal",trx_topn_customers_invoiced_year,14
T0219,medium,Who are the top 10 vendors by number of purchase orders in 2021?,"SELECT v.""Name"" AS vendor_name, COUNT(p.""PONumber"") AS po_count
  FROM ""tbl_purchase_order"" p
  JOIN ""tbl_vendor"" v ON v.""Vendor"" = p.""VendorPurchaseFrom""
  WHERE EXTRACT(YEAR FROM p.""OrderDate"") = 2021
  GROUP BY v.""Name""
  ORDER BY po_count DESC
  LIMIT 10;","tbl_purchase_order,tbl_vendor","tbl_purchase_order.VendorPurchaseFrom,tbl_purchase_order.OrderDate,tbl_vendor.Name","purchasing,vendors,top_n,temporal",trx_topn_vendors_po_year,14
T0402,hard,List all open transactions across sales orders and purchase orders.,"SELECT 'SO' AS txn_type, ""SONumber"" AS txn_number,
         ""CustomerShipTo"" AS counterparty, ""DateOrdered"" AS txn_date
  FROM ""tbl_sales_order""
  WHERE ""Status"" = 'OPEN'
  UNION ALL
  SELECT 'PO' AS txn_type, ""PONumber"" AS txn_number,
         ""VendorPurchaseFrom"" AS counterparty, ""OrderDate"" AS txn_date
  FROM ""tbl_purchase_order""
  WHERE ""Status"" = 'OPEN'
  ORDER BY txn_date DESC;","tbl_sales_order,tbl_purchase_order","tbl_sales_order.Status,tbl_purchase_order.Status","sales_orders,purchasing,union",trx_union_open_transactions,23
T0241,medium,What are the top 3 items by total quantity purchased in 2024?,"SELECT l.""Item"",
         SUM(NULLIF(l.""Quantity"", '')::numeric) AS total_qty_ordered
  FROM ""tbl_purchase_order"" p
  JOIN ""tbl_purchase_order_line"" l ON l.""PONumber"" = p.""PONumber""
  WHERE EXTRACT(YEAR FROM p.""OrderDate"") = 2024
    AND l.""Item"" IS NOT NULL AND l.""Item"" != ''
  GROUP BY l.""Item""
  ORDER BY total_qty_ordered DESC NULLS LAST
  LIMIT 3;","tbl_purchase_order,tbl_purchase_order_line","tbl_purchase_order_line.Item,tbl_purchase_order_line.Quantity,tbl_purchase_order.OrderDate","inventory,purchasing,top_n,temporal",trx_topn_items_po_qty_year,14
T0450,medium,How many work orders are in DESIGN status by work center?,"SELECT ""WorkCenter"", COUNT(*) AS wo_count
  FROM ""tbl_work_order""
  WHERE ""AssemblyStatus"" = 'DESIGN'
    AND ""WorkCenter"" IS NOT NULL
  GROUP BY ""WorkCenter""
  ORDER BY wo_count DESC;",tbl_work_order,"tbl_work_order.AssemblyStatus,tbl_work_order.WorkCenter","warehouse,aggregation",trx_wo_by_status_detail,26
T0147,medium,What was the total GL debit amount each quarter in 2023?,"SELECT EXTRACT(QUARTER FROM ""TransactionDate"") AS quarter,
         SUM(""DebitAmount"") AS total_debits,
         SUM(""CreditAmount"") AS total_credits
  FROM ""tbl_je_line_item""
  WHERE EXTRACT(YEAR FROM ""TransactionDate"") = 2023
  GROUP BY quarter
  ORDER BY quarter;",tbl_je_line_item,"tbl_je_line_item.TransactionDate,tbl_je_line_item.DebitAmount","general_ledger,temporal,aggregation",trx_temp_gl_by_quarter,13
T0093,easy,List all closed sales orders placed in 2021.,"SELECT ""SONumber"", ""CustomerShipTo"", ""DateOrdered"", ""Type""
  FROM ""tbl_sales_order""
  WHERE ""Status"" = 'CLOSED'
    AND EXTRACT(YEAR FROM ""DateOrdered"") = 2021
  ORDER BY ""DateOrdered"" DESC;",tbl_sales_order,"tbl_sales_order.Status,tbl_sales_order.DateOrdered","sales_orders,lookup,temporal",trx_lookup_closed_so_year,11
T0214,medium,Who are the top 3 customers by total invoiced amount in 2025?,"SELECT c.""Name"" AS customer_name,
         COUNT(i.""InvoiceNumber"") AS invoice_count,
         SUM(i.""InvoiceAmount"") AS total_invoiced
  FROM ""tbl_invoice"" i
  JOIN ""tbl_customer"" c ON c.""Customer"" = i.""Customer""
  WHERE EXTRACT(YEAR FROM i.""InvoiceDate"") = 2025
  GROUP BY c.""Name""
  ORDER BY total_invoiced DESC
  LIMIT 3;","tbl_invoice,tbl_customer","tbl_invoice.Customer,tbl_invoice.InvoiceAmount,tbl_invoice.InvoiceDate,tbl_customer.Name","accounts_receivable,customers,top_n,temporal",trx_topn_customers_invoiced_year,14
T0234,medium,What are the top 10 items by total quantity purchased in 2021?,"SELECT l.""Item"",
         SUM(NULLIF(l.""Quantity"", '')::numeric) AS total_qty_ordered
  FROM ""tbl_purchase_order"" p
  JOIN ""tbl_purchase_order_line"" l ON l.""PONumber"" = p.""PONumber""
  WHERE EXTRACT(YEAR FROM p.""OrderDate"") = 2021
    AND l.""Item"" IS NOT NULL AND l.""Item"" != ''
  GROUP BY l.""Item""
  ORDER BY total_qty_ordered DESC NULLS LAST
  LIMIT 10;","tbl_purchase_order,tbl_purchase_order_line","tbl_purchase_order_line.Item,tbl_purchase_order_line.Quantity,tbl_purchase_order.OrderDate","inventory,purchasing,top_n,temporal",trx_topn_items_po_qty_year,14
T0354,medium,Which items are stocked at more than 10 locations?,"SELECT ""Item"", COUNT(DISTINCT ""Location"") AS location_count
  FROM ""tbl_item_location""
  GROUP BY ""Item""
  HAVING COUNT(DISTINCT ""Location"") > 10
  ORDER BY location_count DESC;",tbl_item_location,"tbl_item_location.Item,tbl_item_location.Location","inventory,having",trx_having_items_multi_location,19
T0305,medium,What is the net GL balance by account type in 2022?,"SELECT a.""AccountType"",
         SUM(je.""DebitAmount"") AS total_debits,
         SUM(je.""CreditAmount"") AS total_credits,
         SUM(je.""DebitAmount"") - SUM(je.""CreditAmount"") AS net_balance
  FROM ""tbl_je_line_item"" je
  JOIN ""tbl_gl_account"" a ON a.""AccountId"" = je.""AccountNumber""
  WHERE EXTRACT(YEAR FROM je.""TransactionDate"") = 2022
  GROUP BY a.""AccountType""
  ORDER BY net_balance DESC;","tbl_je_line_item,tbl_gl_account","tbl_je_line_item.AccountNumber,tbl_je_line_item.DebitAmount,tbl_je_line_item.CreditAmount,tbl_je_line_item.TransactionDate,tbl_gl_account.AccountType","general_ledger,join,temporal",trx_join_gl_account_type_year,16
T0266,medium,Who are the top 5 customers by sales order count in 2022?,"SELECT c.""Name"" AS customer_name, COUNT(s.""SONumber"") AS so_count
  FROM ""tbl_sales_order"" s
  JOIN ""tbl_customer"" c ON c.""Customer"" = s.""CustomerShipTo""
  WHERE EXTRACT(YEAR FROM s.""DateOrdered"") = 2022
  GROUP BY c.""Name""
  ORDER BY so_count DESC
  LIMIT 5;","tbl_sales_order,tbl_customer","tbl_sales_order.CustomerShipTo,tbl_sales_order.DateOrdered,tbl_customer.Name","sales_orders,customers,top_n,temporal",trx_topn_customers_so_year,14
T0502,hard,What is the monthly invoice revenue for the top items in 2024?,"SELECT DATE_TRUNC('month', i.""InvoiceDate"") AS month,
         COUNT(DISTINCT il.""Item"") AS item_count,
         SUM(NULLIF(il.""Quantity"", '')::numeric * il.""UnitPrice"") AS total_revenue
  FROM ""tbl_invoice"" i
  JOIN ""tbl_invoice_line"" il ON il.""InvoiceNumber"" = i.""InvoiceNumber""
  WHERE EXTRACT(YEAR FROM i.""InvoiceDate"") = 2024
    AND il.""Item"" IS NOT NULL AND il.""Item"" != ''
  GROUP BY month
  ORDER BY month;","tbl_invoice,tbl_invoice_line","tbl_invoice_line.Item,tbl_invoice_line.Quantity,tbl_invoice_line.UnitPrice,tbl_invoice.InvoiceDate","inventory,accounts_receivable,temporal",trx_item_invoice_revenue_by_month_year,32
T0121,easy,How many GL journal entries were posted in 2023?,"SELECT COUNT(*) AS entry_count
  FROM ""tbl_je_line_item""
  WHERE EXTRACT(YEAR FROM ""TransactionDate"") = 2023;",tbl_je_line_item,tbl_je_line_item.TransactionDate,"general_ledger,aggregation,temporal",trx_agg_gl_by_account_year,12
T0200,medium,What are the top 5 items by invoice quantity in 2025?,"SELECT il.""Item"",
         SUM(NULLIF(il.""Quantity"", '')::numeric) AS total_qty_invoiced
  FROM ""tbl_invoice"" i
  JOIN ""tbl_invoice_line"" il ON il.""InvoiceNumber"" = i.""InvoiceNumber""
  WHERE EXTRACT(YEAR FROM i.""InvoiceDate"") = 2025
    AND il.""Item"" IS NOT NULL AND il.""Item"" != ''
  GROUP BY il.""Item""
  ORDER BY total_qty_invoiced DESC NULLS LAST
  LIMIT 5;","tbl_invoice,tbl_invoice_line","tbl_invoice_line.Item,tbl_invoice_line.Quantity,tbl_invoice.InvoiceDate","inventory,accounts_receivable,top_n,temporal",trx_topn_items_invoiced_year,14
T0293,medium,What was the total PO value placed with each vendor in 2021?,"SELECT v.""Name"" AS vendor_name,
         COUNT(DISTINCT p.""PONumber"") AS po_count,
         SUM(NULLIF(l.""Quantity"", '')::numeric * l.""UnitCost"") AS total_po_value
  FROM ""tbl_purchase_order"" p
  JOIN ""tbl_purchase_order_line"" l ON l.""PONumber"" = p.""PONumber""
  JOIN ""tbl_vendor"" v ON v.""Vendor"" = p.""VendorPurchaseFrom""
  WHERE EXTRACT(YEAR FROM p.""OrderDate"") = 2021
  GROUP BY v.""Name""
  ORDER BY total_po_value DESC NULLS LAST;","tbl_purchase_order,tbl_purchase_order_line,tbl_vendor","tbl_purchase_order.VendorPurchaseFrom,tbl_purchase_order.OrderDate,tbl_purchase_order_line.UnitCost,tbl_purchase_order_line.Quantity,tbl_vendor.Name","purchasing,vendors,join,temporal",trx_join_po_vendor_year,16
T0080,hard,Rank customers by AR balance.,"SELECT ""Customer"", ""Name"", ""ARBalance"",
         RANK() OVER (ORDER BY ""ARBalance"" DESC) AS ar_rank
  FROM ""tbl_customer""
  WHERE ""ARBalance"" IS NOT NULL
  ORDER BY ar_rank;",tbl_customer,"tbl_customer.ARBalance,tbl_customer.Name","accounts_receivable,customers,window_function",trx_window_rank_customers_ar,9
T0376,hard,What percentage of annual sales order volume does each month represent in 2021?,"SELECT DATE_TRUNC('month', ""DateOrdered"") AS month,
         COUNT(*) AS monthly_count,
         ROUND(
           100.0 * COUNT(*) / SUM(COUNT(*)) OVER (),
           2
         ) AS pct_of_year
  FROM ""tbl_sales_order""
  WHERE EXTRACT(YEAR FROM ""DateOrdered"") = 2021
  GROUP BY month
  ORDER BY month;",tbl_sales_order,tbl_sales_order.DateOrdered,"sales_orders,window_function,temporal",trx_window_so_pct_of_year,20
T0541,hard,Which items were ordered on SOs but have no stock at any location in 2025?,"SELECT DISTINCT sl.""Item""
  FROM ""tbl_so_line"" sl
  JOIN ""tbl_sales_order"" s ON s.""SONumber"" = sl.""SONumber""
  WHERE EXTRACT(YEAR FROM s.""DateOrdered"") = 2025
    AND sl.""Item"" IS NOT NULL AND sl.""Item"" != ''
    AND NOT EXISTS (
      SELECT 1 FROM ""tbl_item_location"" il
      WHERE il.""Item"" = sl.""Item""
        AND NULLIF(il.""QuantityOnHand"", '')::numeric > 0
    )
  ORDER BY sl.""Item"";","tbl_sales_order,tbl_so_line,tbl_item_location","tbl_so_line.Item,tbl_sales_order.DateOrdered,tbl_item_location.QuantityOnHand","inventory,anti_join,temporal",trx_inv_items_all_locations_year,34
T0530,medium,How many AP vouchers were there by type in 2022?,"SELECT ""Type"", COUNT(*) AS voucher_count,
         SUM(""InvoiceAmount"") AS total_amount
  FROM ""tbl_voucher""
  WHERE EXTRACT(YEAR FROM ""PaymentTermsDueDate"") = 2022
  GROUP BY ""Type""
  ORDER BY voucher_count DESC;",tbl_voucher,"tbl_voucher.Type,tbl_voucher.PaymentTermsDueDate","accounts_payable,aggregation,temporal",trx_status_voucher_by_type_year,33
T0132,medium,What was the total invoiced amount each quarter in 2023?,"SELECT EXTRACT(QUARTER FROM ""InvoiceDate"") AS quarter,
         COUNT(*) AS invoice_count,
         SUM(""InvoiceAmount"") AS total_amount
  FROM ""tbl_invoice""
  WHERE EXTRACT(YEAR FROM ""InvoiceDate"") = 2023
  GROUP BY quarter
  ORDER BY quarter;",tbl_invoice,"tbl_invoice.InvoiceDate,tbl_invoice.InvoiceAmount","accounts_receivable,temporal,aggregation",trx_temp_invoice_by_quarter,13
T0086,hard,Show monthly sales order count with a running total for 2025.,"SELECT DATE_TRUNC('month', ""DateOrdered"") AS month,
         COUNT(*) AS monthly_count,
         SUM(COUNT(*)) OVER (ORDER BY DATE_TRUNC('month', ""DateOrdered"")) AS running_total
  FROM ""tbl_sales_order""
  WHERE EXTRACT(YEAR FROM ""DateOrdered"") = 2025
  GROUP BY month
  ORDER BY month;",tbl_sales_order,tbl_sales_order.DateOrdered,"sales_orders,window_function,temporal",trx_window_monthly_so_running,9
T0412,hard,Which items were sold in 2024 but never purchased in 2024?,"SELECT sl.""Item""
  FROM ""tbl_so_line"" sl
  JOIN ""tbl_sales_order"" s ON s.""SONumber"" = sl.""SONumber""
  WHERE EXTRACT(YEAR FROM s.""DateOrdered"") = 2024
    AND sl.""Item"" IS NOT NULL AND sl.""Item"" != ''
  EXCEPT
  SELECT pl.""Item""
  FROM ""tbl_purchase_order_line"" pl
  JOIN ""tbl_purchase_order"" p ON p.""PONumber"" = pl.""PONumber""
  WHERE EXTRACT(YEAR FROM p.""OrderDate"") = 2024
    AND pl.""Item"" IS NOT NULL AND pl.""Item"" != ''
  ORDER BY ""Item"";","tbl_so_line,tbl_sales_order,tbl_purchase_order_line,tbl_purchase_order","tbl_so_line.Item,tbl_sales_order.DateOrdered,tbl_purchase_order_line.Item,tbl_purchase_order.OrderDate","inventory,except,temporal",trx_except_items_so_not_po_year,24
T0506,hard,What is the average unit cost vs unit price for items invoiced in 2023?,"SELECT il.""Item"",
         AVG(il.""UnitPrice"") AS avg_unit_price,
         AVG(il.""Cost"") AS avg_unit_cost,
         AVG(il.""UnitPrice"" - il.""Cost"") AS avg_margin
  FROM ""tbl_invoice"" i
  JOIN ""tbl_invoice_line"" il ON il.""InvoiceNumber"" = i.""InvoiceNumber""
  WHERE EXTRACT(YEAR FROM i.""InvoiceDate"") = 2023
    AND il.""Item"" IS NOT NULL AND il.""Item"" != ''
    AND il.""UnitPrice"" > 0
  GROUP BY il.""Item""
  ORDER BY avg_margin DESC NULLS LAST
  LIMIT 20;","tbl_invoice,tbl_invoice_line","tbl_invoice_line.Item,tbl_invoice_line.UnitPrice,tbl_invoice_line.Cost,tbl_invoice.InvoiceDate","inventory,accounts_receivable,temporal",trx_item_cost_vs_price_year,32
T0148,medium,What was the total GL debit amount each quarter in 2024?,"SELECT EXTRACT(QUARTER FROM ""TransactionDate"") AS quarter,
         SUM(""DebitAmount"") AS total_debits,
         SUM(""CreditAmount"") AS total_credits
  FROM ""tbl_je_line_item""
  WHERE EXTRACT(YEAR FROM ""TransactionDate"") = 2024
  GROUP BY quarter
  ORDER BY quarter;",tbl_je_line_item,"tbl_je_line_item.TransactionDate,tbl_je_line_item.DebitAmount","general_ledger,temporal,aggregation",trx_temp_gl_by_quarter,13
T0046,medium,How many purchase orders were placed each month in 2021?,"SELECT DATE_TRUNC('month', ""OrderDate"") AS month,
         COUNT(*) AS po_count
  FROM ""tbl_purchase_order""
  WHERE EXTRACT(YEAR FROM ""OrderDate"") = 2021
  GROUP BY month
  ORDER BY month;",tbl_purchase_order,tbl_purchase_order.OrderDate,"purchasing,temporal,aggregation",trx_temp_po_by_month,6
T0527,medium,How many pick tickets were in each status in 2024?,"SELECT ""Status"", COUNT(*) AS pt_count
  FROM ""tbl_pick_ticket""
  WHERE ""DateShipped"" IS NOT NULL
    AND EXTRACT(YEAR FROM ""DateShipped"") = 2024
  GROUP BY ""Status""
  ORDER BY pt_count DESC;",tbl_pick_ticket,"tbl_pick_ticket.Status,tbl_pick_ticket.DateShipped","warehouse,aggregation,temporal",trx_status_pt_by_status_year,33
T0400,hard,What is the average SO line fulfillment rate (shipped/ordered) by customer in 2025?,"WITH line_rates AS (
    SELECT s.""CustomerShipTo"",
           NULLIF(l.""Quantity"", '')::numeric AS qty_ordered,
           NULLIF(l.""QuantityShipped"", '')::numeric AS qty_shipped
    FROM ""tbl_sales_order"" s
    JOIN ""tbl_so_line"" l ON l.""SONumber"" = s.""SONumber""
    WHERE EXTRACT(YEAR FROM s.""DateOrdered"") = 2025
      AND NULLIF(l.""Quantity"", '')::numeric > 0
  )
  SELECT c.""Name"" AS customer_name,
         COUNT(*) AS line_count,
         ROUND(
           100.0 * SUM(COALESCE(lr.qty_shipped, 0)) /
           NULLIF(SUM(lr.qty_ordered), 0),
           1
         ) AS fulfillment_pct
  FROM line_rates lr
  JOIN ""tbl_customer"" c ON c.""Customer"" = lr.""CustomerShipTo""
  GROUP BY c.""Name""
  ORDER BY fulfillment_pct ASC NULLS LAST;","tbl_sales_order,tbl_so_line,tbl_customer","tbl_sales_order.DateOrdered,tbl_so_line.Quantity,tbl_so_line.QuantityShipped,tbl_sales_order.CustomerShipTo,tbl_customer.Name","sales_orders,customers,cte,temporal",trx_cte_so_fulfillment_year,22
T0248,medium,Who are the top 5 sales reps by SO line count in 2021?,"SELECT r.""Name"" AS rep_name, COUNT(lr.""SOLineNumber"") AS line_count
  FROM ""tbl_sales_order"" s
  JOIN ""tbl_so_line_rep"" lr ON lr.""SONumber"" = s.""SONumber""
  JOIN ""tbl_sales_rep"" r ON r.""SalesRep"" = lr.""SalesRep""
  WHERE EXTRACT(YEAR FROM s.""DateOrdered"") = 2021
  GROUP BY r.""Name""
  ORDER BY line_count DESC
  LIMIT 5;","tbl_sales_order,tbl_so_line_rep,tbl_sales_rep","tbl_so_line_rep.SalesRep,tbl_sales_rep.Name,tbl_sales_order.DateOrdered","sales_orders,commissions,top_n,temporal",trx_topn_reps_lines_year,14
T0503,hard,What is the monthly invoice revenue for the top items in 2025?,"SELECT DATE_TRUNC('month', i.""InvoiceDate"") AS month,
         COUNT(DISTINCT il.""Item"") AS item_count,
         SUM(NULLIF(il.""Quantity"", '')::numeric * il.""UnitPrice"") AS total_revenue
  FROM ""tbl_invoice"" i
  JOIN ""tbl_invoice_line"" il ON il.""InvoiceNumber"" = i.""InvoiceNumber""
  WHERE EXTRACT(YEAR FROM i.""InvoiceDate"") = 2025
    AND il.""Item"" IS NOT NULL AND il.""Item"" != ''
  GROUP BY month
  ORDER BY month;","tbl_invoice,tbl_invoice_line","tbl_invoice_line.Item,tbl_invoice_line.Quantity,tbl_invoice_line.UnitPrice,tbl_invoice.InvoiceDate","inventory,accounts_receivable,temporal",trx_item_invoice_revenue_by_month_year,32
T0252,medium,Who are the top 10 sales reps by SO line count in 2022?,"SELECT r.""Name"" AS rep_name, COUNT(lr.""SOLineNumber"") AS line_count
  FROM ""tbl_sales_order"" s
  JOIN ""tbl_so_line_rep"" lr ON lr.""SONumber"" = s.""SONumber""
  JOIN ""tbl_sales_rep"" r ON r.""SalesRep"" = lr.""SalesRep""
  WHERE EXTRACT(YEAR FROM s.""DateOrdered"") = 2022
  GROUP BY r.""Name""
  ORDER BY line_count DESC
  LIMIT 10;","tbl_sales_order,tbl_so_line_rep,tbl_sales_rep","tbl_so_line_rep.SalesRep,tbl_sales_rep.Name,tbl_sales_order.DateOrdered","sales_orders,commissions,top_n,temporal",trx_topn_reps_lines_year,14
T0319,hard,What is the total quantity shipped per item in 2021?,"SELECT ptl.""Item"", im.""Description"",
         SUM(NULLIF(ptl.""QuantityShipped"", '')::numeric) AS total_shipped
  FROM ""tbl_pick_ticket"" pt
  JOIN ""tbl_pick_ticket_line"" ptl ON ptl.""PickTicketNumber"" = pt.""PickTicketNumber""
  JOIN ""tbl_item"" im ON im.""Item"" = ptl.""Item""
  WHERE pt.""Status"" = 'CONFRM'
    AND EXTRACT(YEAR FROM pt.""DateShipped"") = 2021
    AND ptl.""Item"" IS NOT NULL AND ptl.""Item"" != ''
  GROUP BY ptl.""Item"", im.""Description""
  ORDER BY total_shipped DESC NULLS LAST
  LIMIT 20;","tbl_pick_ticket,tbl_pick_ticket_line,tbl_item","tbl_pick_ticket.DateShipped,tbl_pick_ticket_line.Item,tbl_pick_ticket_line.QuantityShipped,tbl_item.Description","warehouse,inventory,join,temporal",trx_3join_pt_item_shipped_year,17
T0441,hard,How many sales orders were shipped from location HUDW in 2024?,"SELECT ""ShipFromLocation"",
         COUNT(*) AS invoice_count,
         SUM(""InvoiceAmount"") AS total_invoiced
  FROM ""tbl_invoice""
  WHERE ""ShipFromLocation"" = 'HUDW'
    AND EXTRACT(YEAR FROM ""InvoiceDate"") = 2024
  GROUP BY ""ShipFromLocation"";",tbl_invoice,"tbl_invoice.ShipFromLocation,tbl_invoice.InvoiceDate","sales_orders,location,temporal",trx_loc_so_shipped_year,25
T0171,medium,How many work order components had required dates in each quarter of 2022?,"SELECT EXTRACT(QUARTER FROM ""DateRequired"") AS quarter,
         COUNT(*) AS component_count
  FROM ""tbl_work_order_item""
  WHERE ""DateRequired"" IS NOT NULL
    AND EXTRACT(YEAR FROM ""DateRequired"") = 2022
  GROUP BY quarter
  ORDER BY quarter;",tbl_work_order_item,tbl_work_order_item.DateRequired,"warehouse,temporal,aggregation",trx_temp_woi_by_quarter,13
T0075,hard,Which customers placed no sales orders in 2023?,"SELECT c.""Customer"", c.""Name"", c.""ARBalance""
  FROM ""tbl_customer"" c
  WHERE NOT EXISTS (
    SELECT 1 FROM ""tbl_sales_order"" s
    WHERE s.""CustomerShipTo"" = c.""Customer""
      AND EXTRACT(YEAR FROM s.""DateOrdered"") = 2023
  )
  ORDER BY c.""Name"";","tbl_customer,tbl_sales_order","tbl_customer.Customer,tbl_sales_order.CustomerShipTo,tbl_sales_order.DateOrdered","customers,anti_join,temporal",trx_antijoin_customers_no_orders_year,8
T0377,hard,What percentage of annual sales order volume does each month represent in 2022?,"SELECT DATE_TRUNC('month', ""DateOrdered"") AS month,
         COUNT(*) AS monthly_count,
         ROUND(
           100.0 * COUNT(*) / SUM(COUNT(*)) OVER (),
           2
         ) AS pct_of_year
  FROM ""tbl_sales_order""
  WHERE EXTRACT(YEAR FROM ""DateOrdered"") = 2022
  GROUP BY month
  ORDER BY month;",tbl_sales_order,tbl_sales_order.DateOrdered,"sales_orders,window_function,temporal",trx_window_so_pct_of_year,20
T0107,easy,List all standard sales orders placed in 2023.,"SELECT ""SONumber"", ""CustomerShipTo"", ""SellingLocation"", ""DateOrdered"", ""Status""
  FROM ""tbl_sales_order""
  WHERE ""Type"" = 'STAND'
    AND EXTRACT(YEAR FROM ""DateOrdered"") = 2023
  ORDER BY ""DateOrdered"" DESC;",tbl_sales_order,"tbl_sales_order.Type,tbl_sales_order.DateOrdered","sales_orders,lookup,temporal",trx_lookup_so_stand_year,11
T0005,easy,List all customers in OH.,"SELECT ""Customer"", ""Name"", ""City"", ""CreditLimit"", ""ARBalance""
  FROM ""tbl_customer""
  WHERE ""StateOrProvince"" = 'OH'
  ORDER BY ""Name"";",tbl_customer,tbl_customer.StateOrProvince,"customers,lookup",trx_lookup_customers_state,1
T0141,medium,How many pick tickets were shipped each month in 2022?,"SELECT DATE_TRUNC('month', ""DateShipped"") AS month,
         COUNT(*) AS pt_count
  FROM ""tbl_pick_ticket""
  WHERE ""Status"" = 'CONFRM'
    AND EXTRACT(YEAR FROM ""DateShipped"") = 2022
  GROUP BY month
  ORDER BY month;",tbl_pick_ticket,"tbl_pick_ticket.DateShipped,tbl_pick_ticket.Status","warehouse,temporal,aggregation",trx_temp_pt_shipped_by_month,13
T0020,medium,How many lines does each open sales order have?,"SELECT s.""SONumber"", s.""CustomerShipTo"", s.""DateOrdered"",
         COUNT(l.""SOLineNumber"") AS line_count
  FROM ""tbl_sales_order"" s
  JOIN ""tbl_so_line"" l ON l.""SONumber"" = s.""SONumber""
  WHERE s.""Status"" = 'OPEN'
  GROUP BY s.""SONumber"", s.""CustomerShipTo"", s.""DateOrdered""
  ORDER BY line_count DESC;","tbl_sales_order,tbl_so_line","tbl_sales_order.Status,tbl_so_line.SONumber","sales_orders,header_detail",trx_hdr_so_line_count,3
T0089,extra_hard,What is the net GL balance (debits minus credits) by account type?,"SELECT a.""AccountType"",
         SUM(je.""DebitAmount"") AS total_debits,
         SUM(je.""CreditAmount"") AS total_credits,
         SUM(je.""DebitAmount"") - SUM(je.""CreditAmount"") AS net_balance
  FROM ""tbl_je_line_item"" je
  JOIN ""tbl_gl_account"" a ON a.""AccountId"" = je.""AccountNumber""
  GROUP BY a.""AccountType""
  ORDER BY net_balance DESC;","tbl_je_line_item,tbl_gl_account","tbl_je_line_item.AccountNumber,tbl_je_line_item.DebitAmount,tbl_je_line_item.CreditAmount,tbl_gl_account.AccountType","general_ledger,aggregation",trx_xhard_gl_balance_by_account_type,10
T0347,hard,Which items were sold in 2024 but never purchased in 2024?,"SELECT DISTINCT sl.""Item""
  FROM ""tbl_so_line"" sl
  JOIN ""tbl_sales_order"" s ON s.""SONumber"" = sl.""SONumber""
  WHERE EXTRACT(YEAR FROM s.""DateOrdered"") = 2024
    AND sl.""Item"" IS NOT NULL AND sl.""Item"" != ''
    AND NOT EXISTS (
      SELECT 1 FROM ""tbl_purchase_order_line"" pl
      JOIN ""tbl_purchase_order"" p ON p.""PONumber"" = pl.""PONumber""
      WHERE pl.""Item"" = sl.""Item""
        AND EXTRACT(YEAR FROM p.""OrderDate"") = 2024
    )
  ORDER BY sl.""Item"";","tbl_so_line,tbl_sales_order,tbl_purchase_order_line,tbl_purchase_order","tbl_so_line.Item,tbl_sales_order.DateOrdered,tbl_purchase_order_line.Item,tbl_purchase_order.OrderDate","inventory,anti_join,temporal",trx_antijoin_items_sold_not_purchased_year,18
T0210,medium,Who are the top 10 customers by total invoiced amount in 2023?,"SELECT c.""Name"" AS customer_name,
         COUNT(i.""InvoiceNumber"") AS invoice_count,
         SUM(i.""InvoiceAmount"") AS total_invoiced
  FROM ""tbl_invoice"" i
  JOIN ""tbl_customer"" c ON c.""Customer"" = i.""Customer""
  WHERE EXTRACT(YEAR FROM i.""InvoiceDate"") = 2023
  GROUP BY c.""Name""
  ORDER BY total_invoiced DESC
  LIMIT 10;","tbl_invoice,tbl_customer","tbl_invoice.Customer,tbl_invoice.InvoiceAmount,tbl_invoice.InvoiceDate,tbl_customer.Name","accounts_receivable,customers,top_n,temporal",trx_topn_customers_invoiced_year,14
T0426,medium,How many items are stocked at location HUDW?,"SELECT COUNT(DISTINCT ""Item"") AS item_count,
         SUM(CASE WHEN NULLIF(""QuantityOnHand"", '')::numeric > 0 THEN 1 ELSE 0 END) AS items_in_stock
  FROM ""tbl_item_location""
  WHERE ""Location"" = 'HUDW';",tbl_item_location,"tbl_item_location.Location,tbl_item_location.QuantityOnHand","inventory,location",trx_loc_item_count,25
T0268,medium,Who are the top 3 customers by sales order count in 2023?,"SELECT c.""Name"" AS customer_name, COUNT(s.""SONumber"") AS so_count
  FROM ""tbl_sales_order"" s
  JOIN ""tbl_customer"" c ON c.""Customer"" = s.""CustomerShipTo""
  WHERE EXTRACT(YEAR FROM s.""DateOrdered"") = 2023
  GROUP BY c.""Name""
  ORDER BY so_count DESC
  LIMIT 3;","tbl_sales_order,tbl_customer","tbl_sales_order.CustomerShipTo,tbl_sales_order.DateOrdered,tbl_customer.Name","sales_orders,customers,top_n,temporal",trx_topn_customers_so_year,14
T0165,medium,What was the total AP voucher amount by month in 2021?,"SELECT DATE_TRUNC('month', ""PaymentTermsDueDate"") AS month,
         COUNT(*) AS voucher_count,
         SUM(""InvoiceAmount"") AS total_amount
  FROM ""tbl_voucher""
  WHERE EXTRACT(YEAR FROM ""PaymentTermsDueDate"") = 2021
  GROUP BY month
  ORDER BY month;",tbl_voucher,"tbl_voucher.PaymentTermsDueDate,tbl_voucher.InvoiceAmount","accounts_payable,temporal,aggregation",trx_temp_voucher_by_month,13
T0091,extra_hard,Which items at location HUDW have quantity on hand below the minimum shelf quantity?,"SELECT il.""Item"", im.""Description"", il.""Location"",
         NULLIF(il.""QuantityOnHand"", '')::numeric AS qty_on_hand,
         NULLIF(il.""MinShelfQty"", '')::numeric AS min_shelf_qty
  FROM ""tbl_item_location"" il
  JOIN ""tbl_item"" im ON im.""Item"" = il.""Item""
  WHERE il.""Location"" = 'HUDW'
    AND NULLIF(il.""MinShelfQty"", '')::numeric > 0
    AND NULLIF(il.""QuantityOnHand"", '')::numeric < NULLIF(il.""MinShelfQty"", '')::numeric
  ORDER BY (NULLIF(il.""QuantityOnHand"", '')::numeric - NULLIF(il.""MinShelfQty"", '')::numeric);","tbl_item_location,tbl_item","tbl_item_location.QuantityOnHand,tbl_item_location.MinShelfQty,tbl_item_location.Location","inventory,aggregation",trx_xhard_item_reorder_needed,10
T0213,medium,Who are the top 10 customers by total invoiced amount in 2024?,"SELECT c.""Name"" AS customer_name,
         COUNT(i.""InvoiceNumber"") AS invoice_count,
         SUM(i.""InvoiceAmount"") AS total_invoiced
  FROM ""tbl_invoice"" i
  JOIN ""tbl_customer"" c ON c.""Customer"" = i.""Customer""
  WHERE EXTRACT(YEAR FROM i.""InvoiceDate"") = 2024
  GROUP BY c.""Name""
  ORDER BY total_invoiced DESC
  LIMIT 10;","tbl_invoice,tbl_customer","tbl_invoice.Customer,tbl_invoice.InvoiceAmount,tbl_invoice.InvoiceDate,tbl_customer.Name","accounts_receivable,customers,top_n,temporal",trx_topn_customers_invoiced_year,14
T0397,hard,What is the average SO line fulfillment rate (shipped/ordered) by customer in 2022?,"WITH line_rates AS (
    SELECT s.""CustomerShipTo"",
           NULLIF(l.""Quantity"", '')::numeric AS qty_ordered,
           NULLIF(l.""QuantityShipped"", '')::numeric AS qty_shipped
    FROM ""tbl_sales_order"" s
    JOIN ""tbl_so_line"" l ON l.""SONumber"" = s.""SONumber""
    WHERE EXTRACT(YEAR FROM s.""DateOrdered"") = 2022
      AND NULLIF(l.""Quantity"", '')::numeric > 0
  )
  SELECT c.""Name"" AS customer_name,
         COUNT(*) AS line_count,
         ROUND(
           100.0 * SUM(COALESCE(lr.qty_shipped, 0)) /
           NULLIF(SUM(lr.qty_ordered), 0),
           1
         ) AS fulfillment_pct
  FROM line_rates lr
  JOIN ""tbl_customer"" c ON c.""Customer"" = lr.""CustomerShipTo""
  GROUP BY c.""Name""
  ORDER BY fulfillment_pct ASC NULLS LAST;","tbl_sales_order,tbl_so_line,tbl_customer","tbl_sales_order.DateOrdered,tbl_so_line.Quantity,tbl_so_line.QuantityShipped,tbl_sales_order.CustomerShipTo,tbl_customer.Name","sales_orders,customers,cte,temporal",trx_cte_so_fulfillment_year,22
T0462,hard,What is the net GL balance (debits minus credits) by account in 2025?,"SELECT je.""AccountNumber"", a.""Description"", a.""AccountType"",
         SUM(je.""DebitAmount"") AS total_debits,
         SUM(je.""CreditAmount"") AS total_credits,
         SUM(je.""DebitAmount"") - SUM(je.""CreditAmount"") AS net_balance
  FROM ""tbl_je_line_item"" je
  JOIN ""tbl_gl_account"" a ON a.""AccountId"" = je.""AccountNumber""
  WHERE EXTRACT(YEAR FROM je.""TransactionDate"") = 2025
  GROUP BY je.""AccountNumber"", a.""Description"", a.""AccountType""
  ORDER BY net_balance DESC;","tbl_je_line_item,tbl_gl_account","tbl_je_line_item.AccountNumber,tbl_je_line_item.DebitAmount,tbl_je_line_item.CreditAmount,tbl_je_line_item.TransactionDate,tbl_gl_account.Description","general_ledger,temporal",trx_gl_net_by_account_year,27
T0193,medium,What are the top 3 items by invoice quantity in 2023?,"SELECT il.""Item"",
         SUM(NULLIF(il.""Quantity"", '')::numeric) AS total_qty_invoiced
  FROM ""tbl_invoice"" i
  JOIN ""tbl_invoice_line"" il ON il.""InvoiceNumber"" = i.""InvoiceNumber""
  WHERE EXTRACT(YEAR FROM i.""InvoiceDate"") = 2023
    AND il.""Item"" IS NOT NULL AND il.""Item"" != ''
  GROUP BY il.""Item""
  ORDER BY total_qty_invoiced DESC NULLS LAST
  LIMIT 3;","tbl_invoice,tbl_invoice_line","tbl_invoice_line.Item,tbl_invoice_line.Quantity,tbl_invoice.InvoiceDate","inventory,accounts_receivable,top_n,temporal",trx_topn_items_invoiced_year,14
T0492,hard,What is the total overdue invoice amount by payment terms?,"SELECT COUNT(*) AS overdue_count,
         SUM(""InvoiceAmount"") AS total_overdue,
         SUM(""InvoiceAmount"" - COALESCE(""PaidAmount"", 0)) AS total_unpaid
  FROM ""tbl_invoice""
  WHERE ""Status"" = 'OPEN'
    AND ""InvoiceDueDate"" IS NOT NULL
    AND ""InvoiceDueDate""::date < CURRENT_DATE;",tbl_invoice,"tbl_invoice.Status,tbl_invoice.InvoiceDueDate,tbl_invoice.InvoiceAmount","accounts_receivable,temporal",trx_pay_overdue_by_terms,31
T0439,hard,How many sales orders were shipped from location HUDW in 2022?,"SELECT ""ShipFromLocation"",
         COUNT(*) AS invoice_count,
         SUM(""InvoiceAmount"") AS total_invoiced
  FROM ""tbl_invoice""
  WHERE ""ShipFromLocation"" = 'HUDW'
    AND EXTRACT(YEAR FROM ""InvoiceDate"") = 2022
  GROUP BY ""ShipFromLocation"";",tbl_invoice,"tbl_invoice.ShipFromLocation,tbl_invoice.InvoiceDate","sales_orders,location,temporal",trx_loc_so_shipped_year,25
T0409,hard,Which items were sold in 2021 but never purchased in 2021?,"SELECT sl.""Item""
  FROM ""tbl_so_line"" sl
  JOIN ""tbl_sales_order"" s ON s.""SONumber"" = sl.""SONumber""
  WHERE EXTRACT(YEAR FROM s.""DateOrdered"") = 2021
    AND sl.""Item"" IS NOT NULL AND sl.""Item"" != ''
  EXCEPT
  SELECT pl.""Item""
  FROM ""tbl_purchase_order_line"" pl
  JOIN ""tbl_purchase_order"" p ON p.""PONumber"" = pl.""PONumber""
  WHERE EXTRACT(YEAR FROM p.""OrderDate"") = 2021
    AND pl.""Item"" IS NOT NULL AND pl.""Item"" != ''
  ORDER BY ""Item"";","tbl_so_line,tbl_sales_order,tbl_purchase_order_line,tbl_purchase_order","tbl_so_line.Item,tbl_sales_order.DateOrdered,tbl_purchase_order_line.Item,tbl_purchase_order.OrderDate","inventory,except,temporal",trx_except_items_so_not_po_year,24
T0522,medium,What is the total invoiced amount by invoice type in 2024?,"SELECT ""InvoiceType"",
         COUNT(*) AS invoice_count,
         SUM(""InvoiceAmount"") AS total_amount
  FROM ""tbl_invoice""
  WHERE EXTRACT(YEAR FROM ""InvoiceDate"") = 2024
  GROUP BY ""InvoiceType""
  ORDER BY total_amount DESC;",tbl_invoice,"tbl_invoice.InvoiceType,tbl_invoice.InvoiceAmount,tbl_invoice.InvoiceDate","accounts_receivable,aggregation,temporal",trx_status_invoice_by_type_year,33
T0246,medium,What are the top 10 items by total quantity purchased in 2025?,"SELECT l.""Item"",
         SUM(NULLIF(l.""Quantity"", '')::numeric) AS total_qty_ordered
  FROM ""tbl_purchase_order"" p
  JOIN ""tbl_purchase_order_line"" l ON l.""PONumber"" = p.""PONumber""
  WHERE EXTRACT(YEAR FROM p.""OrderDate"") = 2025
    AND l.""Item"" IS NOT NULL AND l.""Item"" != ''
  GROUP BY l.""Item""
  ORDER BY total_qty_ordered DESC NULLS LAST
  LIMIT 10;","tbl_purchase_order,tbl_purchase_order_line","tbl_purchase_order_line.Item,tbl_purchase_order_line.Quantity,tbl_purchase_order.OrderDate","inventory,purchasing,top_n,temporal",trx_topn_items_po_qty_year,14
T0458,hard,What is the net GL balance (debits minus credits) by account in 2021?,"SELECT je.""AccountNumber"", a.""Description"", a.""AccountType"",
         SUM(je.""DebitAmount"") AS total_debits,
         SUM(je.""CreditAmount"") AS total_credits,
         SUM(je.""DebitAmount"") - SUM(je.""CreditAmount"") AS net_balance
  FROM ""tbl_je_line_item"" je
  JOIN ""tbl_gl_account"" a ON a.""AccountId"" = je.""AccountNumber""
  WHERE EXTRACT(YEAR FROM je.""TransactionDate"") = 2021
  GROUP BY je.""AccountNumber"", a.""Description"", a.""AccountType""
  ORDER BY net_balance DESC;","tbl_je_line_item,tbl_gl_account","tbl_je_line_item.AccountNumber,tbl_je_line_item.DebitAmount,tbl_je_line_item.CreditAmount,tbl_je_line_item.TransactionDate,tbl_gl_account.Description","general_ledger,temporal",trx_gl_net_by_account_year,27
T0012,easy,How many sales orders were placed in 2022?,"SELECT COUNT(*) AS order_count
  FROM ""tbl_sales_order""
  WHERE EXTRACT(YEAR FROM ""DateOrdered"") = 2022;",tbl_sales_order,tbl_sales_order.DateOrdered,"sales_orders,aggregation,temporal",trx_agg_so_count_year,2
T0403,hard,Show combined AR and AP open balances by trading partner.,"SELECT 'CUSTOMER' AS type, ""Customer"" AS code, ""Name"",
         ""ARBalance"" AS balance
  FROM ""tbl_customer""
  WHERE ""ARBalance"" IS NOT NULL AND ""ARBalance"" > 0
  UNION ALL
  SELECT 'VENDOR' AS type, ""Vendor"" AS code, ""Name"",
         ""APBalance"" AS balance
  FROM ""tbl_vendor""
  WHERE ""APBalance"" IS NOT NULL AND ""APBalance"" > 0
  ORDER BY balance DESC;","tbl_customer,tbl_vendor","tbl_customer.ARBalance,tbl_vendor.APBalance","accounts_receivable,accounts_payable,union",trx_union_ar_ap_balances,23
T0500,hard,What is the monthly invoice revenue for the top items in 2022?,"SELECT DATE_TRUNC('month', i.""InvoiceDate"") AS month,
         COUNT(DISTINCT il.""Item"") AS item_count,
         SUM(NULLIF(il.""Quantity"", '')::numeric * il.""UnitPrice"") AS total_revenue
  FROM ""tbl_invoice"" i
  JOIN ""tbl_invoice_line"" il ON il.""InvoiceNumber"" = i.""InvoiceNumber""
  WHERE EXTRACT(YEAR FROM i.""InvoiceDate"") = 2022
    AND il.""Item"" IS NOT NULL AND il.""Item"" != ''
  GROUP BY month
  ORDER BY month;","tbl_invoice,tbl_invoice_line","tbl_invoice_line.Item,tbl_invoice_line.Quantity,tbl_invoice_line.UnitPrice,tbl_invoice.InvoiceDate","inventory,accounts_receivable,temporal",trx_item_invoice_revenue_by_month_year,32
T0482,hard,How many commission lines does each sales rep have per customer in 2021?,"SELECT r.""Name"" AS rep_name,
         c.""Name"" AS customer_name,
         COUNT(cr.""InvoiceNumber"") AS commission_lines
  FROM ""tbl_tiered_commission"" cr
  JOIN ""tbl_sales_rep"" r ON r.""SalesRep"" = cr.""SalesRep""
  JOIN ""tbl_invoice"" i ON i.""InvoiceNumber"" = cr.""InvoiceNumber""
  JOIN ""tbl_customer"" c ON c.""Customer"" = i.""Customer""
  WHERE EXTRACT(YEAR FROM i.""InvoiceDate"") = 2021
  GROUP BY r.""Name"", c.""Name""
  ORDER BY commission_lines DESC
  LIMIT 20;","tbl_tiered_commission,tbl_sales_rep,tbl_invoice,tbl_customer","tbl_tiered_commission.SalesRep,tbl_invoice.Customer,tbl_invoice.InvoiceDate,tbl_sales_rep.Name,tbl_customer.Name","commissions,customers,temporal",trx_comm_rep_by_customer_year,29
T0014,easy,How many sales orders were placed in 2024?,"SELECT COUNT(*) AS order_count
  FROM ""tbl_sales_order""
  WHERE EXTRACT(YEAR FROM ""DateOrdered"") = 2024;",tbl_sales_order,tbl_sales_order.DateOrdered,"sales_orders,aggregation,temporal",trx_agg_so_count_year,2
T0334,hard,How many SO lines did each sales rep process per customer in 2025?,"SELECT r.""Name"" AS rep_name, c.""Name"" AS customer_name,
         COUNT(lr.""SOLineNumber"") AS line_count
  FROM ""tbl_sales_order"" s
  JOIN ""tbl_so_line_rep"" lr ON lr.""SONumber"" = s.""SONumber""
  JOIN ""tbl_sales_rep"" r ON r.""SalesRep"" = lr.""SalesRep""
  JOIN ""tbl_customer"" c ON c.""Customer"" = s.""CustomerShipTo""
  WHERE EXTRACT(YEAR FROM s.""DateOrdered"") = 2025
  GROUP BY r.""Name"", c.""Name""
  ORDER BY line_count DESC
  LIMIT 20;","tbl_sales_order,tbl_so_line_rep,tbl_sales_rep,tbl_customer","tbl_so_line_rep.SalesRep,tbl_sales_rep.Name,tbl_sales_order.CustomerShipTo,tbl_sales_order.DateOrdered,tbl_customer.Name","sales_orders,commissions,join,temporal",trx_3join_so_rep_customer_year,17
T0451,hard,What is the total estimated component cost for INASSY work orders?,"SELECT w.""AssemblyStatus"",
         COUNT(DISTINCT w.""WorkOrderNumber"") AS wo_count,
         COUNT(wi.""ComponentID"") AS component_count,
         SUM(wi.""EstimatedExtendedCost"") AS total_est_cost
  FROM ""tbl_work_order"" w
  JOIN ""tbl_work_order_item"" wi ON wi.""WorkOrderNumber"" = w.""WorkOrderNumber""
  WHERE w.""AssemblyStatus"" = 'INASSY'
  GROUP BY w.""AssemblyStatus"";","tbl_work_order,tbl_work_order_item","tbl_work_order.AssemblyStatus,tbl_work_order_item.EstimatedExtendedCost","warehouse,aggregation",trx_wo_component_cost_by_status,26
T0519,medium,What is the total invoiced amount by invoice type in 2021?,"SELECT ""InvoiceType"",
         COUNT(*) AS invoice_count,
         SUM(""InvoiceAmount"") AS total_amount
  FROM ""tbl_invoice""
  WHERE EXTRACT(YEAR FROM ""InvoiceDate"") = 2021
  GROUP BY ""InvoiceType""
  ORDER BY total_amount DESC;",tbl_invoice,"tbl_invoice.InvoiceType,tbl_invoice.InvoiceAmount,tbl_invoice.InvoiceDate","accounts_receivable,aggregation,temporal",trx_status_invoice_by_type_year,33
T0199,medium,What are the top 3 items by invoice quantity in 2025?,"SELECT il.""Item"",
         SUM(NULLIF(il.""Quantity"", '')::numeric) AS total_qty_invoiced
  FROM ""tbl_invoice"" i
  JOIN ""tbl_invoice_line"" il ON il.""InvoiceNumber"" = i.""InvoiceNumber""
  WHERE EXTRACT(YEAR FROM i.""InvoiceDate"") = 2025
    AND il.""Item"" IS NOT NULL AND il.""Item"" != ''
  GROUP BY il.""Item""
  ORDER BY total_qty_invoiced DESC NULLS LAST
  LIMIT 3;","tbl_invoice,tbl_invoice_line","tbl_invoice_line.Item,tbl_invoice_line.Quantity,tbl_invoice.InvoiceDate","inventory,accounts_receivable,top_n,temporal",trx_topn_items_invoiced_year,14
T0185,medium,What are the top 5 GL accounts by total debit amount?,"SELECT je.""AccountNumber"", a.""Description"", a.""AccountType"",
         SUM(je.""DebitAmount"") AS total_debits
  FROM ""tbl_je_line_item"" je
  JOIN ""tbl_gl_account"" a ON a.""AccountId"" = je.""AccountNumber""
  GROUP BY je.""AccountNumber"", a.""Description"", a.""AccountType""
  ORDER BY total_debits DESC
  LIMIT 5;","tbl_je_line_item,tbl_gl_account","tbl_je_line_item.AccountNumber,tbl_je_line_item.DebitAmount,tbl_gl_account.Description","general_ledger,top_n",trx_topn_gl_accounts_debit,14
T0489,medium,Which items at HUDW have committed quantity greater than on-hand quantity?,"SELECT il.""Item"", im.""Description"",
         NULLIF(il.""QuantityOnHand"", '')::numeric AS qty_on_hand,
         NULLIF(il.""QuantityCommitted"", '')::numeric AS qty_committed
  FROM ""tbl_item_location"" il
  JOIN ""tbl_item"" im ON im.""Item"" = il.""Item""
  WHERE il.""Location"" = 'HUDW'
    AND NULLIF(il.""QuantityCommitted"", '')::numeric > 0
    AND (
      NULLIF(il.""QuantityOnHand"", '')::numeric IS NULL
      OR NULLIF(il.""QuantityOnHand"", '')::numeric < NULLIF(il.""QuantityCommitted"", '')::numeric
    )
  ORDER BY il.""Item"";","tbl_item_location,tbl_item","tbl_item_location.QuantityOnHand,tbl_item_location.QuantityCommitted,tbl_item_location.Location,tbl_item.Description","inventory,location",trx_itemloc_qty_committed_hudw,30
T0054,medium,What was the total invoiced amount by month in 2024?,"SELECT DATE_TRUNC('month', ""InvoiceDate"") AS month,
         COUNT(*) AS invoice_count,
         SUM(""InvoiceAmount"") AS total_amount
  FROM ""tbl_invoice""
  WHERE EXTRACT(YEAR FROM ""InvoiceDate"") = 2024
  GROUP BY month
  ORDER BY month;",tbl_invoice,"tbl_invoice.InvoiceDate,tbl_invoice.InvoiceAmount","accounts_receivable,temporal,aggregation",trx_temp_invoice_total_by_month,6
T0157,medium,What was the total invoiced amount by selling location in 2023?,"SELECT ""SellingLocation"", COUNT(*) AS invoice_count,
         SUM(""InvoiceAmount"") AS total_invoiced
  FROM ""tbl_invoice""
  WHERE EXTRACT(YEAR FROM ""InvoiceDate"") = 2023
    AND ""SellingLocation"" IS NOT NULL
  GROUP BY ""SellingLocation""
  ORDER BY total_invoiced DESC;",tbl_invoice,"tbl_invoice.SellingLocation,tbl_invoice.InvoiceAmount,tbl_invoice.InvoiceDate","accounts_receivable,temporal,aggregation",trx_temp_invoice_by_location_year,13
T0070,hard,How many sales order lines does each sales rep have in 2024?,"SELECT r.""Name"" AS rep_name, COUNT(lr.""SOLineNumber"") AS line_count
  FROM ""tbl_sales_order"" s
  JOIN ""tbl_so_line_rep"" lr ON lr.""SONumber"" = s.""SONumber""
  JOIN ""tbl_sales_rep"" r ON r.""SalesRep"" = lr.""SalesRep""
  WHERE EXTRACT(YEAR FROM s.""DateOrdered"") = 2024
  GROUP BY r.""Name""
  ORDER BY line_count DESC;","tbl_sales_order,tbl_so_line_rep,tbl_sales_rep","tbl_so_line_rep.SalesRep,tbl_sales_rep.Name","sales_orders,commissions,join,temporal",trx_3join_so_rep_lines,7
T0228,medium,Who are the top 10 vendors by number of purchase orders in 2024?,"SELECT v.""Name"" AS vendor_name, COUNT(p.""PONumber"") AS po_count
  FROM ""tbl_purchase_order"" p
  JOIN ""tbl_vendor"" v ON v.""Vendor"" = p.""VendorPurchaseFrom""
  WHERE EXTRACT(YEAR FROM p.""OrderDate"") = 2024
  GROUP BY v.""Name""
  ORDER BY po_count DESC
  LIMIT 10;","tbl_purchase_order,tbl_vendor","tbl_purchase_order.VendorPurchaseFrom,tbl_purchase_order.OrderDate,tbl_vendor.Name","purchasing,vendors,top_n,temporal",trx_topn_vendors_po_year,14
T0465,hard,What is the total GL posting amount by location in 2023?,"SELECT ""Location"",
         COUNT(*) AS entry_count,
         SUM(""DebitAmount"") AS total_debits,
         SUM(""CreditAmount"") AS total_credits
  FROM ""tbl_je_line_item""
  WHERE EXTRACT(YEAR FROM ""TransactionDate"") = 2023
    AND ""Location"" IS NOT NULL
  GROUP BY ""Location""
  ORDER BY total_debits DESC;",tbl_je_line_item,"tbl_je_line_item.Location,tbl_je_line_item.DebitAmount,tbl_je_line_item.TransactionDate","general_ledger,temporal",trx_gl_by_location_year,27
T0278,medium,How many lines does each open invoice have?,"SELECT i.""InvoiceNumber"", i.""Customer"", i.""InvoiceDate"",
         i.""InvoiceAmount"", COUNT(il.""InvoiceLineNumber"") AS line_count
  FROM ""tbl_invoice"" i
  JOIN ""tbl_invoice_line"" il ON il.""InvoiceNumber"" = i.""InvoiceNumber""
  WHERE i.""Status"" = 'OPEN'
  GROUP BY i.""InvoiceNumber"", i.""Customer"", i.""InvoiceDate"", i.""InvoiceAmount""
  ORDER BY line_count DESC;","tbl_invoice,tbl_invoice_line","tbl_invoice.Status,tbl_invoice_line.InvoiceNumber","accounts_receivable,header_detail",trx_hdr_invoice_line_count,15
T0342,hard,Which active customers placed no sales orders in 2024?,"SELECT c.""Customer"", c.""Name"", c.""StateOrProvince"", c.""ARBalance""
  FROM ""tbl_customer"" c
  WHERE c.""Status"" = 'ACTIVE'
    AND NOT EXISTS (
      SELECT 1 FROM ""tbl_sales_order"" s
      WHERE s.""CustomerShipTo"" = c.""Customer""
        AND EXTRACT(YEAR FROM s.""DateOrdered"") = 2024
    )
  ORDER BY c.""Name"";","tbl_customer,tbl_sales_order","tbl_customer.Customer,tbl_customer.Status,tbl_sales_order.CustomerShipTo,tbl_sales_order.DateOrdered","customers,anti_join,temporal",trx_antijoin_customers_no_so_year,18
T0163,medium,How many sales orders were opened vs closed each month in 2024?,"SELECT DATE_TRUNC('month', ""DateOrdered"") AS month,
         SUM(CASE WHEN ""Status"" = 'OPEN' THEN 1 ELSE 0 END) AS open_count,
         SUM(CASE WHEN ""Status"" = 'CLOSED' THEN 1 ELSE 0 END) AS closed_count
  FROM ""tbl_sales_order""
  WHERE EXTRACT(YEAR FROM ""DateOrdered"") = 2024
  GROUP BY month
  ORDER BY month;",tbl_sales_order,"tbl_sales_order.DateOrdered,tbl_sales_order.Status","sales_orders,temporal,aggregation",trx_temp_so_open_closed_year,13
T0301,medium,What was the total AP voucher amount by vendor in 2023?,"SELECT vn.""Name"" AS vendor_name,
         COUNT(v.""VoucherNumber"") AS voucher_count,
         SUM(v.""InvoiceAmount"") AS total_amount
  FROM ""tbl_voucher"" v
  JOIN ""tbl_vendor"" vn ON vn.""Vendor"" = v.""Vendor""
  WHERE EXTRACT(YEAR FROM v.""PaymentTermsDueDate"") = 2023
  GROUP BY vn.""Name""
  ORDER BY total_amount DESC;","tbl_voucher,tbl_vendor","tbl_voucher.Vendor,tbl_voucher.InvoiceAmount,tbl_voucher.PaymentTermsDueDate,tbl_vendor.Name","accounts_payable,vendors,join,temporal",trx_join_voucher_vendor_year,16
T0027,medium,Show open AP vouchers with vendor names and amounts due.,"SELECT v.""VoucherNumber"", vn.""Name"" AS vendor_name,
         v.""InvoiceAmount"", v.""PaymentTermsDueDate""
  FROM ""tbl_voucher"" v
  JOIN ""tbl_vendor"" vn ON vn.""Vendor"" = v.""Vendor""
  WHERE v.""Status"" = 'OPEN'
  ORDER BY v.""PaymentTermsDueDate"";","tbl_voucher,tbl_vendor","tbl_voucher.Vendor,tbl_vendor.Name,tbl_voucher.InvoiceAmount","accounts_payable,vendors,join",trx_join_voucher_vendor,4
T0176,medium,What are the top 5 most expensive stock items by standard cost?,"SELECT ""Item"", ""Description"", ""StockUOM"", ""StandardCost""
  FROM ""tbl_item""
  WHERE ""Type"" = 'STOCK' AND ""StandardCost"" > 0
  ORDER BY ""StandardCost"" DESC
  LIMIT 5;",tbl_item,"tbl_item.StandardCost,tbl_item.Type","inventory,top_n",trx_topn_items_by_cost,14
T0142,medium,How many pick tickets were shipped each month in 2023?,"SELECT DATE_TRUNC('month', ""DateShipped"") AS month,
         COUNT(*) AS pt_count
  FROM ""tbl_pick_ticket""
  WHERE ""Status"" = 'CONFRM'
    AND EXTRACT(YEAR FROM ""DateShipped"") = 2023
  GROUP BY month
  ORDER BY month;",tbl_pick_ticket,"tbl_pick_ticket.DateShipped,tbl_pick_ticket.Status","warehouse,temporal,aggregation",trx_temp_pt_shipped_by_month,13
T0178,medium,Who are the top 3 vendors by AP balance?,"SELECT ""Vendor"", ""Name"", ""APBalance""
  FROM ""tbl_vendor""
  WHERE ""APBalance"" IS NOT NULL AND ""APBalance"" > 0
  ORDER BY ""APBalance"" DESC
  LIMIT 3;",tbl_vendor,"tbl_vendor.APBalance,tbl_vendor.Name","vendors,accounts_payable,top_n",trx_topn_vendors_by_ap,14
T0212,medium,Who are the top 5 customers by total invoiced amount in 2024?,"SELECT c.""Name"" AS customer_name,
         COUNT(i.""InvoiceNumber"") AS invoice_count,
         SUM(i.""InvoiceAmount"") AS total_invoiced
  FROM ""tbl_invoice"" i
  JOIN ""tbl_customer"" c ON c.""Customer"" = i.""Customer""
  WHERE EXTRACT(YEAR FROM i.""InvoiceDate"") = 2024
  GROUP BY c.""Name""
  ORDER BY total_invoiced DESC
  LIMIT 5;","tbl_invoice,tbl_customer","tbl_invoice.Customer,tbl_invoice.InvoiceAmount,tbl_invoice.InvoiceDate,tbl_customer.Name","accounts_receivable,customers,top_n,temporal",trx_topn_customers_invoiced_year,14
T0078,hard,Which vendors have no open purchase orders?,"SELECT v.""Vendor"", v.""Name"", v.""APBalance""
  FROM ""tbl_vendor"" v
  WHERE NOT EXISTS (
    SELECT 1 FROM ""tbl_purchase_order"" p
    WHERE p.""VendorPurchaseFrom"" = v.""Vendor""
      AND p.""Status"" = 'OPEN'
  )
  ORDER BY v.""Name"";","tbl_vendor,tbl_purchase_order","tbl_vendor.Vendor,tbl_purchase_order.VendorPurchaseFrom,tbl_purchase_order.Status","vendors,purchasing,anti_join",trx_antijoin_vendors_no_open_po,8
T0140,medium,How many pick tickets were shipped each month in 2021?,"SELECT DATE_TRUNC('month', ""DateShipped"") AS month,
         COUNT(*) AS pt_count
  FROM ""tbl_pick_ticket""
  WHERE ""Status"" = 'CONFRM'
    AND EXTRACT(YEAR FROM ""DateShipped"") = 2021
  GROUP BY month
  ORDER BY month;",tbl_pick_ticket,"tbl_pick_ticket.DateShipped,tbl_pick_ticket.Status","warehouse,temporal,aggregation",trx_temp_pt_shipped_by_month,13
T0399,hard,What is the average SO line fulfillment rate (shipped/ordered) by customer in 2024?,"WITH line_rates AS (
    SELECT s.""CustomerShipTo"",
           NULLIF(l.""Quantity"", '')::numeric AS qty_ordered,
           NULLIF(l.""QuantityShipped"", '')::numeric AS qty_shipped
    FROM ""tbl_sales_order"" s
    JOIN ""tbl_so_line"" l ON l.""SONumber"" = s.""SONumber""
    WHERE EXTRACT(YEAR FROM s.""DateOrdered"") = 2024
      AND NULLIF(l.""Quantity"", '')::numeric > 0
  )
  SELECT c.""Name"" AS customer_name,
         COUNT(*) AS line_count,
         ROUND(
           100.0 * SUM(COALESCE(lr.qty_shipped, 0)) /
           NULLIF(SUM(lr.qty_ordered), 0),
           1
         ) AS fulfillment_pct
  FROM line_rates lr
  JOIN ""tbl_customer"" c ON c.""Customer"" = lr.""CustomerShipTo""
  GROUP BY c.""Name""
  ORDER BY fulfillment_pct ASC NULLS LAST;","tbl_sales_order,tbl_so_line,tbl_customer","tbl_sales_order.DateOrdered,tbl_so_line.Quantity,tbl_so_line.QuantityShipped,tbl_sales_order.CustomerShipTo,tbl_customer.Name","sales_orders,customers,cte,temporal",trx_cte_so_fulfillment_year,22
T0280,medium,How many components does each in-assembly work order have?,"SELECT w.""WorkOrderNumber"", w.""Description"", w.""WorkCenter"",
         COUNT(wi.""ComponentID"") AS component_count,
         SUM(wi.""EstimatedExtendedCost"") AS total_est_cost
  FROM ""tbl_work_order"" w
  JOIN ""tbl_work_order_item"" wi ON wi.""WorkOrderNumber"" = w.""WorkOrderNumber""
  WHERE w.""AssemblyStatus"" = 'INASSY'
  GROUP BY w.""WorkOrderNumber"", w.""Description"", w.""WorkCenter""
  ORDER BY component_count DESC;","tbl_work_order,tbl_work_order_item","tbl_work_order.AssemblyStatus,tbl_work_order_item.WorkOrderNumber","warehouse,header_detail",trx_hdr_wip_component_count,15
T0073,hard,Which customers placed no sales orders in 2021?,"SELECT c.""Customer"", c.""Name"", c.""ARBalance""
  FROM ""tbl_customer"" c
  WHERE NOT EXISTS (
    SELECT 1 FROM ""tbl_sales_order"" s
    WHERE s.""CustomerShipTo"" = c.""Customer""
      AND EXTRACT(YEAR FROM s.""DateOrdered"") = 2021
  )
  ORDER BY c.""Name"";","tbl_customer,tbl_sales_order","tbl_customer.Customer,tbl_sales_order.CustomerShipTo,tbl_sales_order.DateOrdered","customers,anti_join,temporal",trx_antijoin_customers_no_orders_year,8
T0095,easy,List all closed sales orders placed in 2023.,"SELECT ""SONumber"", ""CustomerShipTo"", ""DateOrdered"", ""Type""
  FROM ""tbl_sales_order""
  WHERE ""Status"" = 'CLOSED'
    AND EXTRACT(YEAR FROM ""DateOrdered"") = 2023
  ORDER BY ""DateOrdered"" DESC;",tbl_sales_order,"tbl_sales_order.Status,tbl_sales_order.DateOrdered","sales_orders,lookup,temporal",trx_lookup_closed_so_year,11
T0063,hard,What is the total revenue by item in 2022?,"SELECT il.""Item"", im.""Description"",
         SUM(NULLIF(il.""Quantity"", '')::numeric * il.""UnitPrice"") AS total_revenue
  FROM ""tbl_invoice"" i
  JOIN ""tbl_invoice_line"" il ON il.""InvoiceNumber"" = i.""InvoiceNumber""
  JOIN ""tbl_item"" im ON im.""Item"" = il.""Item""
  WHERE EXTRACT(YEAR FROM i.""InvoiceDate"") = 2022
    AND il.""Item"" IS NOT NULL AND il.""Item"" != ''
  GROUP BY il.""Item"", im.""Description""
  ORDER BY total_revenue DESC NULLS LAST
  LIMIT 20;","tbl_invoice,tbl_invoice_line,tbl_item","tbl_invoice_line.Item,tbl_invoice_line.UnitPrice,tbl_invoice_line.Quantity,tbl_item.Description","accounts_receivable,inventory,join,temporal",trx_3join_invoice_item_revenue,7
T0525,medium,How many pick tickets were in each status in 2022?,"SELECT ""Status"", COUNT(*) AS pt_count
  FROM ""tbl_pick_ticket""
  WHERE ""DateShipped"" IS NOT NULL
    AND EXTRACT(YEAR FROM ""DateShipped"") = 2022
  GROUP BY ""Status""
  ORDER BY pt_count DESC;",tbl_pick_ticket,"tbl_pick_ticket.Status,tbl_pick_ticket.DateShipped","warehouse,aggregation,temporal",trx_status_pt_by_status_year,33
T0534,medium,What is the total quantity on hand and inventory value by item type?,"SELECT im.""Type"",
         COUNT(DISTINCT im.""Item"") AS item_count,
         SUM(NULLIF(il.""QuantityOnHand"", '')::numeric) AS total_qty_on_hand,
         SUM(NULLIF(il.""QuantityOnHand"", '')::numeric * im.""StandardCost"") AS total_value
  FROM ""tbl_item"" im
  JOIN ""tbl_item_location"" il ON il.""Item"" = im.""Item""
  WHERE NULLIF(il.""QuantityOnHand"", '')::numeric > 0
    AND im.""StandardCost"" > 0
  GROUP BY im.""Type""
  ORDER BY total_value DESC NULLS LAST;","tbl_item_location,tbl_item","tbl_item.Type,tbl_item_location.QuantityOnHand,tbl_item.StandardCost","inventory,aggregation",trx_inv_stock_summary,34
T0419,hard,Which vendors had purchase orders in 2021 but no AP vouchers in 2021?,"SELECT ""VendorPurchaseFrom"" AS vendor_code
  FROM ""tbl_purchase_order""
  WHERE EXTRACT(YEAR FROM ""OrderDate"") = 2021
  EXCEPT
  SELECT ""Vendor"" AS vendor_code
  FROM ""tbl_voucher""
  WHERE EXTRACT(YEAR FROM ""PaymentTermsDueDate"") = 2021
  ORDER BY vendor_code;","tbl_purchase_order,tbl_voucher","tbl_purchase_order.VendorPurchaseFrom,tbl_purchase_order.OrderDate,tbl_voucher.Vendor,tbl_voucher.PaymentTermsDueDate","vendors,except,temporal",trx_except_vendors_po_not_voucher_year,24
T0181,medium,Which 3 customers have the highest credit limit?,"SELECT ""Customer"", ""Name"", ""CreditLimit"", ""ARBalance""
  FROM ""tbl_customer""
  WHERE ""CreditLimit"" IS NOT NULL AND ""CreditLimit"" > 0
  ORDER BY ""CreditLimit"" DESC
  LIMIT 3;",tbl_customer,"tbl_customer.CreditLimit,tbl_customer.Name","customers,top_n",trx_topn_customers_credit,14
T0130,medium,What was the total invoiced amount each quarter in 2021?,"SELECT EXTRACT(QUARTER FROM ""InvoiceDate"") AS quarter,
         COUNT(*) AS invoice_count,
         SUM(""InvoiceAmount"") AS total_amount
  FROM ""tbl_invoice""
  WHERE EXTRACT(YEAR FROM ""InvoiceDate"") = 2021
  GROUP BY quarter
  ORDER BY quarter;",tbl_invoice,"tbl_invoice.InvoiceDate,tbl_invoice.InvoiceAmount","accounts_receivable,temporal,aggregation",trx_temp_invoice_by_quarter,13
T0348,hard,Which items were sold in 2025 but never purchased in 2025?,"SELECT DISTINCT sl.""Item""
  FROM ""tbl_so_line"" sl
  JOIN ""tbl_sales_order"" s ON s.""SONumber"" = sl.""SONumber""
  WHERE EXTRACT(YEAR FROM s.""DateOrdered"") = 2025
    AND sl.""Item"" IS NOT NULL AND sl.""Item"" != ''
    AND NOT EXISTS (
      SELECT 1 FROM ""tbl_purchase_order_line"" pl
      JOIN ""tbl_purchase_order"" p ON p.""PONumber"" = pl.""PONumber""
      WHERE pl.""Item"" = sl.""Item""
        AND EXTRACT(YEAR FROM p.""OrderDate"") = 2025
    )
  ORDER BY sl.""Item"";","tbl_so_line,tbl_sales_order,tbl_purchase_order_line,tbl_purchase_order","tbl_so_line.Item,tbl_sales_order.DateOrdered,tbl_purchase_order_line.Item,tbl_purchase_order.OrderDate","inventory,anti_join,temporal",trx_antijoin_items_sold_not_purchased_year,18
T0524,medium,How many pick tickets were in each status in 2021?,"SELECT ""Status"", COUNT(*) AS pt_count
  FROM ""tbl_pick_ticket""
  WHERE ""DateShipped"" IS NOT NULL
    AND EXTRACT(YEAR FROM ""DateShipped"") = 2021
  GROUP BY ""Status""
  ORDER BY pt_count DESC;",tbl_pick_ticket,"tbl_pick_ticket.Status,tbl_pick_ticket.DateShipped","warehouse,aggregation,temporal",trx_status_pt_by_status_year,33
T0435,medium,What are the top 10 items by quantity on hand at location BENSON?,"SELECT il.""Item"", im.""Description"", im.""Type"",
         NULLIF(il.""QuantityOnHand"", '')::numeric AS qty_on_hand
  FROM ""tbl_item_location"" il
  JOIN ""tbl_item"" im ON im.""Item"" = il.""Item""
  WHERE il.""Location"" = 'BENSON'
    AND NULLIF(il.""QuantityOnHand"", '')::numeric > 0
  ORDER BY NULLIF(il.""QuantityOnHand"", '')::numeric DESC NULLS LAST
  LIMIT 10;","tbl_item_location,tbl_item","tbl_item_location.Location,tbl_item_location.QuantityOnHand,tbl_item.Description","inventory,location,top_n",trx_loc_topn_items,25
T0259,medium,Who are the top 3 sales reps by SO line count in 2025?,"SELECT r.""Name"" AS rep_name, COUNT(lr.""SOLineNumber"") AS line_count
  FROM ""tbl_sales_order"" s
  JOIN ""tbl_so_line_rep"" lr ON lr.""SONumber"" = s.""SONumber""
  JOIN ""tbl_sales_rep"" r ON r.""SalesRep"" = lr.""SalesRep""
  WHERE EXTRACT(YEAR FROM s.""DateOrdered"") = 2025
  GROUP BY r.""Name""
  ORDER BY line_count DESC
  LIMIT 3;","tbl_sales_order,tbl_so_line_rep,tbl_sales_rep","tbl_so_line_rep.SalesRep,tbl_sales_rep.Name,tbl_sales_order.DateOrdered","sales_orders,commissions,top_n,temporal",trx_topn_reps_lines_year,14
T0250,medium,Who are the top 3 sales reps by SO line count in 2022?,"SELECT r.""Name"" AS rep_name, COUNT(lr.""SOLineNumber"") AS line_count
  FROM ""tbl_sales_order"" s
  JOIN ""tbl_so_line_rep"" lr ON lr.""SONumber"" = s.""SONumber""
  JOIN ""tbl_sales_rep"" r ON r.""SalesRep"" = lr.""SalesRep""
  WHERE EXTRACT(YEAR FROM s.""DateOrdered"") = 2022
  GROUP BY r.""Name""
  ORDER BY line_count DESC
  LIMIT 3;","tbl_sales_order,tbl_so_line_rep,tbl_sales_rep","tbl_so_line_rep.SalesRep,tbl_sales_rep.Name,tbl_sales_order.DateOrdered","sales_orders,commissions,top_n,temporal",trx_topn_reps_lines_year,14
T0395,hard,What percentage of total invoiced amount has been paid per customer?,"WITH totals AS (
    SELECT i.""Customer"",
           SUM(i.""InvoiceAmount"") AS total_invoiced,
           SUM(COALESCE(i.""PaidAmount"", 0)) AS total_paid
    FROM ""tbl_invoice"" i
    GROUP BY i.""Customer""
  )
  SELECT c.""Name"" AS customer_name,
         t.total_invoiced,
         t.total_paid,
         ROUND(100.0 * t.total_paid / NULLIF(t.total_invoiced, 0), 2) AS pct_paid
  FROM totals t
  JOIN ""tbl_customer"" c ON c.""Customer"" = t.""Customer""
  ORDER BY pct_paid ASC NULLS LAST;","tbl_invoice,tbl_customer","tbl_invoice.Customer,tbl_invoice.InvoiceAmount,tbl_invoice.PaidAmount,tbl_customer.Name","accounts_receivable,customers,cte",trx_cte_invoice_paid_pct,22
T0452,hard,What is the total estimated component cost for COMPLT work orders?,"SELECT w.""AssemblyStatus"",
         COUNT(DISTINCT w.""WorkOrderNumber"") AS wo_count,
         COUNT(wi.""ComponentID"") AS component_count,
         SUM(wi.""EstimatedExtendedCost"") AS total_est_cost
  FROM ""tbl_work_order"" w
  JOIN ""tbl_work_order_item"" wi ON wi.""WorkOrderNumber"" = w.""WorkOrderNumber""
  WHERE w.""AssemblyStatus"" = 'COMPLT'
  GROUP BY w.""AssemblyStatus"";","tbl_work_order,tbl_work_order_item","tbl_work_order.AssemblyStatus,tbl_work_order_item.EstimatedExtendedCost","warehouse,aggregation",trx_wo_component_cost_by_status,26
T0003,easy,List all open purchase orders.,"SELECT ""PONumber"", ""VendorPurchaseFrom"", ""OrderingLocation"", ""OrderDate""
  FROM ""tbl_purchase_order""
  WHERE ""Status"" = 'OPEN'
  ORDER BY ""OrderDate"" DESC;",tbl_purchase_order,tbl_purchase_order.Status,"purchasing,lookup",trx_lookup_open_po,1
T0019,easy,How many work orders are there by assembly status?,"SELECT ""AssemblyStatus"", COUNT(*) AS wo_count
  FROM ""tbl_work_order""
  GROUP BY ""AssemblyStatus""
  ORDER BY wo_count DESC;",tbl_work_order,tbl_work_order.AssemblyStatus,"warehouse,aggregation",trx_agg_wip_by_status,2
T0183,medium,Which 10 customers have the highest credit limit?,"SELECT ""Customer"", ""Name"", ""CreditLimit"", ""ARBalance""
  FROM ""tbl_customer""
  WHERE ""CreditLimit"" IS NOT NULL AND ""CreditLimit"" > 0
  ORDER BY ""CreditLimit"" DESC
  LIMIT 10;",tbl_customer,"tbl_customer.CreditLimit,tbl_customer.Name","customers,top_n",trx_topn_customers_credit,14
T0378,hard,What percentage of annual sales order volume does each month represent in 2023?,"SELECT DATE_TRUNC('month', ""DateOrdered"") AS month,
         COUNT(*) AS monthly_count,
         ROUND(
           100.0 * COUNT(*) / SUM(COUNT(*)) OVER (),
           2
         ) AS pct_of_year
  FROM ""tbl_sales_order""
  WHERE EXTRACT(YEAR FROM ""DateOrdered"") = 2023
  GROUP BY month
  ORDER BY month;",tbl_sales_order,tbl_sales_order.DateOrdered,"sales_orders,window_function,temporal",trx_window_so_pct_of_year,20
T0077,hard,Which customers placed no sales orders in 2025?,"SELECT c.""Customer"", c.""Name"", c.""ARBalance""
  FROM ""tbl_customer"" c
  WHERE NOT EXISTS (
    SELECT 1 FROM ""tbl_sales_order"" s
    WHERE s.""CustomerShipTo"" = c.""Customer""
      AND EXTRACT(YEAR FROM s.""DateOrdered"") = 2025
  )
  ORDER BY c.""Name"";","tbl_customer,tbl_sales_order","tbl_customer.Customer,tbl_sales_order.CustomerShipTo,tbl_sales_order.DateOrdered","customers,anti_join,temporal",trx_antijoin_customers_no_orders_year,8
T0381,hard,Rank customers by total number of sales orders.,"SELECT c.""Name"" AS customer_name,
         COUNT(s.""SONumber"") AS so_count,
         RANK() OVER (ORDER BY COUNT(s.""SONumber"") DESC) AS rnk
  FROM ""tbl_sales_order"" s
  JOIN ""tbl_customer"" c ON c.""Customer"" = s.""CustomerShipTo""
  GROUP BY c.""Name""
  ORDER BY rnk;","tbl_sales_order,tbl_customer","tbl_sales_order.CustomerShipTo,tbl_customer.Name","sales_orders,customers,window_function",trx_window_rank_customers_so,20
T0269,medium,Who are the top 5 customers by sales order count in 2023?,"SELECT c.""Name"" AS customer_name, COUNT(s.""SONumber"") AS so_count
  FROM ""tbl_sales_order"" s
  JOIN ""tbl_customer"" c ON c.""Customer"" = s.""CustomerShipTo""
  WHERE EXTRACT(YEAR FROM s.""DateOrdered"") = 2023
  GROUP BY c.""Name""
  ORDER BY so_count DESC
  LIMIT 5;","tbl_sales_order,tbl_customer","tbl_sales_order.CustomerShipTo,tbl_sales_order.DateOrdered,tbl_customer.Name","sales_orders,customers,top_n,temporal",trx_topn_customers_so_year,14
T0429,medium,Which items at location BENSON have zero quantity on hand?,"SELECT il.""Item"", im.""Description"", im.""Type"",
         NULLIF(il.""QuantityOnHand"", '')::numeric AS qty_on_hand
  FROM ""tbl_item_location"" il
  JOIN ""tbl_item"" im ON im.""Item"" = il.""Item""
  WHERE il.""Location"" = 'BENSON'
    AND (NULLIF(il.""QuantityOnHand"", '')::numeric IS NULL
         OR NULLIF(il.""QuantityOnHand"", '')::numeric <= 0)
  ORDER BY il.""Item"";","tbl_item_location,tbl_item","tbl_item_location.Location,tbl_item_location.QuantityOnHand,tbl_item.Description","inventory,location",trx_loc_out_of_stock,25
T0357,medium,Which vendors have at least 10 purchase orders?,"SELECT v.""Name"" AS vendor_name, COUNT(p.""PONumber"") AS po_count
  FROM ""tbl_purchase_order"" p
  JOIN ""tbl_vendor"" v ON v.""Vendor"" = p.""VendorPurchaseFrom""
  GROUP BY v.""Name""
  HAVING COUNT(p.""PONumber"") >= 10
  ORDER BY po_count DESC;","tbl_purchase_order,tbl_vendor","tbl_purchase_order.VendorPurchaseFrom,tbl_vendor.Name","purchasing,vendors,having",trx_having_vendors_min_po,19
T0242,medium,What are the top 5 items by total quantity purchased in 2024?,"SELECT l.""Item"",
         SUM(NULLIF(l.""Quantity"", '')::numeric) AS total_qty_ordered
  FROM ""tbl_purchase_order"" p
  JOIN ""tbl_purchase_order_line"" l ON l.""PONumber"" = p.""PONumber""
  WHERE EXTRACT(YEAR FROM p.""OrderDate"") = 2024
    AND l.""Item"" IS NOT NULL AND l.""Item"" != ''
  GROUP BY l.""Item""
  ORDER BY total_qty_ordered DESC NULLS LAST
  LIMIT 5;","tbl_purchase_order,tbl_purchase_order_line","tbl_purchase_order_line.Item,tbl_purchase_order_line.Quantity,tbl_purchase_order.OrderDate","inventory,purchasing,top_n,temporal",trx_topn_items_po_qty_year,14
T0316,hard,What is the total quantity purchased per item in 2023?,"SELECT l.""Item"", im.""Description"",
         SUM(NULLIF(l.""Quantity"", '')::numeric) AS total_qty_purchased
  FROM ""tbl_purchase_order"" p
  JOIN ""tbl_purchase_order_line"" l ON l.""PONumber"" = p.""PONumber""
  JOIN ""tbl_item"" im ON im.""Item"" = l.""Item""
  WHERE EXTRACT(YEAR FROM p.""OrderDate"") = 2023
    AND l.""Item"" IS NOT NULL AND l.""Item"" != ''
  GROUP BY l.""Item"", im.""Description""
  ORDER BY total_qty_purchased DESC NULLS LAST
  LIMIT 20;","tbl_purchase_order,tbl_purchase_order_line,tbl_item","tbl_purchase_order.OrderDate,tbl_purchase_order_line.Item,tbl_purchase_order_line.Quantity,tbl_item.Description","purchasing,inventory,join,temporal",trx_3join_po_line_item_year,17
T0467,hard,What is the total GL posting amount by location in 2025?,"SELECT ""Location"",
         COUNT(*) AS entry_count,
         SUM(""DebitAmount"") AS total_debits,
         SUM(""CreditAmount"") AS total_credits
  FROM ""tbl_je_line_item""
  WHERE EXTRACT(YEAR FROM ""TransactionDate"") = 2025
    AND ""Location"" IS NOT NULL
  GROUP BY ""Location""
  ORDER BY total_debits DESC;",tbl_je_line_item,"tbl_je_line_item.Location,tbl_je_line_item.DebitAmount,tbl_je_line_item.TransactionDate","general_ledger,temporal",trx_gl_by_location_year,27
T0172,medium,How many work order components had required dates in each quarter of 2023?,"SELECT EXTRACT(QUARTER FROM ""DateRequired"") AS quarter,
         COUNT(*) AS component_count
  FROM ""tbl_work_order_item""
  WHERE ""DateRequired"" IS NOT NULL
    AND EXTRACT(YEAR FROM ""DateRequired"") = 2023
  GROUP BY quarter
  ORDER BY quarter;",tbl_work_order_item,tbl_work_order_item.DateRequired,"warehouse,temporal,aggregation",trx_temp_woi_by_quarter,13
T0053,medium,What was the total invoiced amount by month in 2023?,"SELECT DATE_TRUNC('month', ""InvoiceDate"") AS month,
         COUNT(*) AS invoice_count,
         SUM(""InvoiceAmount"") AS total_amount
  FROM ""tbl_invoice""
  WHERE EXTRACT(YEAR FROM ""InvoiceDate"") = 2023
  GROUP BY month
  ORDER BY month;",tbl_invoice,"tbl_invoice.InvoiceDate,tbl_invoice.InvoiceAmount","accounts_receivable,temporal,aggregation",trx_temp_invoice_total_by_month,6
T0067,hard,How many sales order lines does each sales rep have in 2021?,"SELECT r.""Name"" AS rep_name, COUNT(lr.""SOLineNumber"") AS line_count
  FROM ""tbl_sales_order"" s
  JOIN ""tbl_so_line_rep"" lr ON lr.""SONumber"" = s.""SONumber""
  JOIN ""tbl_sales_rep"" r ON r.""SalesRep"" = lr.""SalesRep""
  WHERE EXTRACT(YEAR FROM s.""DateOrdered"") = 2021
  GROUP BY r.""Name""
  ORDER BY line_count DESC;","tbl_sales_order,tbl_so_line_rep,tbl_sales_rep","tbl_so_line_rep.SalesRep,tbl_sales_rep.Name","sales_orders,commissions,join,temporal",trx_3join_so_rep_lines,7
T0218,medium,Who are the top 5 vendors by number of purchase orders in 2021?,"SELECT v.""Name"" AS vendor_name, COUNT(p.""PONumber"") AS po_count
  FROM ""tbl_purchase_order"" p
  JOIN ""tbl_vendor"" v ON v.""Vendor"" = p.""VendorPurchaseFrom""
  WHERE EXTRACT(YEAR FROM p.""OrderDate"") = 2021
  GROUP BY v.""Name""
  ORDER BY po_count DESC
  LIMIT 5;","tbl_purchase_order,tbl_vendor","tbl_purchase_order.VendorPurchaseFrom,tbl_purchase_order.OrderDate,tbl_vendor.Name","purchasing,vendors,top_n,temporal",trx_topn_vendors_po_year,14
T0134,medium,What was the total invoiced amount each quarter in 2025?,"SELECT EXTRACT(QUARTER FROM ""InvoiceDate"") AS quarter,
         COUNT(*) AS invoice_count,
         SUM(""InvoiceAmount"") AS total_amount
  FROM ""tbl_invoice""
  WHERE EXTRACT(YEAR FROM ""InvoiceDate"") = 2025
  GROUP BY quarter
  ORDER BY quarter;",tbl_invoice,"tbl_invoice.InvoiceDate,tbl_invoice.InvoiceAmount","accounts_receivable,temporal,aggregation",trx_temp_invoice_by_quarter,13
T0145,medium,What was the total GL debit amount each quarter in 2021?,"SELECT EXTRACT(QUARTER FROM ""TransactionDate"") AS quarter,
         SUM(""DebitAmount"") AS total_debits,
         SUM(""CreditAmount"") AS total_credits
  FROM ""tbl_je_line_item""
  WHERE EXTRACT(YEAR FROM ""TransactionDate"") = 2021
  GROUP BY quarter
  ORDER BY quarter;",tbl_je_line_item,"tbl_je_line_item.TransactionDate,tbl_je_line_item.DebitAmount","general_ledger,temporal,aggregation",trx_temp_gl_by_quarter,13
T0215,medium,Who are the top 5 customers by total invoiced amount in 2025?,"SELECT c.""Name"" AS customer_name,
         COUNT(i.""InvoiceNumber"") AS invoice_count,
         SUM(i.""InvoiceAmount"") AS total_invoiced
  FROM ""tbl_invoice"" i
  JOIN ""tbl_customer"" c ON c.""Customer"" = i.""Customer""
  WHERE EXTRACT(YEAR FROM i.""InvoiceDate"") = 2025
  GROUP BY c.""Name""
  ORDER BY total_invoiced DESC
  LIMIT 5;","tbl_invoice,tbl_customer","tbl_invoice.Customer,tbl_invoice.InvoiceAmount,tbl_invoice.InvoiceDate,tbl_customer.Name","accounts_receivable,customers,top_n,temporal",trx_topn_customers_invoiced_year,14
T0169,medium,What was the total AP voucher amount by month in 2025?,"SELECT DATE_TRUNC('month', ""PaymentTermsDueDate"") AS month,
         COUNT(*) AS voucher_count,
         SUM(""InvoiceAmount"") AS total_amount
  FROM ""tbl_voucher""
  WHERE EXTRACT(YEAR FROM ""PaymentTermsDueDate"") = 2025
  GROUP BY month
  ORDER BY month;",tbl_voucher,"tbl_voucher.PaymentTermsDueDate,tbl_voucher.InvoiceAmount","accounts_payable,temporal,aggregation",trx_temp_voucher_by_month,13
T0463,hard,What is the total GL posting amount by location in 2021?,"SELECT ""Location"",
         COUNT(*) AS entry_count,
         SUM(""DebitAmount"") AS total_debits,
         SUM(""CreditAmount"") AS total_credits
  FROM ""tbl_je_line_item""
  WHERE EXTRACT(YEAR FROM ""TransactionDate"") = 2021
    AND ""Location"" IS NOT NULL
  GROUP BY ""Location""
  ORDER BY total_debits DESC;",tbl_je_line_item,"tbl_je_line_item.Location,tbl_je_line_item.DebitAmount,tbl_je_line_item.TransactionDate","general_ledger,temporal",trx_gl_by_location_year,27
T0208,medium,Who are the top 3 customers by total invoiced amount in 2023?,"SELECT c.""Name"" AS customer_name,
         COUNT(i.""InvoiceNumber"") AS invoice_count,
         SUM(i.""InvoiceAmount"") AS total_invoiced
  FROM ""tbl_invoice"" i
  JOIN ""tbl_customer"" c ON c.""Customer"" = i.""Customer""
  WHERE EXTRACT(YEAR FROM i.""InvoiceDate"") = 2023
  GROUP BY c.""Name""
  ORDER BY total_invoiced DESC
  LIMIT 3;","tbl_invoice,tbl_customer","tbl_invoice.Customer,tbl_invoice.InvoiceAmount,tbl_invoice.InvoiceDate,tbl_customer.Name","accounts_receivable,customers,top_n,temporal",trx_topn_customers_invoiced_year,14
T0159,medium,What was the total invoiced amount by selling location in 2025?,"SELECT ""SellingLocation"", COUNT(*) AS invoice_count,
         SUM(""InvoiceAmount"") AS total_invoiced
  FROM ""tbl_invoice""
  WHERE EXTRACT(YEAR FROM ""InvoiceDate"") = 2025
    AND ""SellingLocation"" IS NOT NULL
  GROUP BY ""SellingLocation""
  ORDER BY total_invoiced DESC;",tbl_invoice,"tbl_invoice.SellingLocation,tbl_invoice.InvoiceAmount,tbl_invoice.InvoiceDate","accounts_receivable,temporal,aggregation",trx_temp_invoice_by_location_year,13
T0327,hard,What is the total invoiced amount by customer state in 2024?,"SELECT c.""StateOrProvince"",
         COUNT(DISTINCT i.""Customer"") AS customer_count,
         COUNT(i.""InvoiceNumber"") AS invoice_count,
         SUM(i.""InvoiceAmount"") AS total_invoiced
  FROM ""tbl_invoice"" i
  JOIN ""tbl_customer"" c ON c.""Customer"" = i.""Customer""
  WHERE EXTRACT(YEAR FROM i.""InvoiceDate"") = 2024
    AND c.""StateOrProvince"" IS NOT NULL
  GROUP BY c.""StateOrProvince""
  ORDER BY total_invoiced DESC;","tbl_invoice,tbl_customer","tbl_invoice.Customer,tbl_invoice.InvoiceAmount,tbl_invoice.InvoiceDate,tbl_customer.StateOrProvince","accounts_receivable,customers,join,temporal",trx_3join_invoice_customer_state_year,17
T0362,medium,Which GL accounts have more than 5 journal entries?,"SELECT je.""AccountNumber"", a.""Description"", a.""AccountType"",
         COUNT(*) AS entry_count
  FROM ""tbl_je_line_item"" je
  JOIN ""tbl_gl_account"" a ON a.""AccountId"" = je.""AccountNumber""
  GROUP BY je.""AccountNumber"", a.""Description"", a.""AccountType""
  HAVING COUNT(*) > 5
  ORDER BY entry_count DESC;","tbl_je_line_item,tbl_gl_account","tbl_je_line_item.AccountNumber,tbl_gl_account.Description","general_ledger,having",trx_having_gl_accounts_min_entries,19
T0371,hard,Show monthly PO count with running total in 2021.,"SELECT DATE_TRUNC('month', ""OrderDate"") AS month,
         COUNT(*) AS monthly_count,
         SUM(COUNT(*)) OVER (ORDER BY DATE_TRUNC('month', ""OrderDate"")) AS running_total
  FROM ""tbl_purchase_order""
  WHERE EXTRACT(YEAR FROM ""OrderDate"") = 2021
  GROUP BY month
  ORDER BY month;",tbl_purchase_order,tbl_purchase_order.OrderDate,"purchasing,window_function,temporal",trx_window_po_running_year,20
T0498,hard,"For each item, compare total quantity sold vs purchased in 2025.","WITH sold AS (
    SELECT sl.""Item"",
           SUM(NULLIF(sl.""Quantity"", '')::numeric) AS qty_sold
    FROM ""tbl_so_line"" sl
    JOIN ""tbl_sales_order"" s ON s.""SONumber"" = sl.""SONumber""
    WHERE EXTRACT(YEAR FROM s.""DateOrdered"") = 2025
      AND sl.""Item"" IS NOT NULL AND sl.""Item"" != ''
    GROUP BY sl.""Item""
  ),
  purchased AS (
    SELECT pl.""Item"",
           SUM(NULLIF(pl.""Quantity"", '')::numeric) AS qty_purchased
    FROM ""tbl_purchase_order_line"" pl
    JOIN ""tbl_purchase_order"" p ON p.""PONumber"" = pl.""PONumber""
    WHERE EXTRACT(YEAR FROM p.""OrderDate"") = 2025
      AND pl.""Item"" IS NOT NULL AND pl.""Item"" != ''
    GROUP BY pl.""Item""
  )
  SELECT COALESCE(s.""Item"", p.""Item"") AS item,
         COALESCE(s.qty_sold, 0) AS qty_sold,
         COALESCE(p.qty_purchased, 0) AS qty_purchased
  FROM sold s
  FULL OUTER JOIN purchased p ON p.""Item"" = s.""Item""
  ORDER BY COALESCE(s.qty_sold, 0) DESC NULLS LAST
  LIMIT 20;","tbl_so_line,tbl_sales_order,tbl_purchase_order_line,tbl_purchase_order","tbl_so_line.Item,tbl_so_line.Quantity,tbl_sales_order.DateOrdered,tbl_purchase_order_line.Item,tbl_purchase_order_line.Quantity,tbl_purchase_order.OrderDate","inventory,temporal",trx_item_sold_vs_purchased_year,32
T0146,medium,What was the total GL debit amount each quarter in 2022?,"SELECT EXTRACT(QUARTER FROM ""TransactionDate"") AS quarter,
         SUM(""DebitAmount"") AS total_debits,
         SUM(""CreditAmount"") AS total_credits
  FROM ""tbl_je_line_item""
  WHERE EXTRACT(YEAR FROM ""TransactionDate"") = 2022
  GROUP BY quarter
  ORDER BY quarter;",tbl_je_line_item,"tbl_je_line_item.TransactionDate,tbl_je_line_item.DebitAmount","general_ledger,temporal,aggregation",trx_temp_gl_by_quarter,13
T0303,medium,What was the total AP voucher amount by vendor in 2025?,"SELECT vn.""Name"" AS vendor_name,
         COUNT(v.""VoucherNumber"") AS voucher_count,
         SUM(v.""InvoiceAmount"") AS total_amount
  FROM ""tbl_voucher"" v
  JOIN ""tbl_vendor"" vn ON vn.""Vendor"" = v.""Vendor""
  WHERE EXTRACT(YEAR FROM v.""PaymentTermsDueDate"") = 2025
  GROUP BY vn.""Name""
  ORDER BY total_amount DESC;","tbl_voucher,tbl_vendor","tbl_voucher.Vendor,tbl_voucher.InvoiceAmount,tbl_voucher.PaymentTermsDueDate,tbl_vendor.Name","accounts_payable,vendors,join,temporal",trx_join_voucher_vendor_year,16
T0104,easy,Which stock items have zero standard cost?,"SELECT ""Item"", ""Description"", ""StockUOM"", ""StandardCost""
  FROM ""tbl_item""
  WHERE ""Type"" = 'STOCK'
    AND (""StandardCost"" IS NULL OR ""StandardCost"" = 0)
  ORDER BY ""Item"";",tbl_item,"tbl_item.Type,tbl_item.StandardCost","inventory,lookup",trx_lookup_items_no_cost,11
T0061,hard,What is the total value of open PO lines by vendor?,"SELECT v.""Name"" AS vendor_name,
         COUNT(l.""POLineNumber"") AS line_count,
         SUM(NULLIF(l.""Quantity"", '')::numeric * l.""UnitCost"") AS total_value
  FROM ""tbl_purchase_order"" p
  JOIN ""tbl_purchase_order_line"" l ON l.""PONumber"" = p.""PONumber""
  JOIN ""tbl_vendor"" v ON v.""Vendor"" = p.""VendorPurchaseFrom""
  WHERE p.""Status"" = 'OPEN'
  GROUP BY v.""Name""
  ORDER BY total_value DESC NULLS LAST;","tbl_purchase_order,tbl_purchase_order_line,tbl_vendor","tbl_purchase_order.VendorPurchaseFrom,tbl_purchase_order_line.UnitCost,tbl_purchase_order_line.Quantity,tbl_vendor.Name","purchasing,vendors,join",trx_3join_po_vendor_value,7
T0173,medium,How many work order components had required dates in each quarter of 2024?,"SELECT EXTRACT(QUARTER FROM ""DateRequired"") AS quarter,
         COUNT(*) AS component_count
  FROM ""tbl_work_order_item""
  WHERE ""DateRequired"" IS NOT NULL
    AND EXTRACT(YEAR FROM ""DateRequired"") = 2024
  GROUP BY quarter
  ORDER BY quarter;",tbl_work_order_item,tbl_work_order_item.DateRequired,"warehouse,temporal,aggregation",trx_temp_woi_by_quarter,13
T0431,medium,What are the top 5 items by quantity on hand at location HUDW?,"SELECT il.""Item"", im.""Description"", im.""Type"",
         NULLIF(il.""QuantityOnHand"", '')::numeric AS qty_on_hand
  FROM ""tbl_item_location"" il
  JOIN ""tbl_item"" im ON im.""Item"" = il.""Item""
  WHERE il.""Location"" = 'HUDW'
    AND NULLIF(il.""QuantityOnHand"", '')::numeric > 0
  ORDER BY NULLIF(il.""QuantityOnHand"", '')::numeric DESC NULLS LAST
  LIMIT 5;","tbl_item_location,tbl_item","tbl_item_location.Location,tbl_item_location.QuantityOnHand,tbl_item.Description","inventory,location,top_n",trx_loc_topn_items,25
T0484,hard,How many commission lines does each sales rep have per customer in 2023?,"SELECT r.""Name"" AS rep_name,
         c.""Name"" AS customer_name,
         COUNT(cr.""InvoiceNumber"") AS commission_lines
  FROM ""tbl_tiered_commission"" cr
  JOIN ""tbl_sales_rep"" r ON r.""SalesRep"" = cr.""SalesRep""
  JOIN ""tbl_invoice"" i ON i.""InvoiceNumber"" = cr.""InvoiceNumber""
  JOIN ""tbl_customer"" c ON c.""Customer"" = i.""Customer""
  WHERE EXTRACT(YEAR FROM i.""InvoiceDate"") = 2023
  GROUP BY r.""Name"", c.""Name""
  ORDER BY commission_lines DESC
  LIMIT 20;","tbl_tiered_commission,tbl_sales_rep,tbl_invoice,tbl_customer","tbl_tiered_commission.SalesRep,tbl_invoice.Customer,tbl_invoice.InvoiceDate,tbl_sales_rep.Name,tbl_customer.Name","commissions,customers,temporal",trx_comm_rep_by_customer_year,29
T0018,easy,How many GL accounts exist by account type?,"SELECT ""AccountType"", COUNT(*) AS account_count
  FROM ""tbl_gl_account""
  GROUP BY ""AccountType""
  ORDER BY account_count DESC;",tbl_gl_account,tbl_gl_account.AccountType,"general_ledger,aggregation",trx_agg_gl_by_account_type,2
T0366,hard,Show cumulative invoiced amount by month in 2023.,"SELECT DATE_TRUNC('month', ""InvoiceDate"") AS month,
         SUM(""InvoiceAmount"") AS monthly_amount,
         SUM(SUM(""InvoiceAmount"")) OVER (ORDER BY DATE_TRUNC('month', ""InvoiceDate"")) AS running_total
  FROM ""tbl_invoice""
  WHERE EXTRACT(YEAR FROM ""InvoiceDate"") = 2023
  GROUP BY month
  ORDER BY month;",tbl_invoice,"tbl_invoice.InvoiceDate,tbl_invoice.InvoiceAmount","accounts_receivable,window_function,temporal",trx_window_invoice_running_year,20
T0021,medium,How many lines does each open purchase order have?,"SELECT p.""PONumber"", p.""VendorPurchaseFrom"", p.""OrderDate"",
         COUNT(l.""POLineNumber"") AS line_count
  FROM ""tbl_purchase_order"" p
  JOIN ""tbl_purchase_order_line"" l ON l.""PONumber"" = p.""PONumber""
  WHERE p.""Status"" = 'OPEN'
  GROUP BY p.""PONumber"", p.""VendorPurchaseFrom"", p.""OrderDate""
  ORDER BY line_count DESC;","tbl_purchase_order,tbl_purchase_order_line","tbl_purchase_order.Status,tbl_purchase_order_line.PONumber","purchasing,header_detail",trx_hdr_po_line_count,3
T0131,medium,What was the total invoiced amount each quarter in 2022?,"SELECT EXTRACT(QUARTER FROM ""InvoiceDate"") AS quarter,
         COUNT(*) AS invoice_count,
         SUM(""InvoiceAmount"") AS total_amount
  FROM ""tbl_invoice""
  WHERE EXTRACT(YEAR FROM ""InvoiceDate"") = 2022
  GROUP BY quarter
  ORDER BY quarter;",tbl_invoice,"tbl_invoice.InvoiceDate,tbl_invoice.InvoiceAmount","accounts_receivable,temporal,aggregation",trx_temp_invoice_by_quarter,13
T0267,medium,Who are the top 10 customers by sales order count in 2022?,"SELECT c.""Name"" AS customer_name, COUNT(s.""SONumber"") AS so_count
  FROM ""tbl_sales_order"" s
  JOIN ""tbl_customer"" c ON c.""Customer"" = s.""CustomerShipTo""
  WHERE EXTRACT(YEAR FROM s.""DateOrdered"") = 2022
  GROUP BY c.""Name""
  ORDER BY so_count DESC
  LIMIT 10;","tbl_sales_order,tbl_customer","tbl_sales_order.CustomerShipTo,tbl_sales_order.DateOrdered,tbl_customer.Name","sales_orders,customers,top_n,temporal",trx_topn_customers_so_year,14
T0481,hard,What is the total commission amount by sales rep in 2025?,"SELECT r.""Name"" AS rep_name,
         COUNT(c.""InvoiceNumber"") AS invoice_lines,
         ROUND(AVG(c.""CommissionPct""), 4) AS avg_commission_pct
  FROM ""tbl_tiered_commission"" c
  JOIN ""tbl_sales_rep"" r ON r.""SalesRep"" = c.""SalesRep""
  JOIN ""tbl_invoice"" i ON i.""InvoiceNumber"" = c.""InvoiceNumber""
  WHERE EXTRACT(YEAR FROM i.""InvoiceDate"") = 2025
  GROUP BY r.""Name""
  ORDER BY invoice_lines DESC;","tbl_tiered_commission,tbl_sales_rep,tbl_invoice","tbl_tiered_commission.SalesRep,tbl_tiered_commission.CommissionPct,tbl_invoice.InvoiceAmount,tbl_invoice.InvoiceDate,tbl_sales_rep.Name","commissions,temporal",trx_comm_by_rep_year,29
T0375,hard,Show monthly PO count with running total in 2025.,"SELECT DATE_TRUNC('month', ""OrderDate"") AS month,
         COUNT(*) AS monthly_count,
         SUM(COUNT(*)) OVER (ORDER BY DATE_TRUNC('month', ""OrderDate"")) AS running_total
  FROM ""tbl_purchase_order""
  WHERE EXTRACT(YEAR FROM ""OrderDate"") = 2025
  GROUP BY month
  ORDER BY month;",tbl_purchase_order,tbl_purchase_order.OrderDate,"purchasing,window_function,temporal",trx_window_po_running_year,20
T0384,hard,What is the average days between order date and required date for sales orders in 2023?,"SELECT ROUND(AVG((""DateRequired""::date - ""DateOrdered""::date)), 1) AS avg_days_to_required
  FROM ""tbl_sales_order""
  WHERE EXTRACT(YEAR FROM ""DateOrdered"") = 2023
    AND ""DateRequired"" IS NOT NULL
    AND ""DateRequired"" > ""DateOrdered"";",tbl_sales_order,"tbl_sales_order.DateOrdered,tbl_sales_order.DateRequired","sales_orders,temporal",trx_datemath_so_to_required,21
T0343,hard,Which active customers placed no sales orders in 2025?,"SELECT c.""Customer"", c.""Name"", c.""StateOrProvince"", c.""ARBalance""
  FROM ""tbl_customer"" c
  WHERE c.""Status"" = 'ACTIVE'
    AND NOT EXISTS (
      SELECT 1 FROM ""tbl_sales_order"" s
      WHERE s.""CustomerShipTo"" = c.""Customer""
        AND EXTRACT(YEAR FROM s.""DateOrdered"") = 2025
    )
  ORDER BY c.""Name"";","tbl_customer,tbl_sales_order","tbl_customer.Customer,tbl_customer.Status,tbl_sales_order.CustomerShipTo,tbl_sales_order.DateOrdered","customers,anti_join,temporal",trx_antijoin_customers_no_so_year,18
T0150,medium,How many sales orders were placed by selling location in 2021?,"SELECT ""SellingLocation"", COUNT(*) AS order_count
  FROM ""tbl_sales_order""
  WHERE EXTRACT(YEAR FROM ""DateOrdered"") = 2021
    AND ""SellingLocation"" IS NOT NULL
  GROUP BY ""SellingLocation""
  ORDER BY order_count DESC;",tbl_sales_order,"tbl_sales_order.SellingLocation,tbl_sales_order.DateOrdered","sales_orders,temporal,aggregation",trx_temp_so_by_location_year,13
T0013,easy,How many sales orders were placed in 2023?,"SELECT COUNT(*) AS order_count
  FROM ""tbl_sales_order""
  WHERE EXTRACT(YEAR FROM ""DateOrdered"") = 2023;",tbl_sales_order,tbl_sales_order.DateOrdered,"sales_orders,aggregation,temporal",trx_agg_so_count_year,2
T0529,medium,How many AP vouchers were there by type in 2021?,"SELECT ""Type"", COUNT(*) AS voucher_count,
         SUM(""InvoiceAmount"") AS total_amount
  FROM ""tbl_voucher""
  WHERE EXTRACT(YEAR FROM ""PaymentTermsDueDate"") = 2021
  GROUP BY ""Type""
  ORDER BY voucher_count DESC;",tbl_voucher,"tbl_voucher.Type,tbl_voucher.PaymentTermsDueDate","accounts_payable,aggregation,temporal",trx_status_voucher_by_type_year,33
T0380,hard,What percentage of annual sales order volume does each month represent in 2025?,"SELECT DATE_TRUNC('month', ""DateOrdered"") AS month,
         COUNT(*) AS monthly_count,
         ROUND(
           100.0 * COUNT(*) / SUM(COUNT(*)) OVER (),
           2
         ) AS pct_of_year
  FROM ""tbl_sales_order""
  WHERE EXTRACT(YEAR FROM ""DateOrdered"") = 2025
  GROUP BY month
  ORDER BY month;",tbl_sales_order,tbl_sales_order.DateOrdered,"sales_orders,window_function,temporal",trx_window_so_pct_of_year,20
T0320,hard,What is the total quantity shipped per item in 2022?,"SELECT ptl.""Item"", im.""Description"",
         SUM(NULLIF(ptl.""QuantityShipped"", '')::numeric) AS total_shipped
  FROM ""tbl_pick_ticket"" pt
  JOIN ""tbl_pick_ticket_line"" ptl ON ptl.""PickTicketNumber"" = pt.""PickTicketNumber""
  JOIN ""tbl_item"" im ON im.""Item"" = ptl.""Item""
  WHERE pt.""Status"" = 'CONFRM'
    AND EXTRACT(YEAR FROM pt.""DateShipped"") = 2022
    AND ptl.""Item"" IS NOT NULL AND ptl.""Item"" != ''
  GROUP BY ptl.""Item"", im.""Description""
  ORDER BY total_shipped DESC NULLS LAST
  LIMIT 20;","tbl_pick_ticket,tbl_pick_ticket_line,tbl_item","tbl_pick_ticket.DateShipped,tbl_pick_ticket_line.Item,tbl_pick_ticket_line.QuantityShipped,tbl_item.Description","warehouse,inventory,join,temporal",trx_3join_pt_item_shipped_year,17
T0247,medium,Who are the top 3 sales reps by SO line count in 2021?,"SELECT r.""Name"" AS rep_name, COUNT(lr.""SOLineNumber"") AS line_count
  FROM ""tbl_sales_order"" s
  JOIN ""tbl_so_line_rep"" lr ON lr.""SONumber"" = s.""SONumber""
  JOIN ""tbl_sales_rep"" r ON r.""SalesRep"" = lr.""SalesRep""
  WHERE EXTRACT(YEAR FROM s.""DateOrdered"") = 2021
  GROUP BY r.""Name""
  ORDER BY line_count DESC
  LIMIT 3;","tbl_sales_order,tbl_so_line_rep,tbl_sales_rep","tbl_so_line_rep.SalesRep,tbl_sales_rep.Name,tbl_sales_order.DateOrdered","sales_orders,commissions,top_n,temporal",trx_topn_reps_lines_year,14
T0447,hard,How many sales orders were shipped from location BENSON in 2025?,"SELECT ""ShipFromLocation"",
         COUNT(*) AS invoice_count,
         SUM(""InvoiceAmount"") AS total_invoiced
  FROM ""tbl_invoice""
  WHERE ""ShipFromLocation"" = 'BENSON'
    AND EXTRACT(YEAR FROM ""InvoiceDate"") = 2025
  GROUP BY ""ShipFromLocation"";",tbl_invoice,"tbl_invoice.ShipFromLocation,tbl_invoice.InvoiceDate","sales_orders,location,temporal",trx_loc_so_shipped_year,25
T0189,medium,What are the top 10 items by invoice quantity in 2021?,"SELECT il.""Item"",
         SUM(NULLIF(il.""Quantity"", '')::numeric) AS total_qty_invoiced
  FROM ""tbl_invoice"" i
  JOIN ""tbl_invoice_line"" il ON il.""InvoiceNumber"" = i.""InvoiceNumber""
  WHERE EXTRACT(YEAR FROM i.""InvoiceDate"") = 2021
    AND il.""Item"" IS NOT NULL AND il.""Item"" != ''
  GROUP BY il.""Item""
  ORDER BY total_qty_invoiced DESC NULLS LAST
  LIMIT 10;","tbl_invoice,tbl_invoice_line","tbl_invoice_line.Item,tbl_invoice_line.Quantity,tbl_invoice.InvoiceDate","inventory,accounts_receivable,top_n,temporal",trx_topn_items_invoiced_year,14
T0478,hard,What is the total commission amount by sales rep in 2022?,"SELECT r.""Name"" AS rep_name,
         COUNT(c.""InvoiceNumber"") AS invoice_lines,
         ROUND(AVG(c.""CommissionPct""), 4) AS avg_commission_pct
  FROM ""tbl_tiered_commission"" c
  JOIN ""tbl_sales_rep"" r ON r.""SalesRep"" = c.""SalesRep""
  JOIN ""tbl_invoice"" i ON i.""InvoiceNumber"" = c.""InvoiceNumber""
  WHERE EXTRACT(YEAR FROM i.""InvoiceDate"") = 2022
  GROUP BY r.""Name""
  ORDER BY invoice_lines DESC;","tbl_tiered_commission,tbl_sales_rep,tbl_invoice","tbl_tiered_commission.SalesRep,tbl_tiered_commission.CommissionPct,tbl_invoice.InvoiceAmount,tbl_invoice.InvoiceDate,tbl_sales_rep.Name","commissions,temporal",trx_comm_by_rep_year,29
T0015,easy,How many sales orders were placed in 2025?,"SELECT COUNT(*) AS order_count
  FROM ""tbl_sales_order""
  WHERE EXTRACT(YEAR FROM ""DateOrdered"") = 2025;",tbl_sales_order,tbl_sales_order.DateOrdered,"sales_orders,aggregation,temporal",trx_agg_so_count_year,2
T0335,hard,Which stock items have never been purchased on a purchase order?,"SELECT i.""Item"", i.""Description"", i.""StockUOM"", i.""StandardCost""
  FROM ""tbl_item"" i
  WHERE i.""Type"" = 'STOCK'
    AND NOT EXISTS (
      SELECT 1 FROM ""tbl_purchase_order_line"" l WHERE l.""Item"" = i.""Item""
    )
  ORDER BY i.""Item"";","tbl_item,tbl_purchase_order_line","tbl_item.Item,tbl_item.Type,tbl_purchase_order_line.Item","inventory,anti_join",trx_antijoin_items_no_po,18
T0076,hard,Which customers placed no sales orders in 2024?,"SELECT c.""Customer"", c.""Name"", c.""ARBalance""
  FROM ""tbl_customer"" c
  WHERE NOT EXISTS (
    SELECT 1 FROM ""tbl_sales_order"" s
    WHERE s.""CustomerShipTo"" = c.""Customer""
      AND EXTRACT(YEAR FROM s.""DateOrdered"") = 2024
  )
  ORDER BY c.""Name"";","tbl_customer,tbl_sales_order","tbl_customer.Customer,tbl_sales_order.CustomerShipTo,tbl_sales_order.DateOrdered","customers,anti_join,temporal",trx_antijoin_customers_no_orders_year,8
T0516,medium,How many sales orders were in each status in 2023?,"SELECT ""Status"", COUNT(*) AS order_count
  FROM ""tbl_sales_order""
  WHERE EXTRACT(YEAR FROM ""DateOrdered"") = 2023
  GROUP BY ""Status""
  ORDER BY order_count DESC;",tbl_sales_order,"tbl_sales_order.Status,tbl_sales_order.DateOrdered","sales_orders,aggregation,temporal",trx_status_so_by_status_year,33
T0040,medium,Who are the top 10 customers by AR balance?,"SELECT ""Customer"", ""Name"", ""ARBalance""
  FROM ""tbl_customer""
  WHERE ""ARBalance"" IS NOT NULL
  ORDER BY ""ARBalance"" DESC
  LIMIT 10;",tbl_customer,"tbl_customer.ARBalance,tbl_customer.Name","accounts_receivable,customers,top_n",trx_topn_customers_by_ar,5
T0401,hard,"Summarize work order costs: total estimated, total completed, and variance by assembly status.","WITH wo_costs AS (
    SELECT w.""AssemblyStatus"",
           SUM(wi.""EstimatedExtendedCost"") AS total_estimated,
           SUM(wi.""ExtendedCostCompleted"") AS total_completed
    FROM ""tbl_work_order"" w
    JOIN ""tbl_work_order_item"" wi ON wi.""WorkOrderNumber"" = w.""WorkOrderNumber""
    GROUP BY w.""AssemblyStatus""
  )
  SELECT ""AssemblyStatus"",
         total_estimated,
         total_completed,
         total_estimated - COALESCE(total_completed, 0) AS variance
  FROM wo_costs
  ORDER BY total_estimated DESC NULLS LAST;","tbl_work_order,tbl_work_order_item","tbl_work_order.AssemblyStatus,tbl_work_order_item.EstimatedExtendedCost,tbl_work_order_item.ExtendedCostCompleted","warehouse,cte",trx_cte_wip_cost_summary,22
T0508,hard,What is the average unit cost vs unit price for items invoiced in 2025?,"SELECT il.""Item"",
         AVG(il.""UnitPrice"") AS avg_unit_price,
         AVG(il.""Cost"") AS avg_unit_cost,
         AVG(il.""UnitPrice"" - il.""Cost"") AS avg_margin
  FROM ""tbl_invoice"" i
  JOIN ""tbl_invoice_line"" il ON il.""InvoiceNumber"" = i.""InvoiceNumber""
  WHERE EXTRACT(YEAR FROM i.""InvoiceDate"") = 2025
    AND il.""Item"" IS NOT NULL AND il.""Item"" != ''
    AND il.""UnitPrice"" > 0
  GROUP BY il.""Item""
  ORDER BY avg_margin DESC NULLS LAST
  LIMIT 20;","tbl_invoice,tbl_invoice_line","tbl_invoice_line.Item,tbl_invoice_line.UnitPrice,tbl_invoice_line.Cost,tbl_invoice.InvoiceDate","inventory,accounts_receivable,temporal",trx_item_cost_vs_price_year,32
T0407,hard,Show all SO and invoice activity for customers in 2024.,"SELECT 'SO' AS activity_type,
         s.""SONumber"" AS reference,
         c.""Name"" AS customer_name,
         s.""DateOrdered""::date AS activity_date
  FROM ""tbl_sales_order"" s
  JOIN ""tbl_customer"" c ON c.""Customer"" = s.""CustomerShipTo""
  WHERE EXTRACT(YEAR FROM s.""DateOrdered"") = 2024
  UNION ALL
  SELECT 'INVOICE' AS activity_type,
         i.""InvoiceNumber"" AS reference,
         c.""Name"" AS customer_name,
         i.""InvoiceDate""::date AS activity_date
  FROM ""tbl_invoice"" i
  JOIN ""tbl_customer"" c ON c.""Customer"" = i.""Customer""
  WHERE EXTRACT(YEAR FROM i.""InvoiceDate"") = 2024
  ORDER BY customer_name, activity_date;","tbl_sales_order,tbl_invoice,tbl_customer","tbl_sales_order.CustomerShipTo,tbl_sales_order.DateOrdered,tbl_invoice.Customer,tbl_invoice.InvoiceDate","sales_orders,accounts_receivable,union,temporal",trx_union_so_invoice_customer_year,23
T0318,hard,What is the total quantity purchased per item in 2025?,"SELECT l.""Item"", im.""Description"",
         SUM(NULLIF(l.""Quantity"", '')::numeric) AS total_qty_purchased
  FROM ""tbl_purchase_order"" p
  JOIN ""tbl_purchase_order_line"" l ON l.""PONumber"" = p.""PONumber""
  JOIN ""tbl_item"" im ON im.""Item"" = l.""Item""
  WHERE EXTRACT(YEAR FROM p.""OrderDate"") = 2025
    AND l.""Item"" IS NOT NULL AND l.""Item"" != ''
  GROUP BY l.""Item"", im.""Description""
  ORDER BY total_qty_purchased DESC NULLS LAST
  LIMIT 20;","tbl_purchase_order,tbl_purchase_order_line,tbl_item","tbl_purchase_order.OrderDate,tbl_purchase_order_line.Item,tbl_purchase_order_line.Quantity,tbl_item.Description","purchasing,inventory,join,temporal",trx_3join_po_line_item_year,17
T0528,medium,How many pick tickets were in each status in 2025?,"SELECT ""Status"", COUNT(*) AS pt_count
  FROM ""tbl_pick_ticket""
  WHERE ""DateShipped"" IS NOT NULL
    AND EXTRACT(YEAR FROM ""DateShipped"") = 2025
  GROUP BY ""Status""
  ORDER BY pt_count DESC;",tbl_pick_ticket,"tbl_pick_ticket.Status,tbl_pick_ticket.DateShipped","warehouse,aggregation,temporal",trx_status_pt_by_status_year,33
T0188,medium,What are the top 5 items by invoice quantity in 2021?,"SELECT il.""Item"",
         SUM(NULLIF(il.""Quantity"", '')::numeric) AS total_qty_invoiced
  FROM ""tbl_invoice"" i
  JOIN ""tbl_invoice_line"" il ON il.""InvoiceNumber"" = i.""InvoiceNumber""
  WHERE EXTRACT(YEAR FROM i.""InvoiceDate"") = 2021
    AND il.""Item"" IS NOT NULL AND il.""Item"" != ''
  GROUP BY il.""Item""
  ORDER BY total_qty_invoiced DESC NULLS LAST
  LIMIT 5;","tbl_invoice,tbl_invoice_line","tbl_invoice_line.Item,tbl_invoice_line.Quantity,tbl_invoice.InvoiceDate","inventory,accounts_receivable,top_n,temporal",trx_topn_items_invoiced_year,14
T0179,medium,Who are the top 5 vendors by AP balance?,"SELECT ""Vendor"", ""Name"", ""APBalance""
  FROM ""tbl_vendor""
  WHERE ""APBalance"" IS NOT NULL AND ""APBalance"" > 0
  ORDER BY ""APBalance"" DESC
  LIMIT 5;",tbl_vendor,"tbl_vendor.APBalance,tbl_vendor.Name","vendors,accounts_payable,top_n",trx_topn_vendors_by_ap,14
T0325,hard,What is the total invoiced amount by customer state in 2022?,"SELECT c.""StateOrProvince"",
         COUNT(DISTINCT i.""Customer"") AS customer_count,
         COUNT(i.""InvoiceNumber"") AS invoice_count,
         SUM(i.""InvoiceAmount"") AS total_invoiced
  FROM ""tbl_invoice"" i
  JOIN ""tbl_customer"" c ON c.""Customer"" = i.""Customer""
  WHERE EXTRACT(YEAR FROM i.""InvoiceDate"") = 2022
    AND c.""StateOrProvince"" IS NOT NULL
  GROUP BY c.""StateOrProvince""
  ORDER BY total_invoiced DESC;","tbl_invoice,tbl_customer","tbl_invoice.Customer,tbl_invoice.InvoiceAmount,tbl_invoice.InvoiceDate,tbl_customer.StateOrProvince","accounts_receivable,customers,join,temporal",trx_3join_invoice_customer_state_year,17
T0418,hard,Which customers placed sales orders in 2025 but received no invoices in 2025?,"SELECT ""CustomerShipTo"" AS customer_code
  FROM ""tbl_sales_order""
  WHERE EXTRACT(YEAR FROM ""DateOrdered"") = 2025
  EXCEPT
  SELECT ""Customer"" AS customer_code
  FROM ""tbl_invoice""
  WHERE EXTRACT(YEAR FROM ""InvoiceDate"") = 2025
  ORDER BY customer_code;","tbl_sales_order,tbl_invoice","tbl_sales_order.CustomerShipTo,tbl_sales_order.DateOrdered,tbl_invoice.Customer,tbl_invoice.InvoiceDate","customers,except,temporal",trx_except_customers_so_not_invoiced_year,24
T0480,hard,What is the total commission amount by sales rep in 2024?,"SELECT r.""Name"" AS rep_name,
         COUNT(c.""InvoiceNumber"") AS invoice_lines,
         ROUND(AVG(c.""CommissionPct""), 4) AS avg_commission_pct
  FROM ""tbl_tiered_commission"" c
  JOIN ""tbl_sales_rep"" r ON r.""SalesRep"" = c.""SalesRep""
  JOIN ""tbl_invoice"" i ON i.""InvoiceNumber"" = c.""InvoiceNumber""
  WHERE EXTRACT(YEAR FROM i.""InvoiceDate"") = 2024
  GROUP BY r.""Name""
  ORDER BY invoice_lines DESC;","tbl_tiered_commission,tbl_sales_rep,tbl_invoice","tbl_tiered_commission.SalesRep,tbl_tiered_commission.CommissionPct,tbl_invoice.InvoiceAmount,tbl_invoice.InvoiceDate,tbl_sales_rep.Name","commissions,temporal",trx_comm_by_rep_year,29
T0279,medium,How many items were on each confirmed pick ticket?,"SELECT pt.""PickTicketNumber"", pt.""Location"", pt.""DateShipped"",
         COUNT(ptl.""Item"") AS item_count
  FROM ""tbl_pick_ticket"" pt
  JOIN ""tbl_pick_ticket_line"" ptl ON ptl.""PickTicketNumber"" = pt.""PickTicketNumber""
  WHERE pt.""Status"" = 'CONFRM'
  GROUP BY pt.""PickTicketNumber"", pt.""Location"", pt.""DateShipped""
  ORDER BY item_count DESC;","tbl_pick_ticket,tbl_pick_ticket_line","tbl_pick_ticket.Status,tbl_pick_ticket_line.PickTicketNumber","warehouse,header_detail",trx_hdr_pt_item_count,15
T0201,medium,What are the top 10 items by invoice quantity in 2025?,"SELECT il.""Item"",
         SUM(NULLIF(il.""Quantity"", '')::numeric) AS total_qty_invoiced
  FROM ""tbl_invoice"" i
  JOIN ""tbl_invoice_line"" il ON il.""InvoiceNumber"" = i.""InvoiceNumber""
  WHERE EXTRACT(YEAR FROM i.""InvoiceDate"") = 2025
    AND il.""Item"" IS NOT NULL AND il.""Item"" != ''
  GROUP BY il.""Item""
  ORDER BY total_qty_invoiced DESC NULLS LAST
  LIMIT 10;","tbl_invoice,tbl_invoice_line","tbl_invoice_line.Item,tbl_invoice_line.Quantity,tbl_invoice.InvoiceDate","inventory,accounts_receivable,top_n,temporal",trx_topn_items_invoiced_year,14
T0238,medium,What are the top 3 items by total quantity purchased in 2023?,"SELECT l.""Item"",
         SUM(NULLIF(l.""Quantity"", '')::numeric) AS total_qty_ordered
  FROM ""tbl_purchase_order"" p
  JOIN ""tbl_purchase_order_line"" l ON l.""PONumber"" = p.""PONumber""
  WHERE EXTRACT(YEAR FROM p.""OrderDate"") = 2023
    AND l.""Item"" IS NOT NULL AND l.""Item"" != ''
  GROUP BY l.""Item""
  ORDER BY total_qty_ordered DESC NULLS LAST
  LIMIT 3;","tbl_purchase_order,tbl_purchase_order_line","tbl_purchase_order_line.Item,tbl_purchase_order_line.Quantity,tbl_purchase_order.OrderDate","inventory,purchasing,top_n,temporal",trx_topn_items_po_qty_year,14
T0340,hard,Which active customers placed no sales orders in 2022?,"SELECT c.""Customer"", c.""Name"", c.""StateOrProvince"", c.""ARBalance""
  FROM ""tbl_customer"" c
  WHERE c.""Status"" = 'ACTIVE'
    AND NOT EXISTS (
      SELECT 1 FROM ""tbl_sales_order"" s
      WHERE s.""CustomerShipTo"" = c.""Customer""
        AND EXTRACT(YEAR FROM s.""DateOrdered"") = 2022
    )
  ORDER BY c.""Name"";","tbl_customer,tbl_sales_order","tbl_customer.Customer,tbl_customer.Status,tbl_sales_order.CustomerShipTo,tbl_sales_order.DateOrdered","customers,anti_join,temporal",trx_antijoin_customers_no_so_year,18
T0100,easy,List all active customers.,"SELECT ""Customer"", ""Name"", ""City"", ""StateOrProvince"", ""ARBalance""
  FROM ""tbl_customer""
  WHERE ""Status"" = 'ACTIVE'
  ORDER BY ""Name"";",tbl_customer,tbl_customer.Status,"customers,lookup",trx_lookup_active_customers,11
T0488,medium,Which items are marked as dead (IsDead) at any location?,"SELECT DISTINCT il.""Item"", im.""Description"", im.""Type"",
         COUNT(il.""Location"") AS dead_location_count
  FROM ""tbl_item_location"" il
  JOIN ""tbl_item"" im ON im.""Item"" = il.""Item""
  WHERE il.""IsDead"" = true
  GROUP BY il.""Item"", im.""Description"", im.""Type""
  ORDER BY dead_location_count DESC;","tbl_item_location,tbl_item","tbl_item_location.IsDead,tbl_item.Description","inventory,lookup",trx_itemloc_dead_items,30
T0270,medium,Who are the top 10 customers by sales order count in 2023?,"SELECT c.""Name"" AS customer_name, COUNT(s.""SONumber"") AS so_count
  FROM ""tbl_sales_order"" s
  JOIN ""tbl_customer"" c ON c.""Customer"" = s.""CustomerShipTo""
  WHERE EXTRACT(YEAR FROM s.""DateOrdered"") = 2023
  GROUP BY c.""Name""
  ORDER BY so_count DESC
  LIMIT 10;","tbl_sales_order,tbl_customer","tbl_sales_order.CustomerShipTo,tbl_sales_order.DateOrdered,tbl_customer.Name","sales_orders,customers,top_n,temporal",trx_topn_customers_so_year,14
T0255,medium,Who are the top 10 sales reps by SO line count in 2023?,"SELECT r.""Name"" AS rep_name, COUNT(lr.""SOLineNumber"") AS line_count
  FROM ""tbl_sales_order"" s
  JOIN ""tbl_so_line_rep"" lr ON lr.""SONumber"" = s.""SONumber""
  JOIN ""tbl_sales_rep"" r ON r.""SalesRep"" = lr.""SalesRep""
  WHERE EXTRACT(YEAR FROM s.""DateOrdered"") = 2023
  GROUP BY r.""Name""
  ORDER BY line_count DESC
  LIMIT 10;","tbl_sales_order,tbl_so_line_rep,tbl_sales_rep","tbl_so_line_rep.SalesRep,tbl_sales_rep.Name,tbl_sales_order.DateOrdered","sales_orders,commissions,top_n,temporal",trx_topn_reps_lines_year,14
T0016,easy,How many items are there by item type?,"SELECT ""Type"", COUNT(*) AS item_count
  FROM ""tbl_item""
  GROUP BY ""Type""
  ORDER BY item_count DESC;",tbl_item,tbl_item.Type,"inventory,aggregation",trx_agg_items_by_type,2
T0490,medium,How many sales orders are there by payment terms?,"SELECT ""PaymentTerms"", COUNT(*) AS order_count
  FROM ""tbl_sales_order""
  WHERE ""PaymentTerms"" IS NOT NULL AND ""PaymentTerms"" != ''
  GROUP BY ""PaymentTerms""
  ORDER BY order_count DESC;",tbl_sales_order,tbl_sales_order.PaymentTerms,"sales_orders,aggregation",trx_pay_so_by_payment_terms,31
T0323,hard,What is the total quantity shipped per item in 2025?,"SELECT ptl.""Item"", im.""Description"",
         SUM(NULLIF(ptl.""QuantityShipped"", '')::numeric) AS total_shipped
  FROM ""tbl_pick_ticket"" pt
  JOIN ""tbl_pick_ticket_line"" ptl ON ptl.""PickTicketNumber"" = pt.""PickTicketNumber""
  JOIN ""tbl_item"" im ON im.""Item"" = ptl.""Item""
  WHERE pt.""Status"" = 'CONFRM'
    AND EXTRACT(YEAR FROM pt.""DateShipped"") = 2025
    AND ptl.""Item"" IS NOT NULL AND ptl.""Item"" != ''
  GROUP BY ptl.""Item"", im.""Description""
  ORDER BY total_shipped DESC NULLS LAST
  LIMIT 20;","tbl_pick_ticket,tbl_pick_ticket_line,tbl_item","tbl_pick_ticket.DateShipped,tbl_pick_ticket_line.Item,tbl_pick_ticket_line.QuantityShipped,tbl_item.Description","warehouse,inventory,join,temporal",trx_3join_pt_item_shipped_year,17
T0222,medium,Who are the top 10 vendors by number of purchase orders in 2022?,"SELECT v.""Name"" AS vendor_name, COUNT(p.""PONumber"") AS po_count
  FROM ""tbl_purchase_order"" p
  JOIN ""tbl_vendor"" v ON v.""Vendor"" = p.""VendorPurchaseFrom""
  WHERE EXTRACT(YEAR FROM p.""OrderDate"") = 2022
  GROUP BY v.""Name""
  ORDER BY po_count DESC
  LIMIT 10;","tbl_purchase_order,tbl_vendor","tbl_purchase_order.VendorPurchaseFrom,tbl_purchase_order.OrderDate,tbl_vendor.Name","purchasing,vendors,top_n,temporal",trx_topn_vendors_po_year,14
T0363,medium,Which GL accounts have more than 10 journal entries?,"SELECT je.""AccountNumber"", a.""Description"", a.""AccountType"",
         COUNT(*) AS entry_count
  FROM ""tbl_je_line_item"" je
  JOIN ""tbl_gl_account"" a ON a.""AccountId"" = je.""AccountNumber""
  GROUP BY je.""AccountNumber"", a.""Description"", a.""AccountType""
  HAVING COUNT(*) > 10
  ORDER BY entry_count DESC;","tbl_je_line_item,tbl_gl_account","tbl_je_line_item.AccountNumber,tbl_gl_account.Description","general_ledger,having",trx_having_gl_accounts_min_entries,19
T0341,hard,Which active customers placed no sales orders in 2023?,"SELECT c.""Customer"", c.""Name"", c.""StateOrProvince"", c.""ARBalance""
  FROM ""tbl_customer"" c
  WHERE c.""Status"" = 'ACTIVE'
    AND NOT EXISTS (
      SELECT 1 FROM ""tbl_sales_order"" s
      WHERE s.""CustomerShipTo"" = c.""Customer""
        AND EXTRACT(YEAR FROM s.""DateOrdered"") = 2023
    )
  ORDER BY c.""Name"";","tbl_customer,tbl_sales_order","tbl_customer.Customer,tbl_customer.Status,tbl_sales_order.CustomerShipTo,tbl_sales_order.DateOrdered","customers,anti_join,temporal",trx_antijoin_customers_no_so_year,18
T0289,medium,What was the total invoiced amount per customer in 2022?,"SELECT c.""Name"" AS customer_name,
         COUNT(i.""InvoiceNumber"") AS invoice_count,
         SUM(i.""InvoiceAmount"") AS total_invoiced,
         SUM(COALESCE(i.""PaidAmount"", 0)) AS total_paid
  FROM ""tbl_invoice"" i
  JOIN ""tbl_customer"" c ON c.""Customer"" = i.""Customer""
  WHERE EXTRACT(YEAR FROM i.""InvoiceDate"") = 2022
  GROUP BY c.""Name""
  ORDER BY total_invoiced DESC;","tbl_invoice,tbl_customer","tbl_invoice.Customer,tbl_invoice.InvoiceAmount,tbl_invoice.InvoiceDate,tbl_customer.Name","accounts_receivable,customers,join,temporal",trx_join_invoice_customer_year,16
T0512,medium,How many open purchase orders does each vendor have as of 2024?,"SELECT v.""Name"" AS vendor_name,
         COUNT(p.""PONumber"") AS open_po_count
  FROM ""tbl_purchase_order"" p
  JOIN ""tbl_vendor"" v ON v.""Vendor"" = p.""VendorPurchaseFrom""
  WHERE p.""Status"" = 'OPEN'
    AND EXTRACT(YEAR FROM p.""OrderDate"") <= 2024
  GROUP BY v.""Name""
  ORDER BY open_po_count DESC;","tbl_purchase_order,tbl_vendor","tbl_purchase_order.Status,tbl_purchase_order.OrderDate,tbl_purchase_order.VendorPurchaseFrom,tbl_vendor.Name","purchasing,vendors,aggregation,temporal",trx_status_open_po_by_vendor_year,33
T0043,medium,How many sales orders were placed each month in 2023?,"SELECT DATE_TRUNC('month', ""DateOrdered"") AS month,
         COUNT(*) AS order_count
  FROM ""tbl_sales_order""
  WHERE EXTRACT(YEAR FROM ""DateOrdered"") = 2023
  GROUP BY month
  ORDER BY month;",tbl_sales_order,tbl_sales_order.DateOrdered,"sales_orders,temporal,aggregation",trx_temp_so_by_month,6
T0486,hard,How many commission lines does each sales rep have per customer in 2025?,"SELECT r.""Name"" AS rep_name,
         c.""Name"" AS customer_name,
         COUNT(cr.""InvoiceNumber"") AS commission_lines
  FROM ""tbl_tiered_commission"" cr
  JOIN ""tbl_sales_rep"" r ON r.""SalesRep"" = cr.""SalesRep""
  JOIN ""tbl_invoice"" i ON i.""InvoiceNumber"" = cr.""InvoiceNumber""
  JOIN ""tbl_customer"" c ON c.""Customer"" = i.""Customer""
  WHERE EXTRACT(YEAR FROM i.""InvoiceDate"") = 2025
  GROUP BY r.""Name"", c.""Name""
  ORDER BY commission_lines DESC
  LIMIT 20;","tbl_tiered_commission,tbl_sales_rep,tbl_invoice,tbl_customer","tbl_tiered_commission.SalesRep,tbl_invoice.Customer,tbl_invoice.InvoiceDate,tbl_sales_rep.Name,tbl_customer.Name","commissions,customers,temporal",trx_comm_rep_by_customer_year,29
T0511,medium,How many open purchase orders does each vendor have as of 2023?,"SELECT v.""Name"" AS vendor_name,
         COUNT(p.""PONumber"") AS open_po_count
  FROM ""tbl_purchase_order"" p
  JOIN ""tbl_vendor"" v ON v.""Vendor"" = p.""VendorPurchaseFrom""
  WHERE p.""Status"" = 'OPEN'
    AND EXTRACT(YEAR FROM p.""OrderDate"") <= 2023
  GROUP BY v.""Name""
  ORDER BY open_po_count DESC;","tbl_purchase_order,tbl_vendor","tbl_purchase_order.Status,tbl_purchase_order.OrderDate,tbl_purchase_order.VendorPurchaseFrom,tbl_vendor.Name","purchasing,vendors,aggregation,temporal",trx_status_open_po_by_vendor_year,33
T0008,easy,Show all confirmed pick tickets.,"SELECT ""PickTicketNumber"", ""OrderType"", ""Location"", ""DateShipped""
  FROM ""tbl_pick_ticket""
  WHERE ""Status"" = 'CONFRM'
  ORDER BY ""DateShipped"" DESC;",tbl_pick_ticket,tbl_pick_ticket.Status,"warehouse,lookup",trx_lookup_confirmed_picktickets,1
T0540,hard,Which items were ordered on SOs but have no stock at any location in 2024?,"SELECT DISTINCT sl.""Item""
  FROM ""tbl_so_line"" sl
  JOIN ""tbl_sales_order"" s ON s.""SONumber"" = sl.""SONumber""
  WHERE EXTRACT(YEAR FROM s.""DateOrdered"") = 2024
    AND sl.""Item"" IS NOT NULL AND sl.""Item"" != ''
    AND NOT EXISTS (
      SELECT 1 FROM ""tbl_item_location"" il
      WHERE il.""Item"" = sl.""Item""
        AND NULLIF(il.""QuantityOnHand"", '')::numeric > 0
    )
  ORDER BY sl.""Item"";","tbl_sales_order,tbl_so_line,tbl_item_location","tbl_so_line.Item,tbl_sales_order.DateOrdered,tbl_item_location.QuantityOnHand","inventory,anti_join,temporal",trx_inv_items_all_locations_year,34
T0292,medium,What was the total invoiced amount per customer in 2025?,"SELECT c.""Name"" AS customer_name,
         COUNT(i.""InvoiceNumber"") AS invoice_count,
         SUM(i.""InvoiceAmount"") AS total_invoiced,
         SUM(COALESCE(i.""PaidAmount"", 0)) AS total_paid
  FROM ""tbl_invoice"" i
  JOIN ""tbl_customer"" c ON c.""Customer"" = i.""Customer""
  WHERE EXTRACT(YEAR FROM i.""InvoiceDate"") = 2025
  GROUP BY c.""Name""
  ORDER BY total_invoiced DESC;","tbl_invoice,tbl_customer","tbl_invoice.Customer,tbl_invoice.InvoiceAmount,tbl_invoice.InvoiceDate,tbl_customer.Name","accounts_receivable,customers,join,temporal",trx_join_invoice_customer_year,16
T0227,medium,Who are the top 5 vendors by number of purchase orders in 2024?,"SELECT v.""Name"" AS vendor_name, COUNT(p.""PONumber"") AS po_count
  FROM ""tbl_purchase_order"" p
  JOIN ""tbl_vendor"" v ON v.""Vendor"" = p.""VendorPurchaseFrom""
  WHERE EXTRACT(YEAR FROM p.""OrderDate"") = 2024
  GROUP BY v.""Name""
  ORDER BY po_count DESC
  LIMIT 5;","tbl_purchase_order,tbl_vendor","tbl_purchase_order.VendorPurchaseFrom,tbl_purchase_order.OrderDate,tbl_vendor.Name","purchasing,vendors,top_n,temporal",trx_topn_vendors_po_year,14
T0039,medium,Who are the top 5 customers by AR balance?,"SELECT ""Customer"", ""Name"", ""ARBalance""
  FROM ""tbl_customer""
  WHERE ""ARBalance"" IS NOT NULL
  ORDER BY ""ARBalance"" DESC
  LIMIT 5;",tbl_customer,"tbl_customer.ARBalance,tbl_customer.Name","accounts_receivable,customers,top_n",trx_topn_customers_by_ar,5
T0352,medium,Which items are stocked at more than 3 locations?,"SELECT ""Item"", COUNT(DISTINCT ""Location"") AS location_count
  FROM ""tbl_item_location""
  GROUP BY ""Item""
  HAVING COUNT(DISTINCT ""Location"") > 3
  ORDER BY location_count DESC;",tbl_item_location,"tbl_item_location.Item,tbl_item_location.Location","inventory,having",trx_having_items_multi_location,19
T0449,medium,How many work orders are in COMPLT status by work center?,"SELECT ""WorkCenter"", COUNT(*) AS wo_count
  FROM ""tbl_work_order""
  WHERE ""AssemblyStatus"" = 'COMPLT'
    AND ""WorkCenter"" IS NOT NULL
  GROUP BY ""WorkCenter""
  ORDER BY wo_count DESC;",tbl_work_order,"tbl_work_order.AssemblyStatus,tbl_work_order.WorkCenter","warehouse,aggregation",trx_wo_by_status_detail,26
T0295,medium,What was the total PO value placed with each vendor in 2023?,"SELECT v.""Name"" AS vendor_name,
         COUNT(DISTINCT p.""PONumber"") AS po_count,
         SUM(NULLIF(l.""Quantity"", '')::numeric * l.""UnitCost"") AS total_po_value
  FROM ""tbl_purchase_order"" p
  JOIN ""tbl_purchase_order_line"" l ON l.""PONumber"" = p.""PONumber""
  JOIN ""tbl_vendor"" v ON v.""Vendor"" = p.""VendorPurchaseFrom""
  WHERE EXTRACT(YEAR FROM p.""OrderDate"") = 2023
  GROUP BY v.""Name""
  ORDER BY total_po_value DESC NULLS LAST;","tbl_purchase_order,tbl_purchase_order_line,tbl_vendor","tbl_purchase_order.VendorPurchaseFrom,tbl_purchase_order.OrderDate,tbl_purchase_order_line.UnitCost,tbl_purchase_order_line.Quantity,tbl_vendor.Name","purchasing,vendors,join,temporal",trx_join_po_vendor_year,16
T0094,easy,List all closed sales orders placed in 2022.,"SELECT ""SONumber"", ""CustomerShipTo"", ""DateOrdered"", ""Type""
  FROM ""tbl_sales_order""
  WHERE ""Status"" = 'CLOSED'
    AND EXTRACT(YEAR FROM ""DateOrdered"") = 2022
  ORDER BY ""DateOrdered"" DESC;",tbl_sales_order,"tbl_sales_order.Status,tbl_sales_order.DateOrdered","sales_orders,lookup,temporal",trx_lookup_closed_so_year,11
T0281,medium,What is the total quantity ordered vs shipped per open sales order?,"SELECT s.""SONumber"", s.""CustomerShipTo"",
         SUM(NULLIF(l.""Quantity"", '')::numeric) AS total_ordered,
         SUM(NULLIF(l.""QuantityShipped"", '')::numeric) AS total_shipped
  FROM ""tbl_sales_order"" s
  JOIN ""tbl_so_line"" l ON l.""SONumber"" = s.""SONumber""
  WHERE s.""Status"" = 'OPEN'
  GROUP BY s.""SONumber"", s.""CustomerShipTo""
  ORDER BY total_ordered DESC NULLS LAST;","tbl_sales_order,tbl_so_line","tbl_sales_order.Status,tbl_so_line.Quantity,tbl_so_line.QuantityShipped","sales_orders,header_detail",trx_hdr_so_qty_vs_shipped,15
T0416,hard,Which customers placed sales orders in 2023 but received no invoices in 2023?,"SELECT ""CustomerShipTo"" AS customer_code
  FROM ""tbl_sales_order""
  WHERE EXTRACT(YEAR FROM ""DateOrdered"") = 2023
  EXCEPT
  SELECT ""Customer"" AS customer_code
  FROM ""tbl_invoice""
  WHERE EXTRACT(YEAR FROM ""InvoiceDate"") = 2023
  ORDER BY customer_code;","tbl_sales_order,tbl_invoice","tbl_sales_order.CustomerShipTo,tbl_sales_order.DateOrdered,tbl_invoice.Customer,tbl_invoice.InvoiceDate","customers,except,temporal",trx_except_customers_so_not_invoiced_year,24
T0230,medium,Who are the top 5 vendors by number of purchase orders in 2025?,"SELECT v.""Name"" AS vendor_name, COUNT(p.""PONumber"") AS po_count
  FROM ""tbl_purchase_order"" p
  JOIN ""tbl_vendor"" v ON v.""Vendor"" = p.""VendorPurchaseFrom""
  WHERE EXTRACT(YEAR FROM p.""OrderDate"") = 2025
  GROUP BY v.""Name""
  ORDER BY po_count DESC
  LIMIT 5;","tbl_purchase_order,tbl_vendor","tbl_purchase_order.VendorPurchaseFrom,tbl_purchase_order.OrderDate,tbl_vendor.Name","purchasing,vendors,top_n,temporal",trx_topn_vendors_po_year,14
T0474,hard,Which customers have an AR balance above the average?,"SELECT ""Customer"", ""Name"", ""ARBalance""
  FROM ""tbl_customer""
  WHERE ""ARBalance"" > (
    SELECT AVG(""ARBalance"") FROM ""tbl_customer"" WHERE ""ARBalance"" IS NOT NULL AND ""ARBalance"" > 0
  )
  ORDER BY ""ARBalance"" DESC;",tbl_customer,tbl_customer.ARBalance,"customers,accounts_receivable,correlated_subquery",trx_corr_customers_above_avg_ar,28
T0485,hard,How many commission lines does each sales rep have per customer in 2024?,"SELECT r.""Name"" AS rep_name,
         c.""Name"" AS customer_name,
         COUNT(cr.""InvoiceNumber"") AS commission_lines
  FROM ""tbl_tiered_commission"" cr
  JOIN ""tbl_sales_rep"" r ON r.""SalesRep"" = cr.""SalesRep""
  JOIN ""tbl_invoice"" i ON i.""InvoiceNumber"" = cr.""InvoiceNumber""
  JOIN ""tbl_customer"" c ON c.""Customer"" = i.""Customer""
  WHERE EXTRACT(YEAR FROM i.""InvoiceDate"") = 2024
  GROUP BY r.""Name"", c.""Name""
  ORDER BY commission_lines DESC
  LIMIT 20;","tbl_tiered_commission,tbl_sales_rep,tbl_invoice,tbl_customer","tbl_tiered_commission.SalesRep,tbl_invoice.Customer,tbl_invoice.InvoiceDate,tbl_sales_rep.Name,tbl_customer.Name","commissions,customers,temporal",trx_comm_rep_by_customer_year,29
T0128,medium,How many sales orders were placed each quarter in 2024?,"SELECT EXTRACT(QUARTER FROM ""DateOrdered"") AS quarter,
         COUNT(*) AS order_count
  FROM ""tbl_sales_order""
  WHERE EXTRACT(YEAR FROM ""DateOrdered"") = 2024
  GROUP BY quarter
  ORDER BY quarter;",tbl_sales_order,tbl_sales_order.DateOrdered,"sales_orders,temporal,aggregation",trx_temp_so_by_quarter,13
T0056,hard,What is the total quantity ordered per customer in 2021?,"SELECT c.""Name"" AS customer_name,
         COUNT(l.""SOLineNumber"") AS line_count,
         SUM(NULLIF(l.""Quantity"", '')::numeric) AS total_qty
  FROM ""tbl_sales_order"" s
  JOIN ""tbl_so_line"" l ON l.""SONumber"" = s.""SONumber""
  JOIN ""tbl_customer"" c ON c.""Customer"" = s.""CustomerShipTo""
  WHERE EXTRACT(YEAR FROM s.""DateOrdered"") = 2021
  GROUP BY c.""Name""
  ORDER BY total_qty DESC NULLS LAST;","tbl_sales_order,tbl_so_line,tbl_customer","tbl_sales_order.CustomerShipTo,tbl_so_line.Quantity,tbl_customer.Name","sales_orders,customers,join,temporal",trx_3join_so_customer_qty,7
T0358,medium,Which sales reps have more than 3 commission lines reported?,"SELECT r.""Name"" AS rep_name, COUNT(c.""InvoiceNumber"") AS commission_lines
  FROM ""tbl_tiered_commission"" c
  JOIN ""tbl_sales_rep"" r ON r.""SalesRep"" = c.""SalesRep""
  GROUP BY r.""Name""
  HAVING COUNT(c.""InvoiceNumber"") > 3
  ORDER BY commission_lines DESC;","tbl_tiered_commission,tbl_sales_rep","tbl_tiered_commission.SalesRep,tbl_sales_rep.Name","commissions,having",trx_having_reps_min_commission,19
T0207,medium,Who are the top 10 customers by total invoiced amount in 2022?,"SELECT c.""Name"" AS customer_name,
         COUNT(i.""InvoiceNumber"") AS invoice_count,
         SUM(i.""InvoiceAmount"") AS total_invoiced
  FROM ""tbl_invoice"" i
  JOIN ""tbl_customer"" c ON c.""Customer"" = i.""Customer""
  WHERE EXTRACT(YEAR FROM i.""InvoiceDate"") = 2022
  GROUP BY c.""Name""
  ORDER BY total_invoiced DESC
  LIMIT 10;","tbl_invoice,tbl_customer","tbl_invoice.Customer,tbl_invoice.InvoiceAmount,tbl_invoice.InvoiceDate,tbl_customer.Name","accounts_receivable,customers,top_n,temporal",trx_topn_customers_invoiced_year,14
T0032,medium,Who are the top 3 vendors by number of purchase orders?,"SELECT v.""Name"" AS vendor_name, COUNT(p.""PONumber"") AS po_count
  FROM ""tbl_purchase_order"" p
  JOIN ""tbl_vendor"" v ON v.""Vendor"" = p.""VendorPurchaseFrom""
  GROUP BY v.""Name""
  ORDER BY po_count DESC
  LIMIT 3;","tbl_purchase_order,tbl_vendor","tbl_purchase_order.VendorPurchaseFrom,tbl_vendor.Name","purchasing,vendors,top_n",trx_topn_vendors_by_po_count,5
T0051,medium,What was the total invoiced amount by month in 2021?,"SELECT DATE_TRUNC('month', ""InvoiceDate"") AS month,
         COUNT(*) AS invoice_count,
         SUM(""InvoiceAmount"") AS total_amount
  FROM ""tbl_invoice""
  WHERE EXTRACT(YEAR FROM ""InvoiceDate"") = 2021
  GROUP BY month
  ORDER BY month;",tbl_invoice,"tbl_invoice.InvoiceDate,tbl_invoice.InvoiceAmount","accounts_receivable,temporal,aggregation",trx_temp_invoice_total_by_month,6
T0526,medium,How many pick tickets were in each status in 2023?,"SELECT ""Status"", COUNT(*) AS pt_count
  FROM ""tbl_pick_ticket""
  WHERE ""DateShipped"" IS NOT NULL
    AND EXTRACT(YEAR FROM ""DateShipped"") = 2023
  GROUP BY ""Status""
  ORDER BY pt_count DESC;",tbl_pick_ticket,"tbl_pick_ticket.Status,tbl_pick_ticket.DateShipped","warehouse,aggregation,temporal",trx_status_pt_by_status_year,33
T0386,hard,What is the average days between order date and required date for sales orders in 2025?,"SELECT ROUND(AVG((""DateRequired""::date - ""DateOrdered""::date)), 1) AS avg_days_to_required
  FROM ""tbl_sales_order""
  WHERE EXTRACT(YEAR FROM ""DateOrdered"") = 2025
    AND ""DateRequired"" IS NOT NULL
    AND ""DateRequired"" > ""DateOrdered"";",tbl_sales_order,"tbl_sales_order.DateOrdered,tbl_sales_order.DateRequired","sales_orders,temporal",trx_datemath_so_to_required,21
T0211,medium,Who are the top 3 customers by total invoiced amount in 2024?,"SELECT c.""Name"" AS customer_name,
         COUNT(i.""InvoiceNumber"") AS invoice_count,
         SUM(i.""InvoiceAmount"") AS total_invoiced
  FROM ""tbl_invoice"" i
  JOIN ""tbl_customer"" c ON c.""Customer"" = i.""Customer""
  WHERE EXTRACT(YEAR FROM i.""InvoiceDate"") = 2024
  GROUP BY c.""Name""
  ORDER BY total_invoiced DESC
  LIMIT 3;","tbl_invoice,tbl_customer","tbl_invoice.Customer,tbl_invoice.InvoiceAmount,tbl_invoice.InvoiceDate,tbl_customer.Name","accounts_receivable,customers,top_n,temporal",trx_topn_customers_invoiced_year,14
T0455,hard,What are the top 3 items by total estimated work order cost?,"SELECT wi.""Item"", im.""Description"",
         COUNT(DISTINCT wi.""WorkOrderNumber"") AS wo_count,
         SUM(wi.""EstimatedExtendedCost"") AS total_est_cost
  FROM ""tbl_work_order_item"" wi
  JOIN ""tbl_item"" im ON im.""Item"" = wi.""Item""
  WHERE wi.""Item"" IS NOT NULL AND wi.""Item"" != ''
  GROUP BY wi.""Item"", im.""Description""
  ORDER BY total_est_cost DESC NULLS LAST
  LIMIT 3;","tbl_work_order_item,tbl_item","tbl_work_order_item.Item,tbl_work_order_item.EstimatedExtendedCost,tbl_item.Description","warehouse,inventory,top_n",trx_wo_top_items_by_cost,26
T0464,hard,What is the total GL posting amount by location in 2022?,"SELECT ""Location"",
         COUNT(*) AS entry_count,
         SUM(""DebitAmount"") AS total_debits,
         SUM(""CreditAmount"") AS total_credits
  FROM ""tbl_je_line_item""
  WHERE EXTRACT(YEAR FROM ""TransactionDate"") = 2022
    AND ""Location"" IS NOT NULL
  GROUP BY ""Location""
  ORDER BY total_debits DESC;",tbl_je_line_item,"tbl_je_line_item.Location,tbl_je_line_item.DebitAmount,tbl_je_line_item.TransactionDate","general_ledger,temporal",trx_gl_by_location_year,27
T0514,medium,How many sales orders were in each status in 2021?,"SELECT ""Status"", COUNT(*) AS order_count
  FROM ""tbl_sales_order""
  WHERE EXTRACT(YEAR FROM ""DateOrdered"") = 2021
  GROUP BY ""Status""
  ORDER BY order_count DESC;",tbl_sales_order,"tbl_sales_order.Status,tbl_sales_order.DateOrdered","sales_orders,aggregation,temporal",trx_status_so_by_status_year,33
T0509,medium,How many open purchase orders does each vendor have as of 2021?,"SELECT v.""Name"" AS vendor_name,
         COUNT(p.""PONumber"") AS open_po_count
  FROM ""tbl_purchase_order"" p
  JOIN ""tbl_vendor"" v ON v.""Vendor"" = p.""VendorPurchaseFrom""
  WHERE p.""Status"" = 'OPEN'
    AND EXTRACT(YEAR FROM p.""OrderDate"") <= 2021
  GROUP BY v.""Name""
  ORDER BY open_po_count DESC;","tbl_purchase_order,tbl_vendor","tbl_purchase_order.Status,tbl_purchase_order.OrderDate,tbl_purchase_order.VendorPurchaseFrom,tbl_vendor.Name","purchasing,vendors,aggregation,temporal",trx_status_open_po_by_vendor_year,33
T0049,medium,How many purchase orders were placed each month in 2024?,"SELECT DATE_TRUNC('month', ""OrderDate"") AS month,
         COUNT(*) AS po_count
  FROM ""tbl_purchase_order""
  WHERE EXTRACT(YEAR FROM ""OrderDate"") = 2024
  GROUP BY month
  ORDER BY month;",tbl_purchase_order,tbl_purchase_order.OrderDate,"purchasing,temporal,aggregation",trx_temp_po_by_month,6
T0098,easy,List all completed work orders.,"SELECT ""WorkOrderNumber"", ""Description"", ""OrderingLocation"", ""WorkCenter""
  FROM ""tbl_work_order""
  WHERE ""AssemblyStatus"" = 'COMPLT'
  ORDER BY ""WorkOrderNumber"";",tbl_work_order,tbl_work_order.AssemblyStatus,"warehouse,lookup",trx_lookup_completed_workorders,11
T0209,medium,Who are the top 5 customers by total invoiced amount in 2023?,"SELECT c.""Name"" AS customer_name,
         COUNT(i.""InvoiceNumber"") AS invoice_count,
         SUM(i.""InvoiceAmount"") AS total_invoiced
  FROM ""tbl_invoice"" i
  JOIN ""tbl_customer"" c ON c.""Customer"" = i.""Customer""
  WHERE EXTRACT(YEAR FROM i.""InvoiceDate"") = 2023
  GROUP BY c.""Name""
  ORDER BY total_invoiced DESC
  LIMIT 5;","tbl_invoice,tbl_customer","tbl_invoice.Customer,tbl_invoice.InvoiceAmount,tbl_invoice.InvoiceDate,tbl_customer.Name","accounts_receivable,customers,top_n,temporal",trx_topn_customers_invoiced_year,14
T0290,medium,What was the total invoiced amount per customer in 2023?,"SELECT c.""Name"" AS customer_name,
         COUNT(i.""InvoiceNumber"") AS invoice_count,
         SUM(i.""InvoiceAmount"") AS total_invoiced,
         SUM(COALESCE(i.""PaidAmount"", 0)) AS total_paid
  FROM ""tbl_invoice"" i
  JOIN ""tbl_customer"" c ON c.""Customer"" = i.""Customer""
  WHERE EXTRACT(YEAR FROM i.""InvoiceDate"") = 2023
  GROUP BY c.""Name""
  ORDER BY total_invoiced DESC;","tbl_invoice,tbl_customer","tbl_invoice.Customer,tbl_invoice.InvoiceAmount,tbl_invoice.InvoiceDate,tbl_customer.Name","accounts_receivable,customers,join,temporal",trx_join_invoice_customer_year,16
T0125,medium,How many sales orders were placed each quarter in 2021?,"SELECT EXTRACT(QUARTER FROM ""DateOrdered"") AS quarter,
         COUNT(*) AS order_count
  FROM ""tbl_sales_order""
  WHERE EXTRACT(YEAR FROM ""DateOrdered"") = 2021
  GROUP BY quarter
  ORDER BY quarter;",tbl_sales_order,tbl_sales_order.DateOrdered,"sales_orders,temporal,aggregation",trx_temp_so_by_quarter,13
T0243,medium,What are the top 10 items by total quantity purchased in 2024?,"SELECT l.""Item"",
         SUM(NULLIF(l.""Quantity"", '')::numeric) AS total_qty_ordered
  FROM ""tbl_purchase_order"" p
  JOIN ""tbl_purchase_order_line"" l ON l.""PONumber"" = p.""PONumber""
  WHERE EXTRACT(YEAR FROM p.""OrderDate"") = 2024
    AND l.""Item"" IS NOT NULL AND l.""Item"" != ''
  GROUP BY l.""Item""
  ORDER BY total_qty_ordered DESC NULLS LAST
  LIMIT 10;","tbl_purchase_order,tbl_purchase_order_line","tbl_purchase_order_line.Item,tbl_purchase_order_line.Quantity,tbl_purchase_order.OrderDate","inventory,purchasing,top_n,temporal",trx_topn_items_po_qty_year,14
T0068,hard,How many sales order lines does each sales rep have in 2022?,"SELECT r.""Name"" AS rep_name, COUNT(lr.""SOLineNumber"") AS line_count
  FROM ""tbl_sales_order"" s
  JOIN ""tbl_so_line_rep"" lr ON lr.""SONumber"" = s.""SONumber""
  JOIN ""tbl_sales_rep"" r ON r.""SalesRep"" = lr.""SalesRep""
  WHERE EXTRACT(YEAR FROM s.""DateOrdered"") = 2022
  GROUP BY r.""Name""
  ORDER BY line_count DESC;","tbl_sales_order,tbl_so_line_rep,tbl_sales_rep","tbl_so_line_rep.SalesRep,tbl_sales_rep.Name","sales_orders,commissions,join,temporal",trx_3join_so_rep_lines,7
T0324,hard,What is the total invoiced amount by customer state in 2021?,"SELECT c.""StateOrProvince"",
         COUNT(DISTINCT i.""Customer"") AS customer_count,
         COUNT(i.""InvoiceNumber"") AS invoice_count,
         SUM(i.""InvoiceAmount"") AS total_invoiced
  FROM ""tbl_invoice"" i
  JOIN ""tbl_customer"" c ON c.""Customer"" = i.""Customer""
  WHERE EXTRACT(YEAR FROM i.""InvoiceDate"") = 2021
    AND c.""StateOrProvince"" IS NOT NULL
  GROUP BY c.""StateOrProvince""
  ORDER BY total_invoiced DESC;","tbl_invoice,tbl_customer","tbl_invoice.Customer,tbl_invoice.InvoiceAmount,tbl_invoice.InvoiceDate,tbl_customer.StateOrProvince","accounts_receivable,customers,join,temporal",trx_3join_invoice_customer_state_year,17
T0110,easy,List all closed AP vouchers.,"SELECT ""VoucherNumber"", ""Vendor"", ""InvoiceAmount"", ""Type""
  FROM ""tbl_voucher""
  WHERE ""Status"" = 'CLOSED'
  ORDER BY ""VoucherNumber"" DESC;",tbl_voucher,tbl_voucher.Status,"accounts_payable,lookup",trx_lookup_vouchers_closed,11
T0337,hard,Which vendors have no AP vouchers?,"SELECT v.""Vendor"", v.""Name"", v.""APBalance""
  FROM ""tbl_vendor"" v
  WHERE NOT EXISTS (
    SELECT 1 FROM ""tbl_voucher"" u WHERE u.""Vendor"" = v.""Vendor""
  )
  ORDER BY v.""Name"";","tbl_vendor,tbl_voucher","tbl_vendor.Vendor,tbl_voucher.Vendor","vendors,accounts_payable,anti_join",trx_antijoin_vendors_no_voucher,18
T0471,hard,What is the total expense posted to each expense GL account in 2024?,"SELECT je.""AccountNumber"", a.""Description"",
         SUM(je.""DebitAmount"") AS total_debits
  FROM ""tbl_je_line_item"" je
  JOIN ""tbl_gl_account"" a ON a.""AccountId"" = je.""AccountNumber""
  WHERE a.""AccountType"" = 'EXP'
    AND EXTRACT(YEAR FROM je.""TransactionDate"") = 2024
  GROUP BY je.""AccountNumber"", a.""Description""
  ORDER BY total_debits DESC;","tbl_je_line_item,tbl_gl_account","tbl_je_line_item.AccountNumber,tbl_je_line_item.DebitAmount,tbl_je_line_item.TransactionDate,tbl_gl_account.AccountType","general_ledger,temporal",trx_gl_expense_accounts_year,27
T0122,easy,How many GL journal entries were posted in 2024?,"SELECT COUNT(*) AS entry_count
  FROM ""tbl_je_line_item""
  WHERE EXTRACT(YEAR FROM ""TransactionDate"") = 2024;",tbl_je_line_item,tbl_je_line_item.TransactionDate,"general_ledger,aggregation,temporal",trx_agg_gl_by_account_year,12
T0264,medium,Who are the top 10 customers by sales order count in 2021?,"SELECT c.""Name"" AS customer_name, COUNT(s.""SONumber"") AS so_count
  FROM ""tbl_sales_order"" s
  JOIN ""tbl_customer"" c ON c.""Customer"" = s.""CustomerShipTo""
  WHERE EXTRACT(YEAR FROM s.""DateOrdered"") = 2021
  GROUP BY c.""Name""
  ORDER BY so_count DESC
  LIMIT 10;","tbl_sales_order,tbl_customer","tbl_sales_order.CustomerShipTo,tbl_sales_order.DateOrdered,tbl_customer.Name","sales_orders,customers,top_n,temporal",trx_topn_customers_so_year,14
T0304,medium,What is the net GL balance by account type in 2021?,"SELECT a.""AccountType"",
         SUM(je.""DebitAmount"") AS total_debits,
         SUM(je.""CreditAmount"") AS total_credits,
         SUM(je.""DebitAmount"") - SUM(je.""CreditAmount"") AS net_balance
  FROM ""tbl_je_line_item"" je
  JOIN ""tbl_gl_account"" a ON a.""AccountId"" = je.""AccountNumber""
  WHERE EXTRACT(YEAR FROM je.""TransactionDate"") = 2021
  GROUP BY a.""AccountType""
  ORDER BY net_balance DESC;","tbl_je_line_item,tbl_gl_account","tbl_je_line_item.AccountNumber,tbl_je_line_item.DebitAmount,tbl_je_line_item.CreditAmount,tbl_je_line_item.TransactionDate,tbl_gl_account.AccountType","general_ledger,join,temporal",trx_join_gl_account_type_year,16
T0170,medium,How many work order components had required dates in each quarter of 2021?,"SELECT EXTRACT(QUARTER FROM ""DateRequired"") AS quarter,
         COUNT(*) AS component_count
  FROM ""tbl_work_order_item""
  WHERE ""DateRequired"" IS NOT NULL
    AND EXTRACT(YEAR FROM ""DateRequired"") = 2021
  GROUP BY quarter
  ORDER BY quarter;",tbl_work_order_item,tbl_work_order_item.DateRequired,"warehouse,temporal,aggregation",trx_temp_woi_by_quarter,13
T0507,hard,What is the average unit cost vs unit price for items invoiced in 2024?,"SELECT il.""Item"",
         AVG(il.""UnitPrice"") AS avg_unit_price,
         AVG(il.""Cost"") AS avg_unit_cost,
         AVG(il.""UnitPrice"" - il.""Cost"") AS avg_margin
  FROM ""tbl_invoice"" i
  JOIN ""tbl_invoice_line"" il ON il.""InvoiceNumber"" = i.""InvoiceNumber""
  WHERE EXTRACT(YEAR FROM i.""InvoiceDate"") = 2024
    AND il.""Item"" IS NOT NULL AND il.""Item"" != ''
    AND il.""UnitPrice"" > 0
  GROUP BY il.""Item""
  ORDER BY avg_margin DESC NULLS LAST
  LIMIT 20;","tbl_invoice,tbl_invoice_line","tbl_invoice_line.Item,tbl_invoice_line.UnitPrice,tbl_invoice_line.Cost,tbl_invoice.InvoiceDate","inventory,accounts_receivable,temporal",trx_item_cost_vs_price_year,32
T0035,medium,What are the top 3 most frequently ordered items?,"SELECT ""Item"", ""Description"", COUNT(*) AS order_line_count
  FROM ""tbl_so_line""
  WHERE ""Item"" IS NOT NULL AND ""Item"" != ''
  GROUP BY ""Item"", ""Description""
  ORDER BY order_line_count DESC
  LIMIT 3;",tbl_so_line,tbl_so_line.Item,"inventory,sales_orders,top_n",trx_topn_items_ordered,5
T0308,medium,What is the net GL balance by account type in 2025?,"SELECT a.""AccountType"",
         SUM(je.""DebitAmount"") AS total_debits,
         SUM(je.""CreditAmount"") AS total_credits,
         SUM(je.""DebitAmount"") - SUM(je.""CreditAmount"") AS net_balance
  FROM ""tbl_je_line_item"" je
  JOIN ""tbl_gl_account"" a ON a.""AccountId"" = je.""AccountNumber""
  WHERE EXTRACT(YEAR FROM je.""TransactionDate"") = 2025
  GROUP BY a.""AccountType""
  ORDER BY net_balance DESC;","tbl_je_line_item,tbl_gl_account","tbl_je_line_item.AccountNumber,tbl_je_line_item.DebitAmount,tbl_je_line_item.CreditAmount,tbl_je_line_item.TransactionDate,tbl_gl_account.AccountType","general_ledger,join,temporal",trx_join_gl_account_type_year,16
T0531,medium,How many AP vouchers were there by type in 2023?,"SELECT ""Type"", COUNT(*) AS voucher_count,
         SUM(""InvoiceAmount"") AS total_amount
  FROM ""tbl_voucher""
  WHERE EXTRACT(YEAR FROM ""PaymentTermsDueDate"") = 2023
  GROUP BY ""Type""
  ORDER BY voucher_count DESC;",tbl_voucher,"tbl_voucher.Type,tbl_voucher.PaymentTermsDueDate","accounts_payable,aggregation,temporal",trx_status_voucher_by_type_year,33
T0457,hard,What are the top 10 items by total estimated work order cost?,"SELECT wi.""Item"", im.""Description"",
         COUNT(DISTINCT wi.""WorkOrderNumber"") AS wo_count,
         SUM(wi.""EstimatedExtendedCost"") AS total_est_cost
  FROM ""tbl_work_order_item"" wi
  JOIN ""tbl_item"" im ON im.""Item"" = wi.""Item""
  WHERE wi.""Item"" IS NOT NULL AND wi.""Item"" != ''
  GROUP BY wi.""Item"", im.""Description""
  ORDER BY total_est_cost DESC NULLS LAST
  LIMIT 10;","tbl_work_order_item,tbl_item","tbl_work_order_item.Item,tbl_work_order_item.EstimatedExtendedCost,tbl_item.Description","warehouse,inventory,top_n",trx_wo_top_items_by_cost,26
T0004,easy,List all stock-type items.,"SELECT ""Item"", ""Description"", ""StockUOM"", ""StandardCost""
  FROM ""tbl_item""
  WHERE ""Type"" = 'STOCK'
  ORDER BY ""Item"";",tbl_item,tbl_item.Type,"inventory,lookup",trx_lookup_stock_items,1
T0404,hard,Show all SO and invoice activity for customers in 2021.,"SELECT 'SO' AS activity_type,
         s.""SONumber"" AS reference,
         c.""Name"" AS customer_name,
         s.""DateOrdered""::date AS activity_date
  FROM ""tbl_sales_order"" s
  JOIN ""tbl_customer"" c ON c.""Customer"" = s.""CustomerShipTo""
  WHERE EXTRACT(YEAR FROM s.""DateOrdered"") = 2021
  UNION ALL
  SELECT 'INVOICE' AS activity_type,
         i.""InvoiceNumber"" AS reference,
         c.""Name"" AS customer_name,
         i.""InvoiceDate""::date AS activity_date
  FROM ""tbl_invoice"" i
  JOIN ""tbl_customer"" c ON c.""Customer"" = i.""Customer""
  WHERE EXTRACT(YEAR FROM i.""InvoiceDate"") = 2021
  ORDER BY customer_name, activity_date;","tbl_sales_order,tbl_invoice,tbl_customer","tbl_sales_order.CustomerShipTo,tbl_sales_order.DateOrdered,tbl_invoice.Customer,tbl_invoice.InvoiceDate","sales_orders,accounts_receivable,union,temporal",trx_union_so_invoice_customer_year,23
T0505,hard,What is the average unit cost vs unit price for items invoiced in 2022?,"SELECT il.""Item"",
         AVG(il.""UnitPrice"") AS avg_unit_price,
         AVG(il.""Cost"") AS avg_unit_cost,
         AVG(il.""UnitPrice"" - il.""Cost"") AS avg_margin
  FROM ""tbl_invoice"" i
  JOIN ""tbl_invoice_line"" il ON il.""InvoiceNumber"" = i.""InvoiceNumber""
  WHERE EXTRACT(YEAR FROM i.""InvoiceDate"") = 2022
    AND il.""Item"" IS NOT NULL AND il.""Item"" != ''
    AND il.""UnitPrice"" > 0
  GROUP BY il.""Item""
  ORDER BY avg_margin DESC NULLS LAST
  LIMIT 20;","tbl_invoice,tbl_invoice_line","tbl_invoice_line.Item,tbl_invoice_line.UnitPrice,tbl_invoice_line.Cost,tbl_invoice.InvoiceDate","inventory,accounts_receivable,temporal",trx_item_cost_vs_price_year,32
T0436,medium,Which items at location HUDW are below their minimum shelf quantity?,"SELECT il.""Item"", im.""Description"",
         NULLIF(il.""QuantityOnHand"", '')::numeric AS qty_on_hand,
         NULLIF(il.""MinShelfQty"", '')::numeric AS min_shelf_qty
  FROM ""tbl_item_location"" il
  JOIN ""tbl_item"" im ON im.""Item"" = il.""Item""
  WHERE il.""Location"" = 'HUDW'
    AND NULLIF(il.""MinShelfQty"", '')::numeric > 0
    AND (
      NULLIF(il.""QuantityOnHand"", '')::numeric IS NULL
      OR NULLIF(il.""QuantityOnHand"", '')::numeric < NULLIF(il.""MinShelfQty"", '')::numeric
    )
  ORDER BY (NULLIF(il.""QuantityOnHand"", '')::numeric - NULLIF(il.""MinShelfQty"", '')::numeric) ASC NULLS FIRST;","tbl_item_location,tbl_item","tbl_item_location.Location,tbl_item_location.QuantityOnHand,tbl_item_location.MinShelfQty,tbl_item.Description","inventory,location",trx_loc_reorder_needed,25
T0410,hard,Which items were sold in 2022 but never purchased in 2022?,"SELECT sl.""Item""
  FROM ""tbl_so_line"" sl
  JOIN ""tbl_sales_order"" s ON s.""SONumber"" = sl.""SONumber""
  WHERE EXTRACT(YEAR FROM s.""DateOrdered"") = 2022
    AND sl.""Item"" IS NOT NULL AND sl.""Item"" != ''
  EXCEPT
  SELECT pl.""Item""
  FROM ""tbl_purchase_order_line"" pl
  JOIN ""tbl_purchase_order"" p ON p.""PONumber"" = pl.""PONumber""
  WHERE EXTRACT(YEAR FROM p.""OrderDate"") = 2022
    AND pl.""Item"" IS NOT NULL AND pl.""Item"" != ''
  ORDER BY ""Item"";","tbl_so_line,tbl_sales_order,tbl_purchase_order_line,tbl_purchase_order","tbl_so_line.Item,tbl_sales_order.DateOrdered,tbl_purchase_order_line.Item,tbl_purchase_order.OrderDate","inventory,except,temporal",trx_except_items_so_not_po_year,24
T0302,medium,What was the total AP voucher amount by vendor in 2024?,"SELECT vn.""Name"" AS vendor_name,
         COUNT(v.""VoucherNumber"") AS voucher_count,
         SUM(v.""InvoiceAmount"") AS total_amount
  FROM ""tbl_voucher"" v
  JOIN ""tbl_vendor"" vn ON vn.""Vendor"" = v.""Vendor""
  WHERE EXTRACT(YEAR FROM v.""PaymentTermsDueDate"") = 2024
  GROUP BY vn.""Name""
  ORDER BY total_amount DESC;","tbl_voucher,tbl_vendor","tbl_voucher.Vendor,tbl_voucher.InvoiceAmount,tbl_voucher.PaymentTermsDueDate,tbl_vendor.Name","accounts_payable,vendors,join,temporal",trx_join_voucher_vendor_year,16
T0011,easy,How many sales orders were placed in 2021?,"SELECT COUNT(*) AS order_count
  FROM ""tbl_sales_order""
  WHERE EXTRACT(YEAR FROM ""DateOrdered"") = 2021;",tbl_sales_order,tbl_sales_order.DateOrdered,"sales_orders,aggregation,temporal",trx_agg_so_count_year,2
T0174,medium,How many work order components had required dates in each quarter of 2025?,"SELECT EXTRACT(QUARTER FROM ""DateRequired"") AS quarter,
         COUNT(*) AS component_count
  FROM ""tbl_work_order_item""
  WHERE ""DateRequired"" IS NOT NULL
    AND EXTRACT(YEAR FROM ""DateRequired"") = 2025
  GROUP BY quarter
  ORDER BY quarter;",tbl_work_order_item,tbl_work_order_item.DateRequired,"warehouse,temporal,aggregation",trx_temp_woi_by_quarter,13
T0390,hard,What is the average lead time in days from PO order date to required date in 2023?,"SELECT ""OrderingLocation"",
         ROUND(AVG((""RequiredDate""::date - ""OrderDate""::date)), 1) AS avg_lead_days,
         COUNT(*) AS po_count
  FROM ""tbl_purchase_order""
  WHERE EXTRACT(YEAR FROM ""OrderDate"") = 2023
    AND ""RequiredDate"" IS NOT NULL
    AND ""RequiredDate"" > ""OrderDate""
  GROUP BY ""OrderingLocation""
  ORDER BY avg_lead_days DESC;",tbl_purchase_order,"tbl_purchase_order.OrderDate,tbl_purchase_order.RequiredDate","purchasing,temporal",trx_datemath_po_lead_time,21
T0116,easy,How many vendors are there by vendor type?,"SELECT ""Type"", COUNT(*) AS vendor_count
  FROM ""tbl_vendor""
  WHERE ""Type"" IS NOT NULL AND ""Type"" != ''
  GROUP BY ""Type""
  ORDER BY vendor_count DESC;",tbl_vendor,tbl_vendor.Type,"vendors,aggregation",trx_agg_vendor_by_type,12
T0415,hard,Which customers placed sales orders in 2022 but received no invoices in 2022?,"SELECT ""CustomerShipTo"" AS customer_code
  FROM ""tbl_sales_order""
  WHERE EXTRACT(YEAR FROM ""DateOrdered"") = 2022
  EXCEPT
  SELECT ""Customer"" AS customer_code
  FROM ""tbl_invoice""
  WHERE EXTRACT(YEAR FROM ""InvoiceDate"") = 2022
  ORDER BY customer_code;","tbl_sales_order,tbl_invoice","tbl_sales_order.CustomerShipTo,tbl_sales_order.DateOrdered,tbl_invoice.Customer,tbl_invoice.InvoiceDate","customers,except,temporal",trx_except_customers_so_not_invoiced_year,24
T0062,hard,What is the total revenue by item in 2021?,"SELECT il.""Item"", im.""Description"",
         SUM(NULLIF(il.""Quantity"", '')::numeric * il.""UnitPrice"") AS total_revenue
  FROM ""tbl_invoice"" i
  JOIN ""tbl_invoice_line"" il ON il.""InvoiceNumber"" = i.""InvoiceNumber""
  JOIN ""tbl_item"" im ON im.""Item"" = il.""Item""
  WHERE EXTRACT(YEAR FROM i.""InvoiceDate"") = 2021
    AND il.""Item"" IS NOT NULL AND il.""Item"" != ''
  GROUP BY il.""Item"", im.""Description""
  ORDER BY total_revenue DESC NULLS LAST
  LIMIT 20;","tbl_invoice,tbl_invoice_line,tbl_item","tbl_invoice_line.Item,tbl_invoice_line.UnitPrice,tbl_invoice_line.Quantity,tbl_item.Description","accounts_receivable,inventory,join,temporal",trx_3join_invoice_item_revenue,7
T0232,medium,What are the top 3 items by total quantity purchased in 2021?,"SELECT l.""Item"",
         SUM(NULLIF(l.""Quantity"", '')::numeric) AS total_qty_ordered
  FROM ""tbl_purchase_order"" p
  JOIN ""tbl_purchase_order_line"" l ON l.""PONumber"" = p.""PONumber""
  WHERE EXTRACT(YEAR FROM p.""OrderDate"") = 2021
    AND l.""Item"" IS NOT NULL AND l.""Item"" != ''
  GROUP BY l.""Item""
  ORDER BY total_qty_ordered DESC NULLS LAST
  LIMIT 3;","tbl_purchase_order,tbl_purchase_order_line","tbl_purchase_order_line.Item,tbl_purchase_order_line.Quantity,tbl_purchase_order.OrderDate","inventory,purchasing,top_n,temporal",trx_topn_items_po_qty_year,14
T0265,medium,Who are the top 3 customers by sales order count in 2022?,"SELECT c.""Name"" AS customer_name, COUNT(s.""SONumber"") AS so_count
  FROM ""tbl_sales_order"" s
  JOIN ""tbl_customer"" c ON c.""Customer"" = s.""CustomerShipTo""
  WHERE EXTRACT(YEAR FROM s.""DateOrdered"") = 2022
  GROUP BY c.""Name""
  ORDER BY so_count DESC
  LIMIT 3;","tbl_sales_order,tbl_customer","tbl_sales_order.CustomerShipTo,tbl_sales_order.DateOrdered,tbl_customer.Name","sales_orders,customers,top_n,temporal",trx_topn_customers_so_year,14
T0225,medium,Who are the top 10 vendors by number of purchase orders in 2023?,"SELECT v.""Name"" AS vendor_name, COUNT(p.""PONumber"") AS po_count
  FROM ""tbl_purchase_order"" p
  JOIN ""tbl_vendor"" v ON v.""Vendor"" = p.""VendorPurchaseFrom""
  WHERE EXTRACT(YEAR FROM p.""OrderDate"") = 2023
  GROUP BY v.""Name""
  ORDER BY po_count DESC
  LIMIT 10;","tbl_purchase_order,tbl_vendor","tbl_purchase_order.VendorPurchaseFrom,tbl_purchase_order.OrderDate,tbl_vendor.Name","purchasing,vendors,top_n,temporal",trx_topn_vendors_po_year,14
T0355,medium,Which vendors have at least 3 purchase orders?,"SELECT v.""Name"" AS vendor_name, COUNT(p.""PONumber"") AS po_count
  FROM ""tbl_purchase_order"" p
  JOIN ""tbl_vendor"" v ON v.""Vendor"" = p.""VendorPurchaseFrom""
  GROUP BY v.""Name""
  HAVING COUNT(p.""PONumber"") >= 3
  ORDER BY po_count DESC;","tbl_purchase_order,tbl_vendor","tbl_purchase_order.VendorPurchaseFrom,tbl_vendor.Name","purchasing,vendors,having",trx_having_vendors_min_po,19
T0406,hard,Show all SO and invoice activity for customers in 2023.,"SELECT 'SO' AS activity_type,
         s.""SONumber"" AS reference,
         c.""Name"" AS customer_name,
         s.""DateOrdered""::date AS activity_date
  FROM ""tbl_sales_order"" s
  JOIN ""tbl_customer"" c ON c.""Customer"" = s.""CustomerShipTo""
  WHERE EXTRACT(YEAR FROM s.""DateOrdered"") = 2023
  UNION ALL
  SELECT 'INVOICE' AS activity_type,
         i.""InvoiceNumber"" AS reference,
         c.""Name"" AS customer_name,
         i.""InvoiceDate""::date AS activity_date
  FROM ""tbl_invoice"" i
  JOIN ""tbl_customer"" c ON c.""Customer"" = i.""Customer""
  WHERE EXTRACT(YEAR FROM i.""InvoiceDate"") = 2023
  ORDER BY customer_name, activity_date;","tbl_sales_order,tbl_invoice,tbl_customer","tbl_sales_order.CustomerShipTo,tbl_sales_order.DateOrdered,tbl_invoice.Customer,tbl_invoice.InvoiceDate","sales_orders,accounts_receivable,union,temporal",trx_union_so_invoice_customer_year,23
T0515,medium,How many sales orders were in each status in 2022?,"SELECT ""Status"", COUNT(*) AS order_count
  FROM ""tbl_sales_order""
  WHERE EXTRACT(YEAR FROM ""DateOrdered"") = 2022
  GROUP BY ""Status""
  ORDER BY order_count DESC;",tbl_sales_order,"tbl_sales_order.Status,tbl_sales_order.DateOrdered","sales_orders,aggregation,temporal",trx_status_so_by_status_year,33
T0103,easy,List all active GL accounts.,"SELECT ""AccountId"", ""Description"", ""AccountType""
  FROM ""tbl_gl_account""
  WHERE ""IsActive"" = true
  ORDER BY ""AccountId"";",tbl_gl_account,tbl_gl_account.IsActive,"general_ledger,lookup",trx_lookup_gl_active_accounts,11
T0445,hard,How many sales orders were shipped from location BENSON in 2023?,"SELECT ""ShipFromLocation"",
         COUNT(*) AS invoice_count,
         SUM(""InvoiceAmount"") AS total_invoiced
  FROM ""tbl_invoice""
  WHERE ""ShipFromLocation"" = 'BENSON'
    AND EXTRACT(YEAR FROM ""InvoiceDate"") = 2023
  GROUP BY ""ShipFromLocation"";",tbl_invoice,"tbl_invoice.ShipFromLocation,tbl_invoice.InvoiceDate","sales_orders,location,temporal",trx_loc_so_shipped_year,25
T0424,medium,What is the total inventory value at location HUDW?,"SELECT il.""Location"",
         COUNT(DISTINCT il.""Item"") AS item_count,
         SUM(NULLIF(il.""QuantityOnHand"", '')::numeric * im.""StandardCost"") AS inventory_value
  FROM ""tbl_item_location"" il
  JOIN ""tbl_item"" im ON im.""Item"" = il.""Item""
  WHERE il.""Location"" = 'HUDW'
    AND NULLIF(il.""QuantityOnHand"", '')::numeric > 0
    AND im.""StandardCost"" > 0
  GROUP BY il.""Location"";","tbl_item_location,tbl_item","tbl_item_location.Location,tbl_item_location.QuantityOnHand,tbl_item.StandardCost","inventory,location",trx_loc_inventory_value,25
T0392,hard,What is the average lead time in days from PO order date to required date in 2025?,"SELECT ""OrderingLocation"",
         ROUND(AVG((""RequiredDate""::date - ""OrderDate""::date)), 1) AS avg_lead_days,
         COUNT(*) AS po_count
  FROM ""tbl_purchase_order""
  WHERE EXTRACT(YEAR FROM ""OrderDate"") = 2025
    AND ""RequiredDate"" IS NOT NULL
    AND ""RequiredDate"" > ""OrderDate""
  GROUP BY ""OrderingLocation""
  ORDER BY avg_lead_days DESC;",tbl_purchase_order,"tbl_purchase_order.OrderDate,tbl_purchase_order.RequiredDate","purchasing,temporal",trx_datemath_po_lead_time,21
T0311,hard,What is the total quantity sold per item in 2023?,"SELECT l.""Item"", im.""Description"",
         SUM(NULLIF(l.""Quantity"", '')::numeric) AS total_qty_sold
  FROM ""tbl_sales_order"" s
  JOIN ""tbl_so_line"" l ON l.""SONumber"" = s.""SONumber""
  JOIN ""tbl_item"" im ON im.""Item"" = l.""Item""
  WHERE EXTRACT(YEAR FROM s.""DateOrdered"") = 2023
    AND l.""Item"" IS NOT NULL AND l.""Item"" != ''
  GROUP BY l.""Item"", im.""Description""
  ORDER BY total_qty_sold DESC NULLS LAST
  LIMIT 20;","tbl_sales_order,tbl_so_line,tbl_item","tbl_sales_order.DateOrdered,tbl_so_line.Item,tbl_so_line.Quantity,tbl_item.Description","sales_orders,inventory,join,temporal",trx_3join_so_line_item_year,17
T0385,hard,What is the average days between order date and required date for sales orders in 2024?,"SELECT ROUND(AVG((""DateRequired""::date - ""DateOrdered""::date)), 1) AS avg_days_to_required
  FROM ""tbl_sales_order""
  WHERE EXTRACT(YEAR FROM ""DateOrdered"") = 2024
    AND ""DateRequired"" IS NOT NULL
    AND ""DateRequired"" > ""DateOrdered"";",tbl_sales_order,"tbl_sales_order.DateOrdered,tbl_sales_order.DateRequired","sales_orders,temporal",trx_datemath_so_to_required,21
T0417,hard,Which customers placed sales orders in 2024 but received no invoices in 2024?,"SELECT ""CustomerShipTo"" AS customer_code
  FROM ""tbl_sales_order""
  WHERE EXTRACT(YEAR FROM ""DateOrdered"") = 2024
  EXCEPT
  SELECT ""Customer"" AS customer_code
  FROM ""tbl_invoice""
  WHERE EXTRACT(YEAR FROM ""InvoiceDate"") = 2024
  ORDER BY customer_code;","tbl_sales_order,tbl_invoice","tbl_sales_order.CustomerShipTo,tbl_sales_order.DateOrdered,tbl_invoice.Customer,tbl_invoice.InvoiceDate","customers,except,temporal",trx_except_customers_so_not_invoiced_year,24
T0085,hard,Show monthly sales order count with a running total for 2024.,"SELECT DATE_TRUNC('month', ""DateOrdered"") AS month,
         COUNT(*) AS monthly_count,
         SUM(COUNT(*)) OVER (ORDER BY DATE_TRUNC('month', ""DateOrdered"")) AS running_total
  FROM ""tbl_sales_order""
  WHERE EXTRACT(YEAR FROM ""DateOrdered"") = 2024
  GROUP BY month
  ORDER BY month;",tbl_sales_order,tbl_sales_order.DateOrdered,"sales_orders,window_function,temporal",trx_window_monthly_so_running,9
T0539,hard,Which items were ordered on SOs but have no stock at any location in 2023?,"SELECT DISTINCT sl.""Item""
  FROM ""tbl_so_line"" sl
  JOIN ""tbl_sales_order"" s ON s.""SONumber"" = sl.""SONumber""
  WHERE EXTRACT(YEAR FROM s.""DateOrdered"") = 2023
    AND sl.""Item"" IS NOT NULL AND sl.""Item"" != ''
    AND NOT EXISTS (
      SELECT 1 FROM ""tbl_item_location"" il
      WHERE il.""Item"" = sl.""Item""
        AND NULLIF(il.""QuantityOnHand"", '')::numeric > 0
    )
  ORDER BY sl.""Item"";","tbl_sales_order,tbl_so_line,tbl_item_location","tbl_so_line.Item,tbl_sales_order.DateOrdered,tbl_item_location.QuantityOnHand","inventory,anti_join,temporal",trx_inv_items_all_locations_year,34
T0244,medium,What are the top 3 items by total quantity purchased in 2025?,"SELECT l.""Item"",
         SUM(NULLIF(l.""Quantity"", '')::numeric) AS total_qty_ordered
  FROM ""tbl_purchase_order"" p
  JOIN ""tbl_purchase_order_line"" l ON l.""PONumber"" = p.""PONumber""
  WHERE EXTRACT(YEAR FROM p.""OrderDate"") = 2025
    AND l.""Item"" IS NOT NULL AND l.""Item"" != ''
  GROUP BY l.""Item""
  ORDER BY total_qty_ordered DESC NULLS LAST
  LIMIT 3;","tbl_purchase_order,tbl_purchase_order_line","tbl_purchase_order_line.Item,tbl_purchase_order_line.Quantity,tbl_purchase_order.OrderDate","inventory,purchasing,top_n,temporal",trx_topn_items_po_qty_year,14
T0066,hard,What is the total revenue by item in 2025?,"SELECT il.""Item"", im.""Description"",
         SUM(NULLIF(il.""Quantity"", '')::numeric * il.""UnitPrice"") AS total_revenue
  FROM ""tbl_invoice"" i
  JOIN ""tbl_invoice_line"" il ON il.""InvoiceNumber"" = i.""InvoiceNumber""
  JOIN ""tbl_item"" im ON im.""Item"" = il.""Item""
  WHERE EXTRACT(YEAR FROM i.""InvoiceDate"") = 2025
    AND il.""Item"" IS NOT NULL AND il.""Item"" != ''
  GROUP BY il.""Item"", im.""Description""
  ORDER BY total_revenue DESC NULLS LAST
  LIMIT 20;","tbl_invoice,tbl_invoice_line,tbl_item","tbl_invoice_line.Item,tbl_invoice_line.UnitPrice,tbl_invoice_line.Quantity,tbl_item.Description","accounts_receivable,inventory,join,temporal",trx_3join_invoice_item_revenue,7
T0065,hard,What is the total revenue by item in 2024?,"SELECT il.""Item"", im.""Description"",
         SUM(NULLIF(il.""Quantity"", '')::numeric * il.""UnitPrice"") AS total_revenue
  FROM ""tbl_invoice"" i
  JOIN ""tbl_invoice_line"" il ON il.""InvoiceNumber"" = i.""InvoiceNumber""
  JOIN ""tbl_item"" im ON im.""Item"" = il.""Item""
  WHERE EXTRACT(YEAR FROM i.""InvoiceDate"") = 2024
    AND il.""Item"" IS NOT NULL AND il.""Item"" != ''
  GROUP BY il.""Item"", im.""Description""
  ORDER BY total_revenue DESC NULLS LAST
  LIMIT 20;","tbl_invoice,tbl_invoice_line,tbl_item","tbl_invoice_line.Item,tbl_invoice_line.UnitPrice,tbl_invoice_line.Quantity,tbl_item.Description","accounts_receivable,inventory,join,temporal",trx_3join_invoice_item_revenue,7
T0273,medium,Who are the top 10 customers by sales order count in 2024?,"SELECT c.""Name"" AS customer_name, COUNT(s.""SONumber"") AS so_count
  FROM ""tbl_sales_order"" s
  JOIN ""tbl_customer"" c ON c.""Customer"" = s.""CustomerShipTo""
  WHERE EXTRACT(YEAR FROM s.""DateOrdered"") = 2024
  GROUP BY c.""Name""
  ORDER BY so_count DESC
  LIMIT 10;","tbl_sales_order,tbl_customer","tbl_sales_order.CustomerShipTo,tbl_sales_order.DateOrdered,tbl_customer.Name","sales_orders,customers,top_n,temporal",trx_topn_customers_so_year,14
T0483,hard,How many commission lines does each sales rep have per customer in 2022?,"SELECT r.""Name"" AS rep_name,
         c.""Name"" AS customer_name,
         COUNT(cr.""InvoiceNumber"") AS commission_lines
  FROM ""tbl_tiered_commission"" cr
  JOIN ""tbl_sales_rep"" r ON r.""SalesRep"" = cr.""SalesRep""
  JOIN ""tbl_invoice"" i ON i.""InvoiceNumber"" = cr.""InvoiceNumber""
  JOIN ""tbl_customer"" c ON c.""Customer"" = i.""Customer""
  WHERE EXTRACT(YEAR FROM i.""InvoiceDate"") = 2022
  GROUP BY r.""Name"", c.""Name""
  ORDER BY commission_lines DESC
  LIMIT 20;","tbl_tiered_commission,tbl_sales_rep,tbl_invoice,tbl_customer","tbl_tiered_commission.SalesRep,tbl_invoice.Customer,tbl_invoice.InvoiceDate,tbl_sales_rep.Name,tbl_customer.Name","commissions,customers,temporal",trx_comm_rep_by_customer_year,29
T0249,medium,Who are the top 10 sales reps by SO line count in 2021?,"SELECT r.""Name"" AS rep_name, COUNT(lr.""SOLineNumber"") AS line_count
  FROM ""tbl_sales_order"" s
  JOIN ""tbl_so_line_rep"" lr ON lr.""SONumber"" = s.""SONumber""
  JOIN ""tbl_sales_rep"" r ON r.""SalesRep"" = lr.""SalesRep""
  WHERE EXTRACT(YEAR FROM s.""DateOrdered"") = 2021
  GROUP BY r.""Name""
  ORDER BY line_count DESC
  LIMIT 10;","tbl_sales_order,tbl_so_line_rep,tbl_sales_rep","tbl_so_line_rep.SalesRep,tbl_sales_rep.Name,tbl_sales_order.DateOrdered","sales_orders,commissions,top_n,temporal",trx_topn_reps_lines_year,14
T0044,medium,How many sales orders were placed each month in 2024?,"SELECT DATE_TRUNC('month', ""DateOrdered"") AS month,
         COUNT(*) AS order_count
  FROM ""tbl_sales_order""
  WHERE EXTRACT(YEAR FROM ""DateOrdered"") = 2024
  GROUP BY month
  ORDER BY month;",tbl_sales_order,tbl_sales_order.DateOrdered,"sales_orders,temporal,aggregation",trx_temp_so_by_month,6
T0477,hard,What is the total commission amount by sales rep in 2021?,"SELECT r.""Name"" AS rep_name,
         COUNT(c.""InvoiceNumber"") AS invoice_lines,
         ROUND(AVG(c.""CommissionPct""), 4) AS avg_commission_pct
  FROM ""tbl_tiered_commission"" c
  JOIN ""tbl_sales_rep"" r ON r.""SalesRep"" = c.""SalesRep""
  JOIN ""tbl_invoice"" i ON i.""InvoiceNumber"" = c.""InvoiceNumber""
  WHERE EXTRACT(YEAR FROM i.""InvoiceDate"") = 2021
  GROUP BY r.""Name""
  ORDER BY invoice_lines DESC;","tbl_tiered_commission,tbl_sales_rep,tbl_invoice","tbl_tiered_commission.SalesRep,tbl_tiered_commission.CommissionPct,tbl_invoice.InvoiceAmount,tbl_invoice.InvoiceDate,tbl_sales_rep.Name","commissions,temporal",trx_comm_by_rep_year,29
T0427,medium,How many items are stocked at location BENSON?,"SELECT COUNT(DISTINCT ""Item"") AS item_count,
         SUM(CASE WHEN NULLIF(""QuantityOnHand"", '')::numeric > 0 THEN 1 ELSE 0 END) AS items_in_stock
  FROM ""tbl_item_location""
  WHERE ""Location"" = 'BENSON';",tbl_item_location,"tbl_item_location.Location,tbl_item_location.QuantityOnHand","inventory,location",trx_loc_item_count,25
T0124,easy,What is the total standard cost value of all stock items?,"SELECT COUNT(*) AS item_count,
         SUM(""StandardCost"") AS total_standard_cost,
         AVG(""StandardCost"") AS avg_standard_cost
  FROM ""tbl_item""
  WHERE ""Type"" = 'STOCK'
    AND ""StandardCost"" > 0;",tbl_item,"tbl_item.Type,tbl_item.StandardCost","inventory,aggregation",trx_agg_item_by_type_count,12
T0030,medium,Who are the top 5 customers by number of sales orders?,"SELECT c.""Name"" AS customer_name, COUNT(s.""SONumber"") AS so_count
  FROM ""tbl_sales_order"" s
  JOIN ""tbl_customer"" c ON c.""Customer"" = s.""CustomerShipTo""
  GROUP BY c.""Name""
  ORDER BY so_count DESC
  LIMIT 5;","tbl_sales_order,tbl_customer","tbl_sales_order.CustomerShipTo,tbl_customer.Name","sales_orders,customers,top_n",trx_topn_customers_by_so,5
T0123,easy,How many GL journal entries were posted in 2025?,"SELECT COUNT(*) AS entry_count
  FROM ""tbl_je_line_item""
  WHERE EXTRACT(YEAR FROM ""TransactionDate"") = 2025;",tbl_je_line_item,tbl_je_line_item.TransactionDate,"general_ledger,aggregation,temporal",trx_agg_gl_by_account_year,12
T0158,medium,What was the total invoiced amount by selling location in 2024?,"SELECT ""SellingLocation"", COUNT(*) AS invoice_count,
         SUM(""InvoiceAmount"") AS total_invoiced
  FROM ""tbl_invoice""
  WHERE EXTRACT(YEAR FROM ""InvoiceDate"") = 2024
    AND ""SellingLocation"" IS NOT NULL
  GROUP BY ""SellingLocation""
  ORDER BY total_invoiced DESC;",tbl_invoice,"tbl_invoice.SellingLocation,tbl_invoice.InvoiceAmount,tbl_invoice.InvoiceDate","accounts_receivable,temporal,aggregation",trx_temp_invoice_by_location_year,13
T0405,hard,Show all SO and invoice activity for customers in 2022.,"SELECT 'SO' AS activity_type,
         s.""SONumber"" AS reference,
         c.""Name"" AS customer_name,
         s.""DateOrdered""::date AS activity_date
  FROM ""tbl_sales_order"" s
  JOIN ""tbl_customer"" c ON c.""Customer"" = s.""CustomerShipTo""
  WHERE EXTRACT(YEAR FROM s.""DateOrdered"") = 2022
  UNION ALL
  SELECT 'INVOICE' AS activity_type,
         i.""InvoiceNumber"" AS reference,
         c.""Name"" AS customer_name,
         i.""InvoiceDate""::date AS activity_date
  FROM ""tbl_invoice"" i
  JOIN ""tbl_customer"" c ON c.""Customer"" = i.""Customer""
  WHERE EXTRACT(YEAR FROM i.""InvoiceDate"") = 2022
  ORDER BY customer_name, activity_date;","tbl_sales_order,tbl_invoice,tbl_customer","tbl_sales_order.CustomerShipTo,tbl_sales_order.DateOrdered,tbl_invoice.Customer,tbl_invoice.InvoiceDate","sales_orders,accounts_receivable,union,temporal",trx_union_so_invoice_customer_year,23
T0373,hard,Show monthly PO count with running total in 2023.,"SELECT DATE_TRUNC('month', ""OrderDate"") AS month,
         COUNT(*) AS monthly_count,
         SUM(COUNT(*)) OVER (ORDER BY DATE_TRUNC('month', ""OrderDate"")) AS running_total
  FROM ""tbl_purchase_order""
  WHERE EXTRACT(YEAR FROM ""OrderDate"") = 2023
  GROUP BY month
  ORDER BY month;",tbl_purchase_order,tbl_purchase_order.OrderDate,"purchasing,window_function,temporal",trx_window_po_running_year,20
T0010,easy,How many sales orders are there by order type?,"SELECT ""Type"", COUNT(*) AS order_count
  FROM ""tbl_sales_order""
  GROUP BY ""Type""
  ORDER BY order_count DESC;",tbl_sales_order,tbl_sales_order.Type,"sales_orders,aggregation",trx_agg_so_by_type,2
T0538,hard,Which items were ordered on SOs but have no stock at any location in 2022?,"SELECT DISTINCT sl.""Item""
  FROM ""tbl_so_line"" sl
  JOIN ""tbl_sales_order"" s ON s.""SONumber"" = sl.""SONumber""
  WHERE EXTRACT(YEAR FROM s.""DateOrdered"") = 2022
    AND sl.""Item"" IS NOT NULL AND sl.""Item"" != ''
    AND NOT EXISTS (
      SELECT 1 FROM ""tbl_item_location"" il
      WHERE il.""Item"" = sl.""Item""
        AND NULLIF(il.""QuantityOnHand"", '')::numeric > 0
    )
  ORDER BY sl.""Item"";","tbl_sales_order,tbl_so_line,tbl_item_location","tbl_so_line.Item,tbl_sales_order.DateOrdered,tbl_item_location.QuantityOnHand","inventory,anti_join,temporal",trx_inv_items_all_locations_year,34
T0166,medium,What was the total AP voucher amount by month in 2022?,"SELECT DATE_TRUNC('month', ""PaymentTermsDueDate"") AS month,
         COUNT(*) AS voucher_count,
         SUM(""InvoiceAmount"") AS total_amount
  FROM ""tbl_voucher""
  WHERE EXTRACT(YEAR FROM ""PaymentTermsDueDate"") = 2022
  GROUP BY month
  ORDER BY month;",tbl_voucher,"tbl_voucher.PaymentTermsDueDate,tbl_voucher.InvoiceAmount","accounts_payable,temporal,aggregation",trx_temp_voucher_by_month,13
T0307,medium,What is the net GL balance by account type in 2024?,"SELECT a.""AccountType"",
         SUM(je.""DebitAmount"") AS total_debits,
         SUM(je.""CreditAmount"") AS total_credits,
         SUM(je.""DebitAmount"") - SUM(je.""CreditAmount"") AS net_balance
  FROM ""tbl_je_line_item"" je
  JOIN ""tbl_gl_account"" a ON a.""AccountId"" = je.""AccountNumber""
  WHERE EXTRACT(YEAR FROM je.""TransactionDate"") = 2024
  GROUP BY a.""AccountType""
  ORDER BY net_balance DESC;","tbl_je_line_item,tbl_gl_account","tbl_je_line_item.AccountNumber,tbl_je_line_item.DebitAmount,tbl_je_line_item.CreditAmount,tbl_je_line_item.TransactionDate,tbl_gl_account.AccountType","general_ledger,join,temporal",trx_join_gl_account_type_year,16
T0001,easy,List all open sales orders.,"SELECT ""SONumber"", ""CustomerShipTo"", ""DateOrdered"", ""Type""
  FROM ""tbl_sales_order""
  WHERE ""Status"" = 'OPEN'
  ORDER BY ""DateOrdered"" DESC;",tbl_sales_order,tbl_sales_order.Status,"sales_orders,lookup",trx_lookup_open_so,1
T0272,medium,Who are the top 5 customers by sales order count in 2024?,"SELECT c.""Name"" AS customer_name, COUNT(s.""SONumber"") AS so_count
  FROM ""tbl_sales_order"" s
  JOIN ""tbl_customer"" c ON c.""Customer"" = s.""CustomerShipTo""
  WHERE EXTRACT(YEAR FROM s.""DateOrdered"") = 2024
  GROUP BY c.""Name""
  ORDER BY so_count DESC
  LIMIT 5;","tbl_sales_order,tbl_customer","tbl_sales_order.CustomerShipTo,tbl_sales_order.DateOrdered,tbl_customer.Name","sales_orders,customers,top_n,temporal",trx_topn_customers_so_year,14
T0277,medium,What is the total line value of each open sales order?,"SELECT s.""SONumber"", s.""CustomerShipTo"", s.""DateOrdered"",
         COUNT(l.""SOLineNumber"") AS line_count,
         SUM(NULLIF(l.""Quantity"", '')::numeric * l.""UnitPriceCalculated"") AS total_value
  FROM ""tbl_sales_order"" s
  JOIN ""tbl_so_line"" l ON l.""SONumber"" = s.""SONumber""
  WHERE s.""Status"" = 'OPEN'
  GROUP BY s.""SONumber"", s.""CustomerShipTo"", s.""DateOrdered""
  ORDER BY total_value DESC NULLS LAST;","tbl_sales_order,tbl_so_line","tbl_sales_order.Status,tbl_so_line.Quantity,tbl_so_line.UnitPriceCalculated","sales_orders,header_detail",trx_hdr_so_line_value,15
T0083,hard,Show monthly sales order count with a running total for 2022.,"SELECT DATE_TRUNC('month', ""DateOrdered"") AS month,
         COUNT(*) AS monthly_count,
         SUM(COUNT(*)) OVER (ORDER BY DATE_TRUNC('month', ""DateOrdered"")) AS running_total
  FROM ""tbl_sales_order""
  WHERE EXTRACT(YEAR FROM ""DateOrdered"") = 2022
  GROUP BY month
  ORDER BY month;",tbl_sales_order,tbl_sales_order.DateOrdered,"sales_orders,window_function,temporal",trx_window_monthly_so_running,9
T0192,medium,What are the top 10 items by invoice quantity in 2022?,"SELECT il.""Item"",
         SUM(NULLIF(il.""Quantity"", '')::numeric) AS total_qty_invoiced
  FROM ""tbl_invoice"" i
  JOIN ""tbl_invoice_line"" il ON il.""InvoiceNumber"" = i.""InvoiceNumber""
  WHERE EXTRACT(YEAR FROM i.""InvoiceDate"") = 2022
    AND il.""Item"" IS NOT NULL AND il.""Item"" != ''
  GROUP BY il.""Item""
  ORDER BY total_qty_invoiced DESC NULLS LAST
  LIMIT 10;","tbl_invoice,tbl_invoice_line","tbl_invoice_line.Item,tbl_invoice_line.Quantity,tbl_invoice.InvoiceDate","inventory,accounts_receivable,top_n,temporal",trx_topn_items_invoiced_year,14
T0479,hard,What is the total commission amount by sales rep in 2023?,"SELECT r.""Name"" AS rep_name,
         COUNT(c.""InvoiceNumber"") AS invoice_lines,
         ROUND(AVG(c.""CommissionPct""), 4) AS avg_commission_pct
  FROM ""tbl_tiered_commission"" c
  JOIN ""tbl_sales_rep"" r ON r.""SalesRep"" = c.""SalesRep""
  JOIN ""tbl_invoice"" i ON i.""InvoiceNumber"" = c.""InvoiceNumber""
  WHERE EXTRACT(YEAR FROM i.""InvoiceDate"") = 2023
  GROUP BY r.""Name""
  ORDER BY invoice_lines DESC;","tbl_tiered_commission,tbl_sales_rep,tbl_invoice","tbl_tiered_commission.SalesRep,tbl_tiered_commission.CommissionPct,tbl_invoice.InvoiceAmount,tbl_invoice.InvoiceDate,tbl_sales_rep.Name","commissions,temporal",trx_comm_by_rep_year,29
T0102,easy,List all open pick tickets.,"SELECT ""PickTicketNumber"", ""OrderType"", ""Location"", ""DateShipped""
  FROM ""tbl_pick_ticket""
  WHERE ""Status"" = 'OPEN'
  ORDER BY ""PickTicketNumber"";",tbl_pick_ticket,tbl_pick_ticket.Status,"warehouse,lookup",trx_lookup_open_pt,11
T0456,hard,What are the top 5 items by total estimated work order cost?,"SELECT wi.""Item"", im.""Description"",
         COUNT(DISTINCT wi.""WorkOrderNumber"") AS wo_count,
         SUM(wi.""EstimatedExtendedCost"") AS total_est_cost
  FROM ""tbl_work_order_item"" wi
  JOIN ""tbl_item"" im ON im.""Item"" = wi.""Item""
  WHERE wi.""Item"" IS NOT NULL AND wi.""Item"" != ''
  GROUP BY wi.""Item"", im.""Description""
  ORDER BY total_est_cost DESC NULLS LAST
  LIMIT 5;","tbl_work_order_item,tbl_item","tbl_work_order_item.Item,tbl_work_order_item.EstimatedExtendedCost,tbl_item.Description","warehouse,inventory,top_n",trx_wo_top_items_by_cost,26
T0364,hard,Show cumulative invoiced amount by month in 2021.,"SELECT DATE_TRUNC('month', ""InvoiceDate"") AS month,
         SUM(""InvoiceAmount"") AS monthly_amount,
         SUM(SUM(""InvoiceAmount"")) OVER (ORDER BY DATE_TRUNC('month', ""InvoiceDate"")) AS running_total
  FROM ""tbl_invoice""
  WHERE EXTRACT(YEAR FROM ""InvoiceDate"") = 2021
  GROUP BY month
  ORDER BY month;",tbl_invoice,"tbl_invoice.InvoiceDate,tbl_invoice.InvoiceAmount","accounts_receivable,window_function,temporal",trx_window_invoice_running_year,20
T0446,hard,How many sales orders were shipped from location BENSON in 2024?,"SELECT ""ShipFromLocation"",
         COUNT(*) AS invoice_count,
         SUM(""InvoiceAmount"") AS total_invoiced
  FROM ""tbl_invoice""
  WHERE ""ShipFromLocation"" = 'BENSON'
    AND EXTRACT(YEAR FROM ""InvoiceDate"") = 2024
  GROUP BY ""ShipFromLocation"";",tbl_invoice,"tbl_invoice.ShipFromLocation,tbl_invoice.InvoiceDate","sales_orders,location,temporal",trx_loc_so_shipped_year,25
T0153,medium,How many sales orders were placed by selling location in 2024?,"SELECT ""SellingLocation"", COUNT(*) AS order_count
  FROM ""tbl_sales_order""
  WHERE EXTRACT(YEAR FROM ""DateOrdered"") = 2024
    AND ""SellingLocation"" IS NOT NULL
  GROUP BY ""SellingLocation""
  ORDER BY order_count DESC;",tbl_sales_order,"tbl_sales_order.SellingLocation,tbl_sales_order.DateOrdered","sales_orders,temporal,aggregation",trx_temp_so_by_location_year,13
T0321,hard,What is the total quantity shipped per item in 2023?,"SELECT ptl.""Item"", im.""Description"",
         SUM(NULLIF(ptl.""QuantityShipped"", '')::numeric) AS total_shipped
  FROM ""tbl_pick_ticket"" pt
  JOIN ""tbl_pick_ticket_line"" ptl ON ptl.""PickTicketNumber"" = pt.""PickTicketNumber""
  JOIN ""tbl_item"" im ON im.""Item"" = ptl.""Item""
  WHERE pt.""Status"" = 'CONFRM'
    AND EXTRACT(YEAR FROM pt.""DateShipped"") = 2023
    AND ptl.""Item"" IS NOT NULL AND ptl.""Item"" != ''
  GROUP BY ptl.""Item"", im.""Description""
  ORDER BY total_shipped DESC NULLS LAST
  LIMIT 20;","tbl_pick_ticket,tbl_pick_ticket_line,tbl_item","tbl_pick_ticket.DateShipped,tbl_pick_ticket_line.Item,tbl_pick_ticket_line.QuantityShipped,tbl_item.Description","warehouse,inventory,join,temporal",trx_3join_pt_item_shipped_year,17
T0055,medium,What was the total invoiced amount by month in 2025?,"SELECT DATE_TRUNC('month', ""InvoiceDate"") AS month,
         COUNT(*) AS invoice_count,
         SUM(""InvoiceAmount"") AS total_amount
  FROM ""tbl_invoice""
  WHERE EXTRACT(YEAR FROM ""InvoiceDate"") = 2025
  GROUP BY month
  ORDER BY month;",tbl_invoice,"tbl_invoice.InvoiceDate,tbl_invoice.InvoiceAmount","accounts_receivable,temporal,aggregation",trx_temp_invoice_total_by_month,6
T0260,medium,Who are the top 5 sales reps by SO line count in 2025?,"SELECT r.""Name"" AS rep_name, COUNT(lr.""SOLineNumber"") AS line_count
  FROM ""tbl_sales_order"" s
  JOIN ""tbl_so_line_rep"" lr ON lr.""SONumber"" = s.""SONumber""
  JOIN ""tbl_sales_rep"" r ON r.""SalesRep"" = lr.""SalesRep""
  WHERE EXTRACT(YEAR FROM s.""DateOrdered"") = 2025
  GROUP BY r.""Name""
  ORDER BY line_count DESC
  LIMIT 5;","tbl_sales_order,tbl_so_line_rep,tbl_sales_rep","tbl_so_line_rep.SalesRep,tbl_sales_rep.Name,tbl_sales_order.DateOrdered","sales_orders,commissions,top_n,temporal",trx_topn_reps_lines_year,14
T0092,extra_hard,Which customers have open sales orders that have not yet been invoiced?,"SELECT c.""Name"" AS customer_name,
         COUNT(s.""SONumber"") AS uninvoiced_so_count
  FROM ""tbl_sales_order"" s
  JOIN ""tbl_customer"" c ON c.""Customer"" = s.""CustomerShipTo""
  WHERE s.""Status"" = 'OPEN'
    AND NOT EXISTS (
      SELECT 1 FROM ""tbl_invoice"" i WHERE i.""SONumber"" = s.""SONumber""
    )
  GROUP BY c.""Name""
  ORDER BY uninvoiced_so_count DESC;","tbl_sales_order,tbl_invoice,tbl_customer","tbl_sales_order.SONumber,tbl_sales_order.Status,tbl_invoice.SONumber,tbl_customer.Name","sales_orders,accounts_receivable,anti_join",trx_xhard_so_customer_invoice_gap,10
T0257,medium,Who are the top 5 sales reps by SO line count in 2024?,"SELECT r.""Name"" AS rep_name, COUNT(lr.""SOLineNumber"") AS line_count
  FROM ""tbl_sales_order"" s
  JOIN ""tbl_so_line_rep"" lr ON lr.""SONumber"" = s.""SONumber""
  JOIN ""tbl_sales_rep"" r ON r.""SalesRep"" = lr.""SalesRep""
  WHERE EXTRACT(YEAR FROM s.""DateOrdered"") = 2024
  GROUP BY r.""Name""
  ORDER BY line_count DESC
  LIMIT 5;","tbl_sales_order,tbl_so_line_rep,tbl_sales_rep","tbl_so_line_rep.SalesRep,tbl_sales_rep.Name,tbl_sales_order.DateOrdered","sales_orders,commissions,top_n,temporal",trx_topn_reps_lines_year,14
T0411,hard,Which items were sold in 2023 but never purchased in 2023?,"SELECT sl.""Item""
  FROM ""tbl_so_line"" sl
  JOIN ""tbl_sales_order"" s ON s.""SONumber"" = sl.""SONumber""
  WHERE EXTRACT(YEAR FROM s.""DateOrdered"") = 2023
    AND sl.""Item"" IS NOT NULL AND sl.""Item"" != ''
  EXCEPT
  SELECT pl.""Item""
  FROM ""tbl_purchase_order_line"" pl
  JOIN ""tbl_purchase_order"" p ON p.""PONumber"" = pl.""PONumber""
  WHERE EXTRACT(YEAR FROM p.""OrderDate"") = 2023
    AND pl.""Item"" IS NOT NULL AND pl.""Item"" != ''
  ORDER BY ""Item"";","tbl_so_line,tbl_sales_order,tbl_purchase_order_line,tbl_purchase_order","tbl_so_line.Item,tbl_sales_order.DateOrdered,tbl_purchase_order_line.Item,tbl_purchase_order.OrderDate","inventory,except,temporal",trx_except_items_so_not_po_year,24
T0002,easy,Show all open AR invoices.,"SELECT ""InvoiceNumber"", ""Customer"", ""InvoiceDate"", ""InvoiceDueDate"", ""InvoiceAmount""
  FROM ""tbl_invoice""
  WHERE ""Status"" = 'OPEN'
  ORDER BY ""InvoiceDate"" DESC;",tbl_invoice,tbl_invoice.Status,"accounts_receivable,lookup",trx_lookup_open_invoices,1
T0470,hard,What is the total expense posted to each expense GL account in 2023?,"SELECT je.""AccountNumber"", a.""Description"",
         SUM(je.""DebitAmount"") AS total_debits
  FROM ""tbl_je_line_item"" je
  JOIN ""tbl_gl_account"" a ON a.""AccountId"" = je.""AccountNumber""
  WHERE a.""AccountType"" = 'EXP'
    AND EXTRACT(YEAR FROM je.""TransactionDate"") = 2023
  GROUP BY je.""AccountNumber"", a.""Description""
  ORDER BY total_debits DESC;","tbl_je_line_item,tbl_gl_account","tbl_je_line_item.AccountNumber,tbl_je_line_item.DebitAmount,tbl_je_line_item.TransactionDate,tbl_gl_account.AccountType","general_ledger,temporal",trx_gl_expense_accounts_year,27
T0081,hard,Rank sales reps by number of commission lines reported.,"SELECT r.""Name"" AS rep_name,
         COUNT(c.""InvoiceNumber"") AS commission_line_count,
         RANK() OVER (ORDER BY COUNT(c.""InvoiceNumber"") DESC) AS rnk
  FROM ""tbl_tiered_commission"" c
  JOIN ""tbl_sales_rep"" r ON r.""SalesRep"" = c.""SalesRep""
  GROUP BY r.""Name""
  ORDER BY rnk;","tbl_tiered_commission,tbl_sales_rep","tbl_tiered_commission.SalesRep,tbl_sales_rep.Name","commissions,window_function",trx_window_rank_reps_commission,9
T0223,medium,Who are the top 3 vendors by number of purchase orders in 2023?,"SELECT v.""Name"" AS vendor_name, COUNT(p.""PONumber"") AS po_count
  FROM ""tbl_purchase_order"" p
  JOIN ""tbl_vendor"" v ON v.""Vendor"" = p.""VendorPurchaseFrom""
  WHERE EXTRACT(YEAR FROM p.""OrderDate"") = 2023
  GROUP BY v.""Name""
  ORDER BY po_count DESC
  LIMIT 3;","tbl_purchase_order,tbl_vendor","tbl_purchase_order.VendorPurchaseFrom,tbl_purchase_order.OrderDate,tbl_vendor.Name","purchasing,vendors,top_n,temporal",trx_topn_vendors_po_year,14
T0493,easy,How many vendors use each payment term?,"SELECT ""PaymentTerms"", COUNT(*) AS vendor_count
  FROM ""tbl_vendor""
  WHERE ""PaymentTerms"" IS NOT NULL AND ""PaymentTerms"" != ''
  GROUP BY ""PaymentTerms""
  ORDER BY vendor_count DESC;",tbl_vendor,tbl_vendor.PaymentTerms,"vendors,aggregation",trx_pay_vendor_payment_terms,31
T0058,hard,What is the total quantity ordered per customer in 2023?,"SELECT c.""Name"" AS customer_name,
         COUNT(l.""SOLineNumber"") AS line_count,
         SUM(NULLIF(l.""Quantity"", '')::numeric) AS total_qty
  FROM ""tbl_sales_order"" s
  JOIN ""tbl_so_line"" l ON l.""SONumber"" = s.""SONumber""
  JOIN ""tbl_customer"" c ON c.""Customer"" = s.""CustomerShipTo""
  WHERE EXTRACT(YEAR FROM s.""DateOrdered"") = 2023
  GROUP BY c.""Name""
  ORDER BY total_qty DESC NULLS LAST;","tbl_sales_order,tbl_so_line,tbl_customer","tbl_sales_order.CustomerShipTo,tbl_so_line.Quantity,tbl_customer.Name","sales_orders,customers,join,temporal",trx_3join_so_customer_qty,7
T0175,medium,What are the top 3 most expensive stock items by standard cost?,"SELECT ""Item"", ""Description"", ""StockUOM"", ""StandardCost""
  FROM ""tbl_item""
  WHERE ""Type"" = 'STOCK' AND ""StandardCost"" > 0
  ORDER BY ""StandardCost"" DESC
  LIMIT 3;",tbl_item,"tbl_item.StandardCost,tbl_item.Type","inventory,top_n",trx_topn_items_by_cost,14
T0329,hard,What is the total estimated work order cost by item type?,"SELECT im.""Type"", COUNT(DISTINCT wi.""Item"") AS item_count,
         SUM(wi.""EstimatedExtendedCost"") AS total_est_cost
  FROM ""tbl_work_order"" w
  JOIN ""tbl_work_order_item"" wi ON wi.""WorkOrderNumber"" = w.""WorkOrderNumber""
  JOIN ""tbl_item"" im ON im.""Item"" = wi.""Item""
  WHERE wi.""Item"" IS NOT NULL AND wi.""Item"" != ''
  GROUP BY im.""Type""
  ORDER BY total_est_cost DESC NULLS LAST;","tbl_work_order,tbl_work_order_item,tbl_item","tbl_work_order_item.Item,tbl_work_order_item.EstimatedExtendedCost,tbl_item.Type","warehouse,inventory,join",trx_3join_wip_item_cost,17
T0461,hard,What is the net GL balance (debits minus credits) by account in 2024?,"SELECT je.""AccountNumber"", a.""Description"", a.""AccountType"",
         SUM(je.""DebitAmount"") AS total_debits,
         SUM(je.""CreditAmount"") AS total_credits,
         SUM(je.""DebitAmount"") - SUM(je.""CreditAmount"") AS net_balance
  FROM ""tbl_je_line_item"" je
  JOIN ""tbl_gl_account"" a ON a.""AccountId"" = je.""AccountNumber""
  WHERE EXTRACT(YEAR FROM je.""TransactionDate"") = 2024
  GROUP BY je.""AccountNumber"", a.""Description"", a.""AccountType""
  ORDER BY net_balance DESC;","tbl_je_line_item,tbl_gl_account","tbl_je_line_item.AccountNumber,tbl_je_line_item.DebitAmount,tbl_je_line_item.CreditAmount,tbl_je_line_item.TransactionDate,tbl_gl_account.Description","general_ledger,temporal",trx_gl_net_by_account_year,27
T0499,hard,What is the monthly invoice revenue for the top items in 2021?,"SELECT DATE_TRUNC('month', i.""InvoiceDate"") AS month,
         COUNT(DISTINCT il.""Item"") AS item_count,
         SUM(NULLIF(il.""Quantity"", '')::numeric * il.""UnitPrice"") AS total_revenue
  FROM ""tbl_invoice"" i
  JOIN ""tbl_invoice_line"" il ON il.""InvoiceNumber"" = i.""InvoiceNumber""
  WHERE EXTRACT(YEAR FROM i.""InvoiceDate"") = 2021
    AND il.""Item"" IS NOT NULL AND il.""Item"" != ''
  GROUP BY month
  ORDER BY month;","tbl_invoice,tbl_invoice_line","tbl_invoice_line.Item,tbl_invoice_line.Quantity,tbl_invoice_line.UnitPrice,tbl_invoice.InvoiceDate","inventory,accounts_receivable,temporal",trx_item_invoice_revenue_by_month_year,32
T0459,hard,What is the net GL balance (debits minus credits) by account in 2022?,"SELECT je.""AccountNumber"", a.""Description"", a.""AccountType"",
         SUM(je.""DebitAmount"") AS total_debits,
         SUM(je.""CreditAmount"") AS total_credits,
         SUM(je.""DebitAmount"") - SUM(je.""CreditAmount"") AS net_balance
  FROM ""tbl_je_line_item"" je
  JOIN ""tbl_gl_account"" a ON a.""AccountId"" = je.""AccountNumber""
  WHERE EXTRACT(YEAR FROM je.""TransactionDate"") = 2022
  GROUP BY je.""AccountNumber"", a.""Description"", a.""AccountType""
  ORDER BY net_balance DESC;","tbl_je_line_item,tbl_gl_account","tbl_je_line_item.AccountNumber,tbl_je_line_item.DebitAmount,tbl_je_line_item.CreditAmount,tbl_je_line_item.TransactionDate,tbl_gl_account.Description","general_ledger,temporal",trx_gl_net_by_account_year,27
T0059,hard,What is the total quantity ordered per customer in 2024?,"SELECT c.""Name"" AS customer_name,
         COUNT(l.""SOLineNumber"") AS line_count,
         SUM(NULLIF(l.""Quantity"", '')::numeric) AS total_qty
  FROM ""tbl_sales_order"" s
  JOIN ""tbl_so_line"" l ON l.""SONumber"" = s.""SONumber""
  JOIN ""tbl_customer"" c ON c.""Customer"" = s.""CustomerShipTo""
  WHERE EXTRACT(YEAR FROM s.""DateOrdered"") = 2024
  GROUP BY c.""Name""
  ORDER BY total_qty DESC NULLS LAST;","tbl_sales_order,tbl_so_line,tbl_customer","tbl_sales_order.CustomerShipTo,tbl_so_line.Quantity,tbl_customer.Name","sales_orders,customers,join,temporal",trx_3join_so_customer_qty,7
T0370,hard,Rank all vendors by AP balance.,"SELECT ""Vendor"", ""Name"", ""APBalance"",
         RANK() OVER (ORDER BY ""APBalance"" DESC NULLS LAST) AS ap_rank
  FROM ""tbl_vendor""
  WHERE ""APBalance"" IS NOT NULL
  ORDER BY ap_rank;",tbl_vendor,"tbl_vendor.APBalance,tbl_vendor.Name","vendors,accounts_payable,window_function",trx_window_rank_vendors_ap,20
T0393,hard,Which open sales order lines have a required date that has already passed?,"SELECT s.""SONumber"", s.""CustomerShipTo"",
         l.""SOLineNumber"", l.""Item"", l.""Description"",
         l.""DateRequired""::date AS required_date,
         CURRENT_DATE - l.""DateRequired""::date AS days_late
  FROM ""tbl_sales_order"" s
  JOIN ""tbl_so_line"" l ON l.""SONumber"" = s.""SONumber""
  WHERE s.""Status"" = 'OPEN'
    AND l.""DateRequired"" IS NOT NULL
    AND l.""DateRequired""::date < CURRENT_DATE
  ORDER BY days_late DESC
  LIMIT 50;","tbl_sales_order,tbl_so_line","tbl_so_line.DateRequired,tbl_sales_order.Status","sales_orders,temporal",trx_datemath_so_past_required,21
T0006,easy,List all customers in CA.,"SELECT ""Customer"", ""Name"", ""City"", ""CreditLimit"", ""ARBalance""
  FROM ""tbl_customer""
  WHERE ""StateOrProvince"" = 'CA'
  ORDER BY ""Name"";",tbl_customer,tbl_customer.StateOrProvince,"customers,lookup",trx_lookup_customers_state,1
T0284,medium,How many sales orders did each customer place in 2022?,"SELECT c.""Name"" AS customer_name,
         COUNT(s.""SONumber"") AS so_count
  FROM ""tbl_sales_order"" s
  JOIN ""tbl_customer"" c ON c.""Customer"" = s.""CustomerShipTo""
  WHERE EXTRACT(YEAR FROM s.""DateOrdered"") = 2022
  GROUP BY c.""Name""
  ORDER BY so_count DESC;","tbl_sales_order,tbl_customer","tbl_sales_order.CustomerShipTo,tbl_sales_order.DateOrdered,tbl_customer.Name","sales_orders,customers,join,temporal",trx_join_so_customer_year,16
T0129,medium,How many sales orders were placed each quarter in 2025?,"SELECT EXTRACT(QUARTER FROM ""DateOrdered"") AS quarter,
         COUNT(*) AS order_count
  FROM ""tbl_sales_order""
  WHERE EXTRACT(YEAR FROM ""DateOrdered"") = 2025
  GROUP BY quarter
  ORDER BY quarter;",tbl_sales_order,tbl_sales_order.DateOrdered,"sales_orders,temporal,aggregation",trx_temp_so_by_quarter,13
T0271,medium,Who are the top 3 customers by sales order count in 2024?,"SELECT c.""Name"" AS customer_name, COUNT(s.""SONumber"") AS so_count
  FROM ""tbl_sales_order"" s
  JOIN ""tbl_customer"" c ON c.""Customer"" = s.""CustomerShipTo""
  WHERE EXTRACT(YEAR FROM s.""DateOrdered"") = 2024
  GROUP BY c.""Name""
  ORDER BY so_count DESC
  LIMIT 3;","tbl_sales_order,tbl_customer","tbl_sales_order.CustomerShipTo,tbl_sales_order.DateOrdered,tbl_customer.Name","sales_orders,customers,top_n,temporal",trx_topn_customers_so_year,14
T0240,medium,What are the top 10 items by total quantity purchased in 2023?,"SELECT l.""Item"",
         SUM(NULLIF(l.""Quantity"", '')::numeric) AS total_qty_ordered
  FROM ""tbl_purchase_order"" p
  JOIN ""tbl_purchase_order_line"" l ON l.""PONumber"" = p.""PONumber""
  WHERE EXTRACT(YEAR FROM p.""OrderDate"") = 2023
    AND l.""Item"" IS NOT NULL AND l.""Item"" != ''
  GROUP BY l.""Item""
  ORDER BY total_qty_ordered DESC NULLS LAST
  LIMIT 10;","tbl_purchase_order,tbl_purchase_order_line","tbl_purchase_order_line.Item,tbl_purchase_order_line.Quantity,tbl_purchase_order.OrderDate","inventory,purchasing,top_n,temporal",trx_topn_items_po_qty_year,14
T0391,hard,What is the average lead time in days from PO order date to required date in 2024?,"SELECT ""OrderingLocation"",
         ROUND(AVG((""RequiredDate""::date - ""OrderDate""::date)), 1) AS avg_lead_days,
         COUNT(*) AS po_count
  FROM ""tbl_purchase_order""
  WHERE EXTRACT(YEAR FROM ""OrderDate"") = 2024
    AND ""RequiredDate"" IS NOT NULL
    AND ""RequiredDate"" > ""OrderDate""
  GROUP BY ""OrderingLocation""
  ORDER BY avg_lead_days DESC;",tbl_purchase_order,"tbl_purchase_order.OrderDate,tbl_purchase_order.RequiredDate","purchasing,temporal",trx_datemath_po_lead_time,21
T0196,medium,What are the top 3 items by invoice quantity in 2024?,"SELECT il.""Item"",
         SUM(NULLIF(il.""Quantity"", '')::numeric) AS total_qty_invoiced
  FROM ""tbl_invoice"" i
  JOIN ""tbl_invoice_line"" il ON il.""InvoiceNumber"" = i.""InvoiceNumber""
  WHERE EXTRACT(YEAR FROM i.""InvoiceDate"") = 2024
    AND il.""Item"" IS NOT NULL AND il.""Item"" != ''
  GROUP BY il.""Item""
  ORDER BY total_qty_invoiced DESC NULLS LAST
  LIMIT 3;","tbl_invoice,tbl_invoice_line","tbl_invoice_line.Item,tbl_invoice_line.Quantity,tbl_invoice.InvoiceDate","inventory,accounts_receivable,top_n,temporal",trx_topn_items_invoiced_year,14
T0198,medium,What are the top 10 items by invoice quantity in 2024?,"SELECT il.""Item"",
         SUM(NULLIF(il.""Quantity"", '')::numeric) AS total_qty_invoiced
  FROM ""tbl_invoice"" i
  JOIN ""tbl_invoice_line"" il ON il.""InvoiceNumber"" = i.""InvoiceNumber""
  WHERE EXTRACT(YEAR FROM i.""InvoiceDate"") = 2024
    AND il.""Item"" IS NOT NULL AND il.""Item"" != ''
  GROUP BY il.""Item""
  ORDER BY total_qty_invoiced DESC NULLS LAST
  LIMIT 10;","tbl_invoice,tbl_invoice_line","tbl_invoice_line.Item,tbl_invoice_line.Quantity,tbl_invoice.InvoiceDate","inventory,accounts_receivable,top_n,temporal",trx_topn_items_invoiced_year,14
T0532,medium,How many AP vouchers were there by type in 2024?,"SELECT ""Type"", COUNT(*) AS voucher_count,
         SUM(""InvoiceAmount"") AS total_amount
  FROM ""tbl_voucher""
  WHERE EXTRACT(YEAR FROM ""PaymentTermsDueDate"") = 2024
  GROUP BY ""Type""
  ORDER BY voucher_count DESC;",tbl_voucher,"tbl_voucher.Type,tbl_voucher.PaymentTermsDueDate","accounts_payable,aggregation,temporal",trx_status_voucher_by_type_year,33
T0306,medium,What is the net GL balance by account type in 2023?,"SELECT a.""AccountType"",
         SUM(je.""DebitAmount"") AS total_debits,
         SUM(je.""CreditAmount"") AS total_credits,
         SUM(je.""DebitAmount"") - SUM(je.""CreditAmount"") AS net_balance
  FROM ""tbl_je_line_item"" je
  JOIN ""tbl_gl_account"" a ON a.""AccountId"" = je.""AccountNumber""
  WHERE EXTRACT(YEAR FROM je.""TransactionDate"") = 2023
  GROUP BY a.""AccountType""
  ORDER BY net_balance DESC;","tbl_je_line_item,tbl_gl_account","tbl_je_line_item.AccountNumber,tbl_je_line_item.DebitAmount,tbl_je_line_item.CreditAmount,tbl_je_line_item.TransactionDate,tbl_gl_account.AccountType","general_ledger,join,temporal",trx_join_gl_account_type_year,16
T0217,medium,Who are the top 3 vendors by number of purchase orders in 2021?,"SELECT v.""Name"" AS vendor_name, COUNT(p.""PONumber"") AS po_count
  FROM ""tbl_purchase_order"" p
  JOIN ""tbl_vendor"" v ON v.""Vendor"" = p.""VendorPurchaseFrom""
  WHERE EXTRACT(YEAR FROM p.""OrderDate"") = 2021
  GROUP BY v.""Name""
  ORDER BY po_count DESC
  LIMIT 3;","tbl_purchase_order,tbl_vendor","tbl_purchase_order.VendorPurchaseFrom,tbl_purchase_order.OrderDate,tbl_vendor.Name","purchasing,vendors,top_n,temporal",trx_topn_vendors_po_year,14
T0517,medium,How many sales orders were in each status in 2024?,"SELECT ""Status"", COUNT(*) AS order_count
  FROM ""tbl_sales_order""
  WHERE EXTRACT(YEAR FROM ""DateOrdered"") = 2024
  GROUP BY ""Status""
  ORDER BY order_count DESC;",tbl_sales_order,"tbl_sales_order.Status,tbl_sales_order.DateOrdered","sales_orders,aggregation,temporal",trx_status_so_by_status_year,33
T0082,hard,Show monthly sales order count with a running total for 2021.,"SELECT DATE_TRUNC('month', ""DateOrdered"") AS month,
         COUNT(*) AS monthly_count,
         SUM(COUNT(*)) OVER (ORDER BY DATE_TRUNC('month', ""DateOrdered"")) AS running_total
  FROM ""tbl_sales_order""
  WHERE EXTRACT(YEAR FROM ""DateOrdered"") = 2021
  GROUP BY month
  ORDER BY month;",tbl_sales_order,tbl_sales_order.DateOrdered,"sales_orders,window_function,temporal",trx_window_monthly_so_running,9
T0491,easy,How many customers use each payment term?,"SELECT ""TermsCode"", COUNT(*) AS customer_count
  FROM ""tbl_customer""
  WHERE ""TermsCode"" IS NOT NULL AND ""TermsCode"" <> ''
  GROUP BY ""TermsCode""
  ORDER BY customer_count DESC;",tbl_customer,tbl_customer.TermsCode,"customers,aggregation",trx_pay_customer_payment_terms,31
T0079,hard,Which open sales orders have not been invoiced?,"SELECT s.""SONumber"", s.""CustomerShipTo"", s.""DateOrdered"", s.""Type""
  FROM ""tbl_sales_order"" s
  WHERE s.""Status"" = 'OPEN'
    AND NOT EXISTS (
      SELECT 1 FROM ""tbl_invoice"" i WHERE i.""SONumber"" = s.""SONumber""
    )
  ORDER BY s.""DateOrdered"" DESC;","tbl_sales_order,tbl_invoice","tbl_sales_order.SONumber,tbl_sales_order.Status,tbl_invoice.SONumber","sales_orders,accounts_receivable,anti_join",trx_antijoin_so_not_invoiced,8
T0057,hard,What is the total quantity ordered per customer in 2022?,"SELECT c.""Name"" AS customer_name,
         COUNT(l.""SOLineNumber"") AS line_count,
         SUM(NULLIF(l.""Quantity"", '')::numeric) AS total_qty
  FROM ""tbl_sales_order"" s
  JOIN ""tbl_so_line"" l ON l.""SONumber"" = s.""SONumber""
  JOIN ""tbl_customer"" c ON c.""Customer"" = s.""CustomerShipTo""
  WHERE EXTRACT(YEAR FROM s.""DateOrdered"") = 2022
  GROUP BY c.""Name""
  ORDER BY total_qty DESC NULLS LAST;","tbl_sales_order,tbl_so_line,tbl_customer","tbl_sales_order.CustomerShipTo,tbl_so_line.Quantity,tbl_customer.Name","sales_orders,customers,join,temporal",trx_3join_so_customer_qty,7
T0025,medium,List open sales orders with the customer name.,"SELECT s.""SONumber"", c.""Name"" AS customer_name,
         s.""DateOrdered"", s.""Type""
  FROM ""tbl_sales_order"" s
  JOIN ""tbl_customer"" c ON c.""Customer"" = s.""CustomerShipTo""
  WHERE s.""Status"" = 'OPEN'
  ORDER BY s.""DateOrdered"" DESC;","tbl_sales_order,tbl_customer","tbl_sales_order.CustomerShipTo,tbl_customer.Name","sales_orders,customers,join",trx_join_so_customer,4
T0387,hard,How many days overdue is each open invoice as of today?,"SELECT i.""InvoiceNumber"", c.""Name"" AS customer_name,
         i.""InvoiceAmount"",
         i.""InvoiceDueDate""::date AS due_date,
         CURRENT_DATE - i.""InvoiceDueDate""::date AS days_overdue
  FROM ""tbl_invoice"" i
  JOIN ""tbl_customer"" c ON c.""Customer"" = i.""Customer""
  WHERE i.""Status"" = 'OPEN'
    AND i.""InvoiceDueDate"" IS NOT NULL
    AND i.""InvoiceDueDate""::date < CURRENT_DATE
  ORDER BY days_overdue DESC;","tbl_invoice,tbl_customer","tbl_invoice.Status,tbl_invoice.InvoiceDueDate,tbl_customer.Name","accounts_receivable,temporal",trx_datemath_invoice_overdue,21
T0047,medium,How many purchase orders were placed each month in 2022?,"SELECT DATE_TRUNC('month', ""OrderDate"") AS month,
         COUNT(*) AS po_count
  FROM ""tbl_purchase_order""
  WHERE EXTRACT(YEAR FROM ""OrderDate"") = 2022
  GROUP BY month
  ORDER BY month;",tbl_purchase_order,tbl_purchase_order.OrderDate,"purchasing,temporal,aggregation",trx_temp_po_by_month,6
T0253,medium,Who are the top 3 sales reps by SO line count in 2023?,"SELECT r.""Name"" AS rep_name, COUNT(lr.""SOLineNumber"") AS line_count
  FROM ""tbl_sales_order"" s
  JOIN ""tbl_so_line_rep"" lr ON lr.""SONumber"" = s.""SONumber""
  JOIN ""tbl_sales_rep"" r ON r.""SalesRep"" = lr.""SalesRep""
  WHERE EXTRACT(YEAR FROM s.""DateOrdered"") = 2023
  GROUP BY r.""Name""
  ORDER BY line_count DESC
  LIMIT 3;","tbl_sales_order,tbl_so_line_rep,tbl_sales_rep","tbl_so_line_rep.SalesRep,tbl_sales_rep.Name,tbl_sales_order.DateOrdered","sales_orders,commissions,top_n,temporal",trx_topn_reps_lines_year,14
T0261,medium,Who are the top 10 sales reps by SO line count in 2025?,"SELECT r.""Name"" AS rep_name, COUNT(lr.""SOLineNumber"") AS line_count
  FROM ""tbl_sales_order"" s
  JOIN ""tbl_so_line_rep"" lr ON lr.""SONumber"" = s.""SONumber""
  JOIN ""tbl_sales_rep"" r ON r.""SalesRep"" = lr.""SalesRep""
  WHERE EXTRACT(YEAR FROM s.""DateOrdered"") = 2025
  GROUP BY r.""Name""
  ORDER BY line_count DESC
  LIMIT 10;","tbl_sales_order,tbl_so_line_rep,tbl_sales_rep","tbl_so_line_rep.SalesRep,tbl_sales_rep.Name,tbl_sales_order.DateOrdered","sales_orders,commissions,top_n,temporal",trx_topn_reps_lines_year,14
T0071,hard,How many sales order lines does each sales rep have in 2025?,"SELECT r.""Name"" AS rep_name, COUNT(lr.""SOLineNumber"") AS line_count
  FROM ""tbl_sales_order"" s
  JOIN ""tbl_so_line_rep"" lr ON lr.""SONumber"" = s.""SONumber""
  JOIN ""tbl_sales_rep"" r ON r.""SalesRep"" = lr.""SalesRep""
  WHERE EXTRACT(YEAR FROM s.""DateOrdered"") = 2025
  GROUP BY r.""Name""
  ORDER BY line_count DESC;","tbl_sales_order,tbl_so_line_rep,tbl_sales_rep","tbl_so_line_rep.SalesRep,tbl_sales_rep.Name","sales_orders,commissions,join,temporal",trx_3join_so_rep_lines,7
T0443,hard,How many sales orders were shipped from location BENSON in 2021?,"SELECT ""ShipFromLocation"",
         COUNT(*) AS invoice_count,
         SUM(""InvoiceAmount"") AS total_invoiced
  FROM ""tbl_invoice""
  WHERE ""ShipFromLocation"" = 'BENSON'
    AND EXTRACT(YEAR FROM ""InvoiceDate"") = 2021
  GROUP BY ""ShipFromLocation"";",tbl_invoice,"tbl_invoice.ShipFromLocation,tbl_invoice.InvoiceDate","sales_orders,location,temporal",trx_loc_so_shipped_year,25
T0487,medium,Which items are stocked at both HUDW and BENSON?,"SELECT il1.""Item""
  FROM ""tbl_item_location"" il1
  WHERE il1.""Location"" = 'HUDW'
    AND EXISTS (
      SELECT 1 FROM ""tbl_item_location"" il2
      WHERE il2.""Item"" = il1.""Item"" AND il2.""Location"" = 'BENSON'
    )
  ORDER BY il1.""Item"";",tbl_item_location,"tbl_item_location.Item,tbl_item_location.Location","inventory,location",trx_itemloc_multi_location_items,30
T0205,medium,Who are the top 3 customers by total invoiced amount in 2022?,"SELECT c.""Name"" AS customer_name,
         COUNT(i.""InvoiceNumber"") AS invoice_count,
         SUM(i.""InvoiceAmount"") AS total_invoiced
  FROM ""tbl_invoice"" i
  JOIN ""tbl_customer"" c ON c.""Customer"" = i.""Customer""
  WHERE EXTRACT(YEAR FROM i.""InvoiceDate"") = 2022
  GROUP BY c.""Name""
  ORDER BY total_invoiced DESC
  LIMIT 3;","tbl_invoice,tbl_customer","tbl_invoice.Customer,tbl_invoice.InvoiceAmount,tbl_invoice.InvoiceDate,tbl_customer.Name","accounts_receivable,customers,top_n,temporal",trx_topn_customers_invoiced_year,14
T0299,medium,What was the total AP voucher amount by vendor in 2021?,"SELECT vn.""Name"" AS vendor_name,
         COUNT(v.""VoucherNumber"") AS voucher_count,
         SUM(v.""InvoiceAmount"") AS total_amount
  FROM ""tbl_voucher"" v
  JOIN ""tbl_vendor"" vn ON vn.""Vendor"" = v.""Vendor""
  WHERE EXTRACT(YEAR FROM v.""PaymentTermsDueDate"") = 2021
  GROUP BY vn.""Name""
  ORDER BY total_amount DESC;","tbl_voucher,tbl_vendor","tbl_voucher.Vendor,tbl_voucher.InvoiceAmount,tbl_voucher.PaymentTermsDueDate,tbl_vendor.Name","accounts_payable,vendors,join,temporal",trx_join_voucher_vendor_year,16
T0220,medium,Who are the top 3 vendors by number of purchase orders in 2022?,"SELECT v.""Name"" AS vendor_name, COUNT(p.""PONumber"") AS po_count
  FROM ""tbl_purchase_order"" p
  JOIN ""tbl_vendor"" v ON v.""Vendor"" = p.""VendorPurchaseFrom""
  WHERE EXTRACT(YEAR FROM p.""OrderDate"") = 2022
  GROUP BY v.""Name""
  ORDER BY po_count DESC
  LIMIT 3;","tbl_purchase_order,tbl_vendor","tbl_purchase_order.VendorPurchaseFrom,tbl_purchase_order.OrderDate,tbl_vendor.Name","purchasing,vendors,top_n,temporal",trx_topn_vendors_po_year,14
T0300,medium,What was the total AP voucher amount by vendor in 2022?,"SELECT vn.""Name"" AS vendor_name,
         COUNT(v.""VoucherNumber"") AS voucher_count,
         SUM(v.""InvoiceAmount"") AS total_amount
  FROM ""tbl_voucher"" v
  JOIN ""tbl_vendor"" vn ON vn.""Vendor"" = v.""Vendor""
  WHERE EXTRACT(YEAR FROM v.""PaymentTermsDueDate"") = 2022
  GROUP BY vn.""Name""
  ORDER BY total_amount DESC;","tbl_voucher,tbl_vendor","tbl_voucher.Vendor,tbl_voucher.InvoiceAmount,tbl_voucher.PaymentTermsDueDate,tbl_vendor.Name","accounts_payable,vendors,join,temporal",trx_join_voucher_vendor_year,16
T0383,hard,What is the average days between order date and required date for sales orders in 2022?,"SELECT ROUND(AVG((""DateRequired""::date - ""DateOrdered""::date)), 1) AS avg_days_to_required
  FROM ""tbl_sales_order""
  WHERE EXTRACT(YEAR FROM ""DateOrdered"") = 2022
    AND ""DateRequired"" IS NOT NULL
    AND ""DateRequired"" > ""DateOrdered"";",tbl_sales_order,"tbl_sales_order.DateOrdered,tbl_sales_order.DateRequired","sales_orders,temporal",trx_datemath_so_to_required,21
T0135,medium,How many purchase orders were placed each quarter in 2021?,"SELECT EXTRACT(QUARTER FROM ""OrderDate"") AS quarter,
         COUNT(*) AS po_count
  FROM ""tbl_purchase_order""
  WHERE EXTRACT(YEAR FROM ""OrderDate"") = 2021
  GROUP BY quarter
  ORDER BY quarter;",tbl_purchase_order,tbl_purchase_order.OrderDate,"purchasing,temporal,aggregation",trx_temp_po_by_quarter,13
T0276,medium,Who are the top 10 customers by sales order count in 2025?,"SELECT c.""Name"" AS customer_name, COUNT(s.""SONumber"") AS so_count
  FROM ""tbl_sales_order"" s
  JOIN ""tbl_customer"" c ON c.""Customer"" = s.""CustomerShipTo""
  WHERE EXTRACT(YEAR FROM s.""DateOrdered"") = 2025
  GROUP BY c.""Name""
  ORDER BY so_count DESC
  LIMIT 10;","tbl_sales_order,tbl_customer","tbl_sales_order.CustomerShipTo,tbl_sales_order.DateOrdered,tbl_customer.Name","sales_orders,customers,top_n,temporal",trx_topn_customers_so_year,14
T0288,medium,What was the total invoiced amount per customer in 2021?,"SELECT c.""Name"" AS customer_name,
         COUNT(i.""InvoiceNumber"") AS invoice_count,
         SUM(i.""InvoiceAmount"") AS total_invoiced,
         SUM(COALESCE(i.""PaidAmount"", 0)) AS total_paid
  FROM ""tbl_invoice"" i
  JOIN ""tbl_customer"" c ON c.""Customer"" = i.""Customer""
  WHERE EXTRACT(YEAR FROM i.""InvoiceDate"") = 2021
  GROUP BY c.""Name""
  ORDER BY total_invoiced DESC;","tbl_invoice,tbl_customer","tbl_invoice.Customer,tbl_invoice.InvoiceAmount,tbl_invoice.InvoiceDate,tbl_customer.Name","accounts_receivable,customers,join,temporal",trx_join_invoice_customer_year,16
T0382,hard,What is the average days between order date and required date for sales orders in 2021?,"SELECT ROUND(AVG((""DateRequired""::date - ""DateOrdered""::date)), 1) AS avg_days_to_required
  FROM ""tbl_sales_order""
  WHERE EXTRACT(YEAR FROM ""DateOrdered"") = 2021
    AND ""DateRequired"" IS NOT NULL
    AND ""DateRequired"" > ""DateOrdered"";",tbl_sales_order,"tbl_sales_order.DateOrdered,tbl_sales_order.DateRequired","sales_orders,temporal",trx_datemath_so_to_required,21
T0127,medium,How many sales orders were placed each quarter in 2023?,"SELECT EXTRACT(QUARTER FROM ""DateOrdered"") AS quarter,
         COUNT(*) AS order_count
  FROM ""tbl_sales_order""
  WHERE EXTRACT(YEAR FROM ""DateOrdered"") = 2023
  GROUP BY quarter
  ORDER BY quarter;",tbl_sales_order,tbl_sales_order.DateOrdered,"sales_orders,temporal,aggregation",trx_temp_so_by_quarter,13
T0072,hard,Which stock items have never been ordered?,"SELECT i.""Item"", i.""Description"", i.""StockUOM""
  FROM ""tbl_item"" i
  WHERE i.""Type"" = 'STOCK'
    AND NOT EXISTS (
      SELECT 1 FROM ""tbl_so_line"" l WHERE l.""Item"" = i.""Item""
    )
  ORDER BY i.""Item"";","tbl_item,tbl_so_line","tbl_item.Item,tbl_item.Type,tbl_so_line.Item","inventory,anti_join",trx_antijoin_items_not_ordered,8
T0504,hard,What is the average unit cost vs unit price for items invoiced in 2021?,"SELECT il.""Item"",
         AVG(il.""UnitPrice"") AS avg_unit_price,
         AVG(il.""Cost"") AS avg_unit_cost,
         AVG(il.""UnitPrice"" - il.""Cost"") AS avg_margin
  FROM ""tbl_invoice"" i
  JOIN ""tbl_invoice_line"" il ON il.""InvoiceNumber"" = i.""InvoiceNumber""
  WHERE EXTRACT(YEAR FROM i.""InvoiceDate"") = 2021
    AND il.""Item"" IS NOT NULL AND il.""Item"" != ''
    AND il.""UnitPrice"" > 0
  GROUP BY il.""Item""
  ORDER BY avg_margin DESC NULLS LAST
  LIMIT 20;","tbl_invoice,tbl_invoice_line","tbl_invoice_line.Item,tbl_invoice_line.UnitPrice,tbl_invoice_line.Cost,tbl_invoice.InvoiceDate","inventory,accounts_receivable,temporal",trx_item_cost_vs_price_year,32
T0074,hard,Which customers placed no sales orders in 2022?,"SELECT c.""Customer"", c.""Name"", c.""ARBalance""
  FROM ""tbl_customer"" c
  WHERE NOT EXISTS (
    SELECT 1 FROM ""tbl_sales_order"" s
    WHERE s.""CustomerShipTo"" = c.""Customer""
      AND EXTRACT(YEAR FROM s.""DateOrdered"") = 2022
  )
  ORDER BY c.""Name"";","tbl_customer,tbl_sales_order","tbl_customer.Customer,tbl_sales_order.CustomerShipTo,tbl_sales_order.DateOrdered","customers,anti_join,temporal",trx_antijoin_customers_no_orders_year,8
T0235,medium,What are the top 3 items by total quantity purchased in 2022?,"SELECT l.""Item"",
         SUM(NULLIF(l.""Quantity"", '')::numeric) AS total_qty_ordered
  FROM ""tbl_purchase_order"" p
  JOIN ""tbl_purchase_order_line"" l ON l.""PONumber"" = p.""PONumber""
  WHERE EXTRACT(YEAR FROM p.""OrderDate"") = 2022
    AND l.""Item"" IS NOT NULL AND l.""Item"" != ''
  GROUP BY l.""Item""
  ORDER BY total_qty_ordered DESC NULLS LAST
  LIMIT 3;","tbl_purchase_order,tbl_purchase_order_line","tbl_purchase_order_line.Item,tbl_purchase_order_line.Quantity,tbl_purchase_order.OrderDate","inventory,purchasing,top_n,temporal",trx_topn_items_po_qty_year,14
T0330,hard,How many SO lines did each sales rep process per customer in 2021?,"SELECT r.""Name"" AS rep_name, c.""Name"" AS customer_name,
         COUNT(lr.""SOLineNumber"") AS line_count
  FROM ""tbl_sales_order"" s
  JOIN ""tbl_so_line_rep"" lr ON lr.""SONumber"" = s.""SONumber""
  JOIN ""tbl_sales_rep"" r ON r.""SalesRep"" = lr.""SalesRep""
  JOIN ""tbl_customer"" c ON c.""Customer"" = s.""CustomerShipTo""
  WHERE EXTRACT(YEAR FROM s.""DateOrdered"") = 2021
  GROUP BY r.""Name"", c.""Name""
  ORDER BY line_count DESC
  LIMIT 20;","tbl_sales_order,tbl_so_line_rep,tbl_sales_rep,tbl_customer","tbl_so_line_rep.SalesRep,tbl_sales_rep.Name,tbl_sales_order.CustomerShipTo,tbl_sales_order.DateOrdered,tbl_customer.Name","sales_orders,commissions,join,temporal",trx_3join_so_rep_customer_year,17
T0203,medium,Who are the top 5 customers by total invoiced amount in 2021?,"SELECT c.""Name"" AS customer_name,
         COUNT(i.""InvoiceNumber"") AS invoice_count,
         SUM(i.""InvoiceAmount"") AS total_invoiced
  FROM ""tbl_invoice"" i
  JOIN ""tbl_customer"" c ON c.""Customer"" = i.""Customer""
  WHERE EXTRACT(YEAR FROM i.""InvoiceDate"") = 2021
  GROUP BY c.""Name""
  ORDER BY total_invoiced DESC
  LIMIT 5;","tbl_invoice,tbl_customer","tbl_invoice.Customer,tbl_invoice.InvoiceAmount,tbl_invoice.InvoiceDate,tbl_customer.Name","accounts_receivable,customers,top_n,temporal",trx_topn_customers_invoiced_year,14
T0256,medium,Who are the top 3 sales reps by SO line count in 2024?,"SELECT r.""Name"" AS rep_name, COUNT(lr.""SOLineNumber"") AS line_count
  FROM ""tbl_sales_order"" s
  JOIN ""tbl_so_line_rep"" lr ON lr.""SONumber"" = s.""SONumber""
  JOIN ""tbl_sales_rep"" r ON r.""SalesRep"" = lr.""SalesRep""
  WHERE EXTRACT(YEAR FROM s.""DateOrdered"") = 2024
  GROUP BY r.""Name""
  ORDER BY line_count DESC
  LIMIT 3;","tbl_sales_order,tbl_so_line_rep,tbl_sales_rep","tbl_so_line_rep.SalesRep,tbl_sales_rep.Name,tbl_sales_order.DateOrdered","sales_orders,commissions,top_n,temporal",trx_topn_reps_lines_year,14
T0336,hard,Which customers have never had an invoice?,"SELECT c.""Customer"", c.""Name"", c.""ARBalance""
  FROM ""tbl_customer"" c
  WHERE NOT EXISTS (
    SELECT 1 FROM ""tbl_invoice"" i WHERE i.""Customer"" = c.""Customer""
  )
  ORDER BY c.""Name"";","tbl_customer,tbl_invoice","tbl_customer.Customer,tbl_invoice.Customer","customers,accounts_receivable,anti_join",trx_antijoin_customers_no_invoice,18
T0468,hard,What is the total expense posted to each expense GL account in 2021?,"SELECT je.""AccountNumber"", a.""Description"",
         SUM(je.""DebitAmount"") AS total_debits
  FROM ""tbl_je_line_item"" je
  JOIN ""tbl_gl_account"" a ON a.""AccountId"" = je.""AccountNumber""
  WHERE a.""AccountType"" = 'EXP'
    AND EXTRACT(YEAR FROM je.""TransactionDate"") = 2021
  GROUP BY je.""AccountNumber"", a.""Description""
  ORDER BY total_debits DESC;","tbl_je_line_item,tbl_gl_account","tbl_je_line_item.AccountNumber,tbl_je_line_item.DebitAmount,tbl_je_line_item.TransactionDate,tbl_gl_account.AccountType","general_ledger,temporal",trx_gl_expense_accounts_year,27
T0440,hard,How many sales orders were shipped from location HUDW in 2023?,"SELECT ""ShipFromLocation"",
         COUNT(*) AS invoice_count,
         SUM(""InvoiceAmount"") AS total_invoiced
  FROM ""tbl_invoice""
  WHERE ""ShipFromLocation"" = 'HUDW'
    AND EXTRACT(YEAR FROM ""InvoiceDate"") = 2023
  GROUP BY ""ShipFromLocation"";",tbl_invoice,"tbl_invoice.ShipFromLocation,tbl_invoice.InvoiceDate","sales_orders,location,temporal",trx_loc_so_shipped_year,25
T0368,hard,Show cumulative invoiced amount by month in 2025.,"SELECT DATE_TRUNC('month', ""InvoiceDate"") AS month,
         SUM(""InvoiceAmount"") AS monthly_amount,
         SUM(SUM(""InvoiceAmount"")) OVER (ORDER BY DATE_TRUNC('month', ""InvoiceDate"")) AS running_total
  FROM ""tbl_invoice""
  WHERE EXTRACT(YEAR FROM ""InvoiceDate"") = 2025
  GROUP BY month
  ORDER BY month;",tbl_invoice,"tbl_invoice.InvoiceDate,tbl_invoice.InvoiceAmount","accounts_receivable,window_function,temporal",trx_window_invoice_running_year,20
T0291,medium,What was the total invoiced amount per customer in 2024?,"SELECT c.""Name"" AS customer_name,
         COUNT(i.""InvoiceNumber"") AS invoice_count,
         SUM(i.""InvoiceAmount"") AS total_invoiced,
         SUM(COALESCE(i.""PaidAmount"", 0)) AS total_paid
  FROM ""tbl_invoice"" i
  JOIN ""tbl_customer"" c ON c.""Customer"" = i.""Customer""
  WHERE EXTRACT(YEAR FROM i.""InvoiceDate"") = 2024
  GROUP BY c.""Name""
  ORDER BY total_invoiced DESC;","tbl_invoice,tbl_customer","tbl_invoice.Customer,tbl_invoice.InvoiceAmount,tbl_invoice.InvoiceDate,tbl_customer.Name","accounts_receivable,customers,join,temporal",trx_join_invoice_customer_year,16
T0109,easy,List all standard sales orders placed in 2025.,"SELECT ""SONumber"", ""CustomerShipTo"", ""SellingLocation"", ""DateOrdered"", ""Status""
  FROM ""tbl_sales_order""
  WHERE ""Type"" = 'STAND'
    AND EXTRACT(YEAR FROM ""DateOrdered"") = 2025
  ORDER BY ""DateOrdered"" DESC;",tbl_sales_order,"tbl_sales_order.Type,tbl_sales_order.DateOrdered","sales_orders,lookup,temporal",trx_lookup_so_stand_year,11
T0034,medium,Who are the top 10 vendors by number of purchase orders?,"SELECT v.""Name"" AS vendor_name, COUNT(p.""PONumber"") AS po_count
  FROM ""tbl_purchase_order"" p
  JOIN ""tbl_vendor"" v ON v.""Vendor"" = p.""VendorPurchaseFrom""
  GROUP BY v.""Name""
  ORDER BY po_count DESC
  LIMIT 10;","tbl_purchase_order,tbl_vendor","tbl_purchase_order.VendorPurchaseFrom,tbl_vendor.Name","purchasing,vendors,top_n",trx_topn_vendors_by_po_count,5
T0138,medium,How many purchase orders were placed each quarter in 2024?,"SELECT EXTRACT(QUARTER FROM ""OrderDate"") AS quarter,
         COUNT(*) AS po_count
  FROM ""tbl_purchase_order""
  WHERE EXTRACT(YEAR FROM ""OrderDate"") = 2024
  GROUP BY quarter
  ORDER BY quarter;",tbl_purchase_order,tbl_purchase_order.OrderDate,"purchasing,temporal,aggregation",trx_temp_po_by_quarter,13
T0206,medium,Who are the top 5 customers by total invoiced amount in 2022?,"SELECT c.""Name"" AS customer_name,
         COUNT(i.""InvoiceNumber"") AS invoice_count,
         SUM(i.""InvoiceAmount"") AS total_invoiced
  FROM ""tbl_invoice"" i
  JOIN ""tbl_customer"" c ON c.""Customer"" = i.""Customer""
  WHERE EXTRACT(YEAR FROM i.""InvoiceDate"") = 2022
  GROUP BY c.""Name""
  ORDER BY total_invoiced DESC
  LIMIT 5;","tbl_invoice,tbl_customer","tbl_invoice.Customer,tbl_invoice.InvoiceAmount,tbl_invoice.InvoiceDate,tbl_customer.Name","accounts_receivable,customers,top_n,temporal",trx_topn_customers_invoiced_year,14
T0162,medium,How many sales orders were opened vs closed each month in 2023?,"SELECT DATE_TRUNC('month', ""DateOrdered"") AS month,
         SUM(CASE WHEN ""Status"" = 'OPEN' THEN 1 ELSE 0 END) AS open_count,
         SUM(CASE WHEN ""Status"" = 'CLOSED' THEN 1 ELSE 0 END) AS closed_count
  FROM ""tbl_sales_order""
  WHERE EXTRACT(YEAR FROM ""DateOrdered"") = 2023
  GROUP BY month
  ORDER BY month;",tbl_sales_order,"tbl_sales_order.DateOrdered,tbl_sales_order.Status","sales_orders,temporal,aggregation",trx_temp_so_open_closed_year,13
T0413,hard,Which items were sold in 2025 but never purchased in 2025?,"SELECT sl.""Item""
  FROM ""tbl_so_line"" sl
  JOIN ""tbl_sales_order"" s ON s.""SONumber"" = sl.""SONumber""
  WHERE EXTRACT(YEAR FROM s.""DateOrdered"") = 2025
    AND sl.""Item"" IS NOT NULL AND sl.""Item"" != ''
  EXCEPT
  SELECT pl.""Item""
  FROM ""tbl_purchase_order_line"" pl
  JOIN ""tbl_purchase_order"" p ON p.""PONumber"" = pl.""PONumber""
  WHERE EXTRACT(YEAR FROM p.""OrderDate"") = 2025
    AND pl.""Item"" IS NOT NULL AND pl.""Item"" != ''
  ORDER BY ""Item"";","tbl_so_line,tbl_sales_order,tbl_purchase_order_line,tbl_purchase_order","tbl_so_line.Item,tbl_sales_order.DateOrdered,tbl_purchase_order_line.Item,tbl_purchase_order.OrderDate","inventory,except,temporal",trx_except_items_so_not_po_year,24
T0017,easy,Count purchase orders by status.,"SELECT ""Status"", COUNT(*) AS po_count
  FROM ""tbl_purchase_order""
  GROUP BY ""Status""
  ORDER BY po_count DESC;",tbl_purchase_order,tbl_purchase_order.Status,"purchasing,aggregation",trx_agg_po_by_status,2
T0421,hard,Which vendors had purchase orders in 2023 but no AP vouchers in 2023?,"SELECT ""VendorPurchaseFrom"" AS vendor_code
  FROM ""tbl_purchase_order""
  WHERE EXTRACT(YEAR FROM ""OrderDate"") = 2023
  EXCEPT
  SELECT ""Vendor"" AS vendor_code
  FROM ""tbl_voucher""
  WHERE EXTRACT(YEAR FROM ""PaymentTermsDueDate"") = 2023
  ORDER BY vendor_code;","tbl_purchase_order,tbl_voucher","tbl_purchase_order.VendorPurchaseFrom,tbl_purchase_order.OrderDate,tbl_voucher.Vendor,tbl_voucher.PaymentTermsDueDate","vendors,except,temporal",trx_except_vendors_po_not_voucher_year,24
T0118,easy,How many work orders are there by accounting status?,"SELECT ""AccountingStatus"", COUNT(*) AS wo_count
  FROM ""tbl_work_order""
  GROUP BY ""AccountingStatus""
  ORDER BY wo_count DESC;",tbl_work_order,tbl_work_order.AccountingStatus,"warehouse,aggregation",trx_agg_wip_by_accounting_status,12
T0029,medium,Who are the top 3 customers by number of sales orders?,"SELECT c.""Name"" AS customer_name, COUNT(s.""SONumber"") AS so_count
  FROM ""tbl_sales_order"" s
  JOIN ""tbl_customer"" c ON c.""Customer"" = s.""CustomerShipTo""
  GROUP BY c.""Name""
  ORDER BY so_count DESC
  LIMIT 3;","tbl_sales_order,tbl_customer","tbl_sales_order.CustomerShipTo,tbl_customer.Name","sales_orders,customers,top_n",trx_topn_customers_by_so,5
T0398,hard,What is the average SO line fulfillment rate (shipped/ordered) by customer in 2023?,"WITH line_rates AS (
    SELECT s.""CustomerShipTo"",
           NULLIF(l.""Quantity"", '')::numeric AS qty_ordered,
           NULLIF(l.""QuantityShipped"", '')::numeric AS qty_shipped
    FROM ""tbl_sales_order"" s
    JOIN ""tbl_so_line"" l ON l.""SONumber"" = s.""SONumber""
    WHERE EXTRACT(YEAR FROM s.""DateOrdered"") = 2023
      AND NULLIF(l.""Quantity"", '')::numeric > 0
  )
  SELECT c.""Name"" AS customer_name,
         COUNT(*) AS line_count,
         ROUND(
           100.0 * SUM(COALESCE(lr.qty_shipped, 0)) /
           NULLIF(SUM(lr.qty_ordered), 0),
           1
         ) AS fulfillment_pct
  FROM line_rates lr
  JOIN ""tbl_customer"" c ON c.""Customer"" = lr.""CustomerShipTo""
  GROUP BY c.""Name""
  ORDER BY fulfillment_pct ASC NULLS LAST;","tbl_sales_order,tbl_so_line,tbl_customer","tbl_sales_order.DateOrdered,tbl_so_line.Quantity,tbl_so_line.QuantityShipped,tbl_sales_order.CustomerShipTo,tbl_customer.Name","sales_orders,customers,cte,temporal",trx_cte_so_fulfillment_year,22
T0394,hard,"Show AR aging summary by bucket: current, 1-30 days, 31-60 days, 61-90 days, over 90 days.","WITH aged AS (
    SELECT ""InvoiceNumber"", ""Customer"", ""InvoiceAmount"",
           CURRENT_DATE - ""InvoiceDueDate""::date AS days_overdue
    FROM ""tbl_invoice""
    WHERE ""Status"" = 'OPEN'
      AND ""InvoiceDueDate"" IS NOT NULL
  )
  SELECT
    SUM(CASE WHEN days_overdue <= 0 THEN ""InvoiceAmount"" ELSE 0 END) AS current_amount,
    SUM(CASE WHEN days_overdue BETWEEN 1 AND 30 THEN ""InvoiceAmount"" ELSE 0 END) AS days_1_30,
    SUM(CASE WHEN days_overdue BETWEEN 31 AND 60 THEN ""InvoiceAmount"" ELSE 0 END) AS days_31_60,
    SUM(CASE WHEN days_overdue BETWEEN 61 AND 90 THEN ""InvoiceAmount"" ELSE 0 END) AS days_61_90,
    SUM(CASE WHEN days_overdue > 90 THEN ""InvoiceAmount"" ELSE 0 END) AS over_90
  FROM aged;",tbl_invoice,"tbl_invoice.Status,tbl_invoice.InvoiceDueDate,tbl_invoice.InvoiceAmount","accounts_receivable,cte",trx_cte_ar_aging,22
T0432,medium,What are the top 10 items by quantity on hand at location HUDW?,"SELECT il.""Item"", im.""Description"", im.""Type"",
         NULLIF(il.""QuantityOnHand"", '')::numeric AS qty_on_hand
  FROM ""tbl_item_location"" il
  JOIN ""tbl_item"" im ON im.""Item"" = il.""Item""
  WHERE il.""Location"" = 'HUDW'
    AND NULLIF(il.""QuantityOnHand"", '')::numeric > 0
  ORDER BY NULLIF(il.""QuantityOnHand"", '')::numeric DESC NULLS LAST
  LIMIT 10;","tbl_item_location,tbl_item","tbl_item_location.Location,tbl_item_location.QuantityOnHand,tbl_item.Description","inventory,location,top_n",trx_loc_topn_items,25
T0167,medium,What was the total AP voucher amount by month in 2023?,"SELECT DATE_TRUNC('month', ""PaymentTermsDueDate"") AS month,
         COUNT(*) AS voucher_count,
         SUM(""InvoiceAmount"") AS total_amount
  FROM ""tbl_voucher""
  WHERE EXTRACT(YEAR FROM ""PaymentTermsDueDate"") = 2023
  GROUP BY month
  ORDER BY month;",tbl_voucher,"tbl_voucher.PaymentTermsDueDate,tbl_voucher.InvoiceAmount","accounts_payable,temporal,aggregation",trx_temp_voucher_by_month,13
T0351,medium,Which customers have placed at least 10 sales orders?,"SELECT c.""Name"" AS customer_name, COUNT(s.""SONumber"") AS so_count
  FROM ""tbl_sales_order"" s
  JOIN ""tbl_customer"" c ON c.""Customer"" = s.""CustomerShipTo""
  GROUP BY c.""Name""
  HAVING COUNT(s.""SONumber"") >= 10
  ORDER BY so_count DESC;","tbl_sales_order,tbl_customer","tbl_sales_order.CustomerShipTo,tbl_customer.Name","sales_orders,customers,having",trx_having_customers_min_so,19
T0113,easy,How many sales orders are there by selling location?,"SELECT ""SellingLocation"", COUNT(*) AS order_count
  FROM ""tbl_sales_order""
  WHERE ""SellingLocation"" IS NOT NULL
  GROUP BY ""SellingLocation""
  ORDER BY order_count DESC;",tbl_sales_order,tbl_sales_order.SellingLocation,"sales_orders,aggregation",trx_agg_so_by_location,12
T0286,medium,How many sales orders did each customer place in 2024?,"SELECT c.""Name"" AS customer_name,
         COUNT(s.""SONumber"") AS so_count
  FROM ""tbl_sales_order"" s
  JOIN ""tbl_customer"" c ON c.""Customer"" = s.""CustomerShipTo""
  WHERE EXTRACT(YEAR FROM s.""DateOrdered"") = 2024
  GROUP BY c.""Name""
  ORDER BY so_count DESC;","tbl_sales_order,tbl_customer","tbl_sales_order.CustomerShipTo,tbl_sales_order.DateOrdered,tbl_customer.Name","sales_orders,customers,join,temporal",trx_join_so_customer_year,16
T0353,medium,Which items are stocked at more than 5 locations?,"SELECT ""Item"", COUNT(DISTINCT ""Location"") AS location_count
  FROM ""tbl_item_location""
  GROUP BY ""Item""
  HAVING COUNT(DISTINCT ""Location"") > 5
  ORDER BY location_count DESC;",tbl_item_location,"tbl_item_location.Item,tbl_item_location.Location","inventory,having",trx_having_items_multi_location,19
T0328,hard,What is the total invoiced amount by customer state in 2025?,"SELECT c.""StateOrProvince"",
         COUNT(DISTINCT i.""Customer"") AS customer_count,
         COUNT(i.""InvoiceNumber"") AS invoice_count,
         SUM(i.""InvoiceAmount"") AS total_invoiced
  FROM ""tbl_invoice"" i
  JOIN ""tbl_customer"" c ON c.""Customer"" = i.""Customer""
  WHERE EXTRACT(YEAR FROM i.""InvoiceDate"") = 2025
    AND c.""StateOrProvince"" IS NOT NULL
  GROUP BY c.""StateOrProvince""
  ORDER BY total_invoiced DESC;","tbl_invoice,tbl_customer","tbl_invoice.Customer,tbl_invoice.InvoiceAmount,tbl_invoice.InvoiceDate,tbl_customer.StateOrProvince","accounts_receivable,customers,join,temporal",trx_3join_invoice_customer_state_year,17
T0139,medium,How many purchase orders were placed each quarter in 2025?,"SELECT EXTRACT(QUARTER FROM ""OrderDate"") AS quarter,
         COUNT(*) AS po_count
  FROM ""tbl_purchase_order""
  WHERE EXTRACT(YEAR FROM ""OrderDate"") = 2025
  GROUP BY quarter
  ORDER BY quarter;",tbl_purchase_order,tbl_purchase_order.OrderDate,"purchasing,temporal,aggregation",trx_temp_po_by_quarter,13
T0472,hard,What is the total expense posted to each expense GL account in 2025?,"SELECT je.""AccountNumber"", a.""Description"",
         SUM(je.""DebitAmount"") AS total_debits
  FROM ""tbl_je_line_item"" je
  JOIN ""tbl_gl_account"" a ON a.""AccountId"" = je.""AccountNumber""
  WHERE a.""AccountType"" = 'EXP'
    AND EXTRACT(YEAR FROM je.""TransactionDate"") = 2025
  GROUP BY je.""AccountNumber"", a.""Description""
  ORDER BY total_debits DESC;","tbl_je_line_item,tbl_gl_account","tbl_je_line_item.AccountNumber,tbl_je_line_item.DebitAmount,tbl_je_line_item.TransactionDate,tbl_gl_account.AccountType","general_ledger,temporal",trx_gl_expense_accounts_year,27
T0237,medium,What are the top 10 items by total quantity purchased in 2022?,"SELECT l.""Item"",
         SUM(NULLIF(l.""Quantity"", '')::numeric) AS total_qty_ordered
  FROM ""tbl_purchase_order"" p
  JOIN ""tbl_purchase_order_line"" l ON l.""PONumber"" = p.""PONumber""
  WHERE EXTRACT(YEAR FROM p.""OrderDate"") = 2022
    AND l.""Item"" IS NOT NULL AND l.""Item"" != ''
  GROUP BY l.""Item""
  ORDER BY total_qty_ordered DESC NULLS LAST
  LIMIT 10;","tbl_purchase_order,tbl_purchase_order_line","tbl_purchase_order_line.Item,tbl_purchase_order_line.Quantity,tbl_purchase_order.OrderDate","inventory,purchasing,top_n,temporal",trx_topn_items_po_qty_year,14
T0466,hard,What is the total GL posting amount by location in 2024?,"SELECT ""Location"",
         COUNT(*) AS entry_count,
         SUM(""DebitAmount"") AS total_debits,
         SUM(""CreditAmount"") AS total_credits
  FROM ""tbl_je_line_item""
  WHERE EXTRACT(YEAR FROM ""TransactionDate"") = 2024
    AND ""Location"" IS NOT NULL
  GROUP BY ""Location""
  ORDER BY total_debits DESC;",tbl_je_line_item,"tbl_je_line_item.Location,tbl_je_line_item.DebitAmount,tbl_je_line_item.TransactionDate","general_ledger,temporal",trx_gl_by_location_year,27
T0126,medium,How many sales orders were placed each quarter in 2022?,"SELECT EXTRACT(QUARTER FROM ""DateOrdered"") AS quarter,
         COUNT(*) AS order_count
  FROM ""tbl_sales_order""
  WHERE EXTRACT(YEAR FROM ""DateOrdered"") = 2022
  GROUP BY quarter
  ORDER BY quarter;",tbl_sales_order,tbl_sales_order.DateOrdered,"sales_orders,temporal,aggregation",trx_temp_so_by_quarter,13
T0501,hard,What is the monthly invoice revenue for the top items in 2023?,"SELECT DATE_TRUNC('month', i.""InvoiceDate"") AS month,
         COUNT(DISTINCT il.""Item"") AS item_count,
         SUM(NULLIF(il.""Quantity"", '')::numeric * il.""UnitPrice"") AS total_revenue
  FROM ""tbl_invoice"" i
  JOIN ""tbl_invoice_line"" il ON il.""InvoiceNumber"" = i.""InvoiceNumber""
  WHERE EXTRACT(YEAR FROM i.""InvoiceDate"") = 2023
    AND il.""Item"" IS NOT NULL AND il.""Item"" != ''
  GROUP BY month
  ORDER BY month;","tbl_invoice,tbl_invoice_line","tbl_invoice_line.Item,tbl_invoice_line.Quantity,tbl_invoice_line.UnitPrice,tbl_invoice.InvoiceDate","inventory,accounts_receivable,temporal",trx_item_invoice_revenue_by_month_year,32
T0274,medium,Who are the top 3 customers by sales order count in 2025?,"SELECT c.""Name"" AS customer_name, COUNT(s.""SONumber"") AS so_count
  FROM ""tbl_sales_order"" s
  JOIN ""tbl_customer"" c ON c.""Customer"" = s.""CustomerShipTo""
  WHERE EXTRACT(YEAR FROM s.""DateOrdered"") = 2025
  GROUP BY c.""Name""
  ORDER BY so_count DESC
  LIMIT 3;","tbl_sales_order,tbl_customer","tbl_sales_order.CustomerShipTo,tbl_sales_order.DateOrdered,tbl_customer.Name","sales_orders,customers,top_n,temporal",trx_topn_customers_so_year,14
T0088,extra_hard,What is the total inventory value by location?,"SELECT il.""Location"",
         COUNT(DISTINCT il.""Item"") AS item_count,
         SUM(NULLIF(il.""QuantityOnHand"", '')::numeric * im.""StandardCost"") AS inventory_value
  FROM ""tbl_item_location"" il
  JOIN ""tbl_item"" im ON im.""Item"" = il.""Item""
  WHERE NULLIF(il.""QuantityOnHand"", '')::numeric > 0
  GROUP BY il.""Location""
  ORDER BY inventory_value DESC NULLS LAST;","tbl_item_location,tbl_item","tbl_item_location.Location,tbl_item_location.QuantityOnHand,tbl_item.StandardCost","inventory,aggregation",trx_xhard_inventory_value_by_location,10
T0469,hard,What is the total expense posted to each expense GL account in 2022?,"SELECT je.""AccountNumber"", a.""Description"",
         SUM(je.""DebitAmount"") AS total_debits
  FROM ""tbl_je_line_item"" je
  JOIN ""tbl_gl_account"" a ON a.""AccountId"" = je.""AccountNumber""
  WHERE a.""AccountType"" = 'EXP'
    AND EXTRACT(YEAR FROM je.""TransactionDate"") = 2022
  GROUP BY je.""AccountNumber"", a.""Description""
  ORDER BY total_debits DESC;","tbl_je_line_item,tbl_gl_account","tbl_je_line_item.AccountNumber,tbl_je_line_item.DebitAmount,tbl_je_line_item.TransactionDate,tbl_gl_account.AccountType","general_ledger,temporal",trx_gl_expense_accounts_year,27
T0312,hard,What is the total quantity sold per item in 2024?,"SELECT l.""Item"", im.""Description"",
         SUM(NULLIF(l.""Quantity"", '')::numeric) AS total_qty_sold
  FROM ""tbl_sales_order"" s
  JOIN ""tbl_so_line"" l ON l.""SONumber"" = s.""SONumber""
  JOIN ""tbl_item"" im ON im.""Item"" = l.""Item""
  WHERE EXTRACT(YEAR FROM s.""DateOrdered"") = 2024
    AND l.""Item"" IS NOT NULL AND l.""Item"" != ''
  GROUP BY l.""Item"", im.""Description""
  ORDER BY total_qty_sold DESC NULLS LAST
  LIMIT 20;","tbl_sales_order,tbl_so_line,tbl_item","tbl_sales_order.DateOrdered,tbl_so_line.Item,tbl_so_line.Quantity,tbl_item.Description","sales_orders,inventory,join,temporal",trx_3join_so_line_item_year,17
T0037,medium,What are the top 10 most frequently ordered items?,"SELECT ""Item"", ""Description"", COUNT(*) AS order_line_count
  FROM ""tbl_so_line""
  WHERE ""Item"" IS NOT NULL AND ""Item"" != ''
  GROUP BY ""Item"", ""Description""
  ORDER BY order_line_count DESC
  LIMIT 10;",tbl_so_line,tbl_so_line.Item,"inventory,sales_orders,top_n",trx_topn_items_ordered,5
T0332,hard,How many SO lines did each sales rep process per customer in 2023?,"SELECT r.""Name"" AS rep_name, c.""Name"" AS customer_name,
         COUNT(lr.""SOLineNumber"") AS line_count
  FROM ""tbl_sales_order"" s
  JOIN ""tbl_so_line_rep"" lr ON lr.""SONumber"" = s.""SONumber""
  JOIN ""tbl_sales_rep"" r ON r.""SalesRep"" = lr.""SalesRep""
  JOIN ""tbl_customer"" c ON c.""Customer"" = s.""CustomerShipTo""
  WHERE EXTRACT(YEAR FROM s.""DateOrdered"") = 2023
  GROUP BY r.""Name"", c.""Name""
  ORDER BY line_count DESC
  LIMIT 20;","tbl_sales_order,tbl_so_line_rep,tbl_sales_rep,tbl_customer","tbl_so_line_rep.SalesRep,tbl_sales_rep.Name,tbl_sales_order.CustomerShipTo,tbl_sales_order.DateOrdered,tbl_customer.Name","sales_orders,commissions,join,temporal",trx_3join_so_rep_customer_year,17
T0350,medium,Which customers have placed at least 5 sales orders?,"SELECT c.""Name"" AS customer_name, COUNT(s.""SONumber"") AS so_count
  FROM ""tbl_sales_order"" s
  JOIN ""tbl_customer"" c ON c.""Customer"" = s.""CustomerShipTo""
  GROUP BY c.""Name""
  HAVING COUNT(s.""SONumber"") >= 5
  ORDER BY so_count DESC;","tbl_sales_order,tbl_customer","tbl_sales_order.CustomerShipTo,tbl_customer.Name","sales_orders,customers,having",trx_having_customers_min_so,19
T0360,medium,Which sales reps have more than 10 commission lines reported?,"SELECT r.""Name"" AS rep_name, COUNT(c.""InvoiceNumber"") AS commission_lines
  FROM ""tbl_tiered_commission"" c
  JOIN ""tbl_sales_rep"" r ON r.""SalesRep"" = c.""SalesRep""
  GROUP BY r.""Name""
  HAVING COUNT(c.""InvoiceNumber"") > 10
  ORDER BY commission_lines DESC;","tbl_tiered_commission,tbl_sales_rep","tbl_tiered_commission.SalesRep,tbl_sales_rep.Name","commissions,having",trx_having_reps_min_commission,19
T0137,medium,How many purchase orders were placed each quarter in 2023?,"SELECT EXTRACT(QUARTER FROM ""OrderDate"") AS quarter,
         COUNT(*) AS po_count
  FROM ""tbl_purchase_order""
  WHERE EXTRACT(YEAR FROM ""OrderDate"") = 2023
  GROUP BY quarter
  ORDER BY quarter;",tbl_purchase_order,tbl_purchase_order.OrderDate,"purchasing,temporal,aggregation",trx_temp_po_by_quarter,13
T0344,hard,Which items were sold in 2021 but never purchased in 2021?,"SELECT DISTINCT sl.""Item""
  FROM ""tbl_so_line"" sl
  JOIN ""tbl_sales_order"" s ON s.""SONumber"" = sl.""SONumber""
  WHERE EXTRACT(YEAR FROM s.""DateOrdered"") = 2021
    AND sl.""Item"" IS NOT NULL AND sl.""Item"" != ''
    AND NOT EXISTS (
      SELECT 1 FROM ""tbl_purchase_order_line"" pl
      JOIN ""tbl_purchase_order"" p ON p.""PONumber"" = pl.""PONumber""
      WHERE pl.""Item"" = sl.""Item""
        AND EXTRACT(YEAR FROM p.""OrderDate"") = 2021
    )
  ORDER BY sl.""Item"";","tbl_so_line,tbl_sales_order,tbl_purchase_order_line,tbl_purchase_order","tbl_so_line.Item,tbl_sales_order.DateOrdered,tbl_purchase_order_line.Item,tbl_purchase_order.OrderDate","inventory,anti_join,temporal",trx_antijoin_items_sold_not_purchased_year,18
T0108,easy,List all standard sales orders placed in 2024.,"SELECT ""SONumber"", ""CustomerShipTo"", ""SellingLocation"", ""DateOrdered"", ""Status""
  FROM ""tbl_sales_order""
  WHERE ""Type"" = 'STAND'
    AND EXTRACT(YEAR FROM ""DateOrdered"") = 2024
  ORDER BY ""DateOrdered"" DESC;",tbl_sales_order,"tbl_sales_order.Type,tbl_sales_order.DateOrdered","sales_orders,lookup,temporal",trx_lookup_so_stand_year,11
T0182,medium,Which 5 customers have the highest credit limit?,"SELECT ""Customer"", ""Name"", ""CreditLimit"", ""ARBalance""
  FROM ""tbl_customer""
  WHERE ""CreditLimit"" IS NOT NULL AND ""CreditLimit"" > 0
  ORDER BY ""CreditLimit"" DESC
  LIMIT 5;",tbl_customer,"tbl_customer.CreditLimit,tbl_customer.Name","customers,top_n",trx_topn_customers_credit,14
T0190,medium,What are the top 3 items by invoice quantity in 2022?,"SELECT il.""Item"",
         SUM(NULLIF(il.""Quantity"", '')::numeric) AS total_qty_invoiced
  FROM ""tbl_invoice"" i
  JOIN ""tbl_invoice_line"" il ON il.""InvoiceNumber"" = i.""InvoiceNumber""
  WHERE EXTRACT(YEAR FROM i.""InvoiceDate"") = 2022
    AND il.""Item"" IS NOT NULL AND il.""Item"" != ''
  GROUP BY il.""Item""
  ORDER BY total_qty_invoiced DESC NULLS LAST
  LIMIT 3;","tbl_invoice,tbl_invoice_line","tbl_invoice_line.Item,tbl_invoice_line.Quantity,tbl_invoice.InvoiceDate","inventory,accounts_receivable,top_n,temporal",trx_topn_items_invoiced_year,14
T0084,hard,Show monthly sales order count with a running total for 2023.,"SELECT DATE_TRUNC('month', ""DateOrdered"") AS month,
         COUNT(*) AS monthly_count,
         SUM(COUNT(*)) OVER (ORDER BY DATE_TRUNC('month', ""DateOrdered"")) AS running_total
  FROM ""tbl_sales_order""
  WHERE EXTRACT(YEAR FROM ""DateOrdered"") = 2023
  GROUP BY month
  ORDER BY month;",tbl_sales_order,tbl_sales_order.DateOrdered,"sales_orders,window_function,temporal",trx_window_monthly_so_running,9
T0187,medium,What are the top 3 items by invoice quantity in 2021?,"SELECT il.""Item"",
         SUM(NULLIF(il.""Quantity"", '')::numeric) AS total_qty_invoiced
  FROM ""tbl_invoice"" i
  JOIN ""tbl_invoice_line"" il ON il.""InvoiceNumber"" = i.""InvoiceNumber""
  WHERE EXTRACT(YEAR FROM i.""InvoiceDate"") = 2021
    AND il.""Item"" IS NOT NULL AND il.""Item"" != ''
  GROUP BY il.""Item""
  ORDER BY total_qty_invoiced DESC NULLS LAST
  LIMIT 3;","tbl_invoice,tbl_invoice_line","tbl_invoice_line.Item,tbl_invoice_line.Quantity,tbl_invoice.InvoiceDate","inventory,accounts_receivable,top_n,temporal",trx_topn_items_invoiced_year,14
T0428,medium,Which items at location HUDW have zero quantity on hand?,"SELECT il.""Item"", im.""Description"", im.""Type"",
         NULLIF(il.""QuantityOnHand"", '')::numeric AS qty_on_hand
  FROM ""tbl_item_location"" il
  JOIN ""tbl_item"" im ON im.""Item"" = il.""Item""
  WHERE il.""Location"" = 'HUDW'
    AND (NULLIF(il.""QuantityOnHand"", '')::numeric IS NULL
         OR NULLIF(il.""QuantityOnHand"", '')::numeric <= 0)
  ORDER BY il.""Item"";","tbl_item_location,tbl_item","tbl_item_location.Location,tbl_item_location.QuantityOnHand,tbl_item.Description","inventory,location",trx_loc_out_of_stock,25
T0326,hard,What is the total invoiced amount by customer state in 2023?,"SELECT c.""StateOrProvince"",
         COUNT(DISTINCT i.""Customer"") AS customer_count,
         COUNT(i.""InvoiceNumber"") AS invoice_count,
         SUM(i.""InvoiceAmount"") AS total_invoiced
  FROM ""tbl_invoice"" i
  JOIN ""tbl_customer"" c ON c.""Customer"" = i.""Customer""
  WHERE EXTRACT(YEAR FROM i.""InvoiceDate"") = 2023
    AND c.""StateOrProvince"" IS NOT NULL
  GROUP BY c.""StateOrProvince""
  ORDER BY total_invoiced DESC;","tbl_invoice,tbl_customer","tbl_invoice.Customer,tbl_invoice.InvoiceAmount,tbl_invoice.InvoiceDate,tbl_customer.StateOrProvince","accounts_receivable,customers,join,temporal",trx_3join_invoice_customer_state_year,17
T0233,medium,What are the top 5 items by total quantity purchased in 2021?,"SELECT l.""Item"",
         SUM(NULLIF(l.""Quantity"", '')::numeric) AS total_qty_ordered
  FROM ""tbl_purchase_order"" p
  JOIN ""tbl_purchase_order_line"" l ON l.""PONumber"" = p.""PONumber""
  WHERE EXTRACT(YEAR FROM p.""OrderDate"") = 2021
    AND l.""Item"" IS NOT NULL AND l.""Item"" != ''
  GROUP BY l.""Item""
  ORDER BY total_qty_ordered DESC NULLS LAST
  LIMIT 5;","tbl_purchase_order,tbl_purchase_order_line","tbl_purchase_order_line.Item,tbl_purchase_order_line.Quantity,tbl_purchase_order.OrderDate","inventory,purchasing,top_n,temporal",trx_topn_items_po_qty_year,14
T0536,medium,What is the total quantity on hand for each item across all locations?,"SELECT il.""Item"", im.""Description"", im.""Type"",
         SUM(NULLIF(il.""QuantityOnHand"", '')::numeric) AS total_qty,
         COUNT(DISTINCT il.""Location"") AS location_count
  FROM ""tbl_item_location"" il
  JOIN ""tbl_item"" im ON im.""Item"" = il.""Item""
  WHERE im.""Type"" = 'STOCK'
  GROUP BY il.""Item"", im.""Description"", im.""Type""
  HAVING SUM(NULLIF(il.""QuantityOnHand"", '')::numeric) > 0
  ORDER BY total_qty DESC NULLS LAST
  LIMIT 20;","tbl_item_location,tbl_item","tbl_item_location.QuantityOnHand,tbl_item.Description,tbl_item.Type","inventory,aggregation",trx_inv_qty_by_location_item,34
T0510,medium,How many open purchase orders does each vendor have as of 2022?,"SELECT v.""Name"" AS vendor_name,
         COUNT(p.""PONumber"") AS open_po_count
  FROM ""tbl_purchase_order"" p
  JOIN ""tbl_vendor"" v ON v.""Vendor"" = p.""VendorPurchaseFrom""
  WHERE p.""Status"" = 'OPEN'
    AND EXTRACT(YEAR FROM p.""OrderDate"") <= 2022
  GROUP BY v.""Name""
  ORDER BY open_po_count DESC;","tbl_purchase_order,tbl_vendor","tbl_purchase_order.Status,tbl_purchase_order.OrderDate,tbl_purchase_order.VendorPurchaseFrom,tbl_vendor.Name","purchasing,vendors,aggregation,temporal",trx_status_open_po_by_vendor_year,33
T0052,medium,What was the total invoiced amount by month in 2022?,"SELECT DATE_TRUNC('month', ""InvoiceDate"") AS month,
         COUNT(*) AS invoice_count,
         SUM(""InvoiceAmount"") AS total_amount
  FROM ""tbl_invoice""
  WHERE EXTRACT(YEAR FROM ""InvoiceDate"") = 2022
  GROUP BY month
  ORDER BY month;",tbl_invoice,"tbl_invoice.InvoiceDate,tbl_invoice.InvoiceAmount","accounts_receivable,temporal,aggregation",trx_temp_invoice_total_by_month,6
T0444,hard,How many sales orders were shipped from location BENSON in 2022?,"SELECT ""ShipFromLocation"",
         COUNT(*) AS invoice_count,
         SUM(""InvoiceAmount"") AS total_invoiced
  FROM ""tbl_invoice""
  WHERE ""ShipFromLocation"" = 'BENSON'
    AND EXTRACT(YEAR FROM ""InvoiceDate"") = 2022
  GROUP BY ""ShipFromLocation"";",tbl_invoice,"tbl_invoice.ShipFromLocation,tbl_invoice.InvoiceDate","sales_orders,location,temporal",trx_loc_so_shipped_year,25
T0120,easy,How many GL journal entries were posted in 2022?,"SELECT COUNT(*) AS entry_count
  FROM ""tbl_je_line_item""
  WHERE EXTRACT(YEAR FROM ""TransactionDate"") = 2022;",tbl_je_line_item,tbl_je_line_item.TransactionDate,"general_ledger,aggregation,temporal",trx_agg_gl_by_account_year,12
T0438,hard,How many sales orders were shipped from location HUDW in 2021?,"SELECT ""ShipFromLocation"",
         COUNT(*) AS invoice_count,
         SUM(""InvoiceAmount"") AS total_invoiced
  FROM ""tbl_invoice""
  WHERE ""ShipFromLocation"" = 'HUDW'
    AND EXTRACT(YEAR FROM ""InvoiceDate"") = 2021
  GROUP BY ""ShipFromLocation"";",tbl_invoice,"tbl_invoice.ShipFromLocation,tbl_invoice.InvoiceDate","sales_orders,location,temporal",trx_loc_so_shipped_year,25
T0495,hard,"For each item, compare total quantity sold vs purchased in 2022.","WITH sold AS (
    SELECT sl.""Item"",
           SUM(NULLIF(sl.""Quantity"", '')::numeric) AS qty_sold
    FROM ""tbl_so_line"" sl
    JOIN ""tbl_sales_order"" s ON s.""SONumber"" = sl.""SONumber""
    WHERE EXTRACT(YEAR FROM s.""DateOrdered"") = 2022
      AND sl.""Item"" IS NOT NULL AND sl.""Item"" != ''
    GROUP BY sl.""Item""
  ),
  purchased AS (
    SELECT pl.""Item"",
           SUM(NULLIF(pl.""Quantity"", '')::numeric) AS qty_purchased
    FROM ""tbl_purchase_order_line"" pl
    JOIN ""tbl_purchase_order"" p ON p.""PONumber"" = pl.""PONumber""
    WHERE EXTRACT(YEAR FROM p.""OrderDate"") = 2022
      AND pl.""Item"" IS NOT NULL AND pl.""Item"" != ''
    GROUP BY pl.""Item""
  )
  SELECT COALESCE(s.""Item"", p.""Item"") AS item,
         COALESCE(s.qty_sold, 0) AS qty_sold,
         COALESCE(p.qty_purchased, 0) AS qty_purchased
  FROM sold s
  FULL OUTER JOIN purchased p ON p.""Item"" = s.""Item""
  ORDER BY COALESCE(s.qty_sold, 0) DESC NULLS LAST
  LIMIT 20;","tbl_so_line,tbl_sales_order,tbl_purchase_order_line,tbl_purchase_order","tbl_so_line.Item,tbl_so_line.Quantity,tbl_sales_order.DateOrdered,tbl_purchase_order_line.Item,tbl_purchase_order_line.Quantity,tbl_purchase_order.OrderDate","inventory,temporal",trx_item_sold_vs_purchased_year,32
T0149,medium,What was the total GL debit amount each quarter in 2025?,"SELECT EXTRACT(QUARTER FROM ""TransactionDate"") AS quarter,
         SUM(""DebitAmount"") AS total_debits,
         SUM(""CreditAmount"") AS total_credits
  FROM ""tbl_je_line_item""
  WHERE EXTRACT(YEAR FROM ""TransactionDate"") = 2025
  GROUP BY quarter
  ORDER BY quarter;",tbl_je_line_item,"tbl_je_line_item.TransactionDate,tbl_je_line_item.DebitAmount","general_ledger,temporal,aggregation",trx_temp_gl_by_quarter,13
T0396,hard,What is the average SO line fulfillment rate (shipped/ordered) by customer in 2021?,"WITH line_rates AS (
    SELECT s.""CustomerShipTo"",
           NULLIF(l.""Quantity"", '')::numeric AS qty_ordered,
           NULLIF(l.""QuantityShipped"", '')::numeric AS qty_shipped
    FROM ""tbl_sales_order"" s
    JOIN ""tbl_so_line"" l ON l.""SONumber"" = s.""SONumber""
    WHERE EXTRACT(YEAR FROM s.""DateOrdered"") = 2021
      AND NULLIF(l.""Quantity"", '')::numeric > 0
  )
  SELECT c.""Name"" AS customer_name,
         COUNT(*) AS line_count,
         ROUND(
           100.0 * SUM(COALESCE(lr.qty_shipped, 0)) /
           NULLIF(SUM(lr.qty_ordered), 0),
           1
         ) AS fulfillment_pct
  FROM line_rates lr
  JOIN ""tbl_customer"" c ON c.""Customer"" = lr.""CustomerShipTo""
  GROUP BY c.""Name""
  ORDER BY fulfillment_pct ASC NULLS LAST;","tbl_sales_order,tbl_so_line,tbl_customer","tbl_sales_order.DateOrdered,tbl_so_line.Quantity,tbl_so_line.QuantityShipped,tbl_sales_order.CustomerShipTo,tbl_customer.Name","sales_orders,customers,cte,temporal",trx_cte_so_fulfillment_year,22
T0117,easy,How many pick tickets are there by order type?,"SELECT ""OrderType"", COUNT(*) AS pt_count
  FROM ""tbl_pick_ticket""
  GROUP BY ""OrderType""
  ORDER BY pt_count DESC;",tbl_pick_ticket,tbl_pick_ticket.OrderType,"warehouse,aggregation",trx_agg_pt_by_order_type,12
T0339,hard,Which active customers placed no sales orders in 2021?,"SELECT c.""Customer"", c.""Name"", c.""StateOrProvince"", c.""ARBalance""
  FROM ""tbl_customer"" c
  WHERE c.""Status"" = 'ACTIVE'
    AND NOT EXISTS (
      SELECT 1 FROM ""tbl_sales_order"" s
      WHERE s.""CustomerShipTo"" = c.""Customer""
        AND EXTRACT(YEAR FROM s.""DateOrdered"") = 2021
    )
  ORDER BY c.""Name"";","tbl_customer,tbl_sales_order","tbl_customer.Customer,tbl_customer.Status,tbl_sales_order.CustomerShipTo,tbl_sales_order.DateOrdered","customers,anti_join,temporal",trx_antijoin_customers_no_so_year,18
T0024,medium,What is the total quantity received vs ordered on open purchase orders?,"SELECT p.""PONumber"", p.""VendorPurchaseFrom"",
         SUM(NULLIF(l.""Quantity"", '')::numeric) AS total_ordered,
         SUM(NULLIF(l.""QuantityReceived"", '')::numeric) AS total_received
  FROM ""tbl_purchase_order"" p
  JOIN ""tbl_purchase_order_line"" l ON l.""PONumber"" = p.""PONumber""
  WHERE p.""Status"" = 'OPEN'
  GROUP BY p.""PONumber"", p.""VendorPurchaseFrom""
  ORDER BY total_ordered DESC NULLS LAST;","tbl_purchase_order,tbl_purchase_order_line","tbl_purchase_order_line.Quantity,tbl_purchase_order_line.QuantityReceived","purchasing,header_detail",trx_hdr_po_received_qty,3
T0036,medium,What are the top 5 most frequently ordered items?,"SELECT ""Item"", ""Description"", COUNT(*) AS order_line_count
  FROM ""tbl_so_line""
  WHERE ""Item"" IS NOT NULL AND ""Item"" != ''
  GROUP BY ""Item"", ""Description""
  ORDER BY order_line_count DESC
  LIMIT 5;",tbl_so_line,tbl_so_line.Item,"inventory,sales_orders,top_n",trx_topn_items_ordered,5
T0361,medium,Which GL accounts have more than 3 journal entries?,"SELECT je.""AccountNumber"", a.""Description"", a.""AccountType"",
         COUNT(*) AS entry_count
  FROM ""tbl_je_line_item"" je
  JOIN ""tbl_gl_account"" a ON a.""AccountId"" = je.""AccountNumber""
  GROUP BY je.""AccountNumber"", a.""Description"", a.""AccountType""
  HAVING COUNT(*) > 3
  ORDER BY entry_count DESC;","tbl_je_line_item,tbl_gl_account","tbl_je_line_item.AccountNumber,tbl_gl_account.Description","general_ledger,having",trx_having_gl_accounts_min_entries,19
T0099,easy,List all transfer-type purchase orders.,"SELECT ""PONumber"", ""VendorPurchaseFrom"", ""OrderingLocation"", ""OrderDate"", ""Status""
  FROM ""tbl_purchase_order""
  WHERE ""Type"" = 'TRANSF'
  ORDER BY ""OrderDate"" DESC;",tbl_purchase_order,tbl_purchase_order.Type,"purchasing,lookup",trx_lookup_transfer_po,11
T0296,medium,What was the total PO value placed with each vendor in 2024?,"SELECT v.""Name"" AS vendor_name,
         COUNT(DISTINCT p.""PONumber"") AS po_count,
         SUM(NULLIF(l.""Quantity"", '')::numeric * l.""UnitCost"") AS total_po_value
  FROM ""tbl_purchase_order"" p
  JOIN ""tbl_purchase_order_line"" l ON l.""PONumber"" = p.""PONumber""
  JOIN ""tbl_vendor"" v ON v.""Vendor"" = p.""VendorPurchaseFrom""
  WHERE EXTRACT(YEAR FROM p.""OrderDate"") = 2024
  GROUP BY v.""Name""
  ORDER BY total_po_value DESC NULLS LAST;","tbl_purchase_order,tbl_purchase_order_line,tbl_vendor","tbl_purchase_order.VendorPurchaseFrom,tbl_purchase_order.OrderDate,tbl_purchase_order_line.UnitCost,tbl_purchase_order_line.Quantity,tbl_vendor.Name","purchasing,vendors,join,temporal",trx_join_po_vendor_year,16
T0186,medium,What are the top 10 GL accounts by total debit amount?,"SELECT je.""AccountNumber"", a.""Description"", a.""AccountType"",
         SUM(je.""DebitAmount"") AS total_debits
  FROM ""tbl_je_line_item"" je
  JOIN ""tbl_gl_account"" a ON a.""AccountId"" = je.""AccountNumber""
  GROUP BY je.""AccountNumber"", a.""Description"", a.""AccountType""
  ORDER BY total_debits DESC
  LIMIT 10;","tbl_je_line_item,tbl_gl_account","tbl_je_line_item.AccountNumber,tbl_je_line_item.DebitAmount,tbl_gl_account.Description","general_ledger,top_n",trx_topn_gl_accounts_debit,14
T0442,hard,How many sales orders were shipped from location HUDW in 2025?,"SELECT ""ShipFromLocation"",
         COUNT(*) AS invoice_count,
         SUM(""InvoiceAmount"") AS total_invoiced
  FROM ""tbl_invoice""
  WHERE ""ShipFromLocation"" = 'HUDW'
    AND EXTRACT(YEAR FROM ""InvoiceDate"") = 2025
  GROUP BY ""ShipFromLocation"";",tbl_invoice,"tbl_invoice.ShipFromLocation,tbl_invoice.InvoiceDate","sales_orders,location,temporal",trx_loc_so_shipped_year,25
T0454,medium,What is the average number of components per work order by assembly status?,"SELECT w.""AssemblyStatus"",
         COUNT(DISTINCT w.""WorkOrderNumber"") AS wo_count,
         COUNT(wi.""ComponentID"") AS total_components,
         ROUND(COUNT(wi.""ComponentID"")::numeric / NULLIF(COUNT(DISTINCT w.""WorkOrderNumber""), 0), 1) AS avg_components
  FROM ""tbl_work_order"" w
  JOIN ""tbl_work_order_item"" wi ON wi.""WorkOrderNumber"" = w.""WorkOrderNumber""
  GROUP BY w.""AssemblyStatus""
  ORDER BY wo_count DESC;","tbl_work_order,tbl_work_order_item","tbl_work_order.AssemblyStatus,tbl_work_order_item.WorkOrderNumber","warehouse,aggregation",trx_wo_avg_components,26
T0317,hard,What is the total quantity purchased per item in 2024?,"SELECT l.""Item"", im.""Description"",
         SUM(NULLIF(l.""Quantity"", '')::numeric) AS total_qty_purchased
  FROM ""tbl_purchase_order"" p
  JOIN ""tbl_purchase_order_line"" l ON l.""PONumber"" = p.""PONumber""
  JOIN ""tbl_item"" im ON im.""Item"" = l.""Item""
  WHERE EXTRACT(YEAR FROM p.""OrderDate"") = 2024
    AND l.""Item"" IS NOT NULL AND l.""Item"" != ''
  GROUP BY l.""Item"", im.""Description""
  ORDER BY total_qty_purchased DESC NULLS LAST
  LIMIT 20;","tbl_purchase_order,tbl_purchase_order_line,tbl_item","tbl_purchase_order.OrderDate,tbl_purchase_order_line.Item,tbl_purchase_order_line.Quantity,tbl_item.Description","purchasing,inventory,join,temporal",trx_3join_po_line_item_year,17
T0322,hard,What is the total quantity shipped per item in 2024?,"SELECT ptl.""Item"", im.""Description"",
         SUM(NULLIF(ptl.""QuantityShipped"", '')::numeric) AS total_shipped
  FROM ""tbl_pick_ticket"" pt
  JOIN ""tbl_pick_ticket_line"" ptl ON ptl.""PickTicketNumber"" = pt.""PickTicketNumber""
  JOIN ""tbl_item"" im ON im.""Item"" = ptl.""Item""
  WHERE pt.""Status"" = 'CONFRM'
    AND EXTRACT(YEAR FROM pt.""DateShipped"") = 2024
    AND ptl.""Item"" IS NOT NULL AND ptl.""Item"" != ''
  GROUP BY ptl.""Item"", im.""Description""
  ORDER BY total_shipped DESC NULLS LAST
  LIMIT 20;","tbl_pick_ticket,tbl_pick_ticket_line,tbl_item","tbl_pick_ticket.DateShipped,tbl_pick_ticket_line.Item,tbl_pick_ticket_line.QuantityShipped,tbl_item.Description","warehouse,inventory,join,temporal",trx_3join_pt_item_shipped_year,17
T0425,medium,What is the total inventory value at location BENSON?,"SELECT il.""Location"",
         COUNT(DISTINCT il.""Item"") AS item_count,
         SUM(NULLIF(il.""QuantityOnHand"", '')::numeric * im.""StandardCost"") AS inventory_value
  FROM ""tbl_item_location"" il
  JOIN ""tbl_item"" im ON im.""Item"" = il.""Item""
  WHERE il.""Location"" = 'BENSON'
    AND NULLIF(il.""QuantityOnHand"", '')::numeric > 0
    AND im.""StandardCost"" > 0
  GROUP BY il.""Location"";","tbl_item_location,tbl_item","tbl_item_location.Location,tbl_item_location.QuantityOnHand,tbl_item.StandardCost","inventory,location",trx_loc_inventory_value,25
T0151,medium,How many sales orders were placed by selling location in 2022?,"SELECT ""SellingLocation"", COUNT(*) AS order_count
  FROM ""tbl_sales_order""
  WHERE EXTRACT(YEAR FROM ""DateOrdered"") = 2022
    AND ""SellingLocation"" IS NOT NULL
  GROUP BY ""SellingLocation""
  ORDER BY order_count DESC;",tbl_sales_order,"tbl_sales_order.SellingLocation,tbl_sales_order.DateOrdered","sales_orders,temporal,aggregation",trx_temp_so_by_location_year,13
T0283,medium,How many sales orders did each customer place in 2021?,"SELECT c.""Name"" AS customer_name,
         COUNT(s.""SONumber"") AS so_count
  FROM ""tbl_sales_order"" s
  JOIN ""tbl_customer"" c ON c.""Customer"" = s.""CustomerShipTo""
  WHERE EXTRACT(YEAR FROM s.""DateOrdered"") = 2021
  GROUP BY c.""Name""
  ORDER BY so_count DESC;","tbl_sales_order,tbl_customer","tbl_sales_order.CustomerShipTo,tbl_sales_order.DateOrdered,tbl_customer.Name","sales_orders,customers,join,temporal",trx_join_so_customer_year,16
T0041,medium,How many sales orders were placed each month in 2021?,"SELECT DATE_TRUNC('month', ""DateOrdered"") AS month,
         COUNT(*) AS order_count
  FROM ""tbl_sales_order""
  WHERE EXTRACT(YEAR FROM ""DateOrdered"") = 2021
  GROUP BY month
  ORDER BY month;",tbl_sales_order,tbl_sales_order.DateOrdered,"sales_orders,temporal,aggregation",trx_temp_so_by_month,6
T0194,medium,What are the top 5 items by invoice quantity in 2023?,"SELECT il.""Item"",
         SUM(NULLIF(il.""Quantity"", '')::numeric) AS total_qty_invoiced
  FROM ""tbl_invoice"" i
  JOIN ""tbl_invoice_line"" il ON il.""InvoiceNumber"" = i.""InvoiceNumber""
  WHERE EXTRACT(YEAR FROM i.""InvoiceDate"") = 2023
    AND il.""Item"" IS NOT NULL AND il.""Item"" != ''
  GROUP BY il.""Item""
  ORDER BY total_qty_invoiced DESC NULLS LAST
  LIMIT 5;","tbl_invoice,tbl_invoice_line","tbl_invoice_line.Item,tbl_invoice_line.Quantity,tbl_invoice.InvoiceDate","inventory,accounts_receivable,top_n,temporal",trx_topn_items_invoiced_year,14
T0473,hard,Which stock items have a standard cost above the average?,"SELECT ""Item"", ""Description"", ""StandardCost""
  FROM ""tbl_item""
  WHERE ""Type"" = 'STOCK'
    AND ""StandardCost"" > (
      SELECT AVG(""StandardCost"") FROM ""tbl_item"" WHERE ""Type"" = 'STOCK' AND ""StandardCost"" > 0
    )
  ORDER BY ""StandardCost"" DESC;",tbl_item,"tbl_item.Type,tbl_item.StandardCost","inventory,correlated_subquery",trx_corr_items_above_avg_cost,28
T0064,hard,What is the total revenue by item in 2023?,"SELECT il.""Item"", im.""Description"",
         SUM(NULLIF(il.""Quantity"", '')::numeric * il.""UnitPrice"") AS total_revenue
  FROM ""tbl_invoice"" i
  JOIN ""tbl_invoice_line"" il ON il.""InvoiceNumber"" = i.""InvoiceNumber""
  JOIN ""tbl_item"" im ON im.""Item"" = il.""Item""
  WHERE EXTRACT(YEAR FROM i.""InvoiceDate"") = 2023
    AND il.""Item"" IS NOT NULL AND il.""Item"" != ''
  GROUP BY il.""Item"", im.""Description""
  ORDER BY total_revenue DESC NULLS LAST
  LIMIT 20;","tbl_invoice,tbl_invoice_line,tbl_item","tbl_invoice_line.Item,tbl_invoice_line.UnitPrice,tbl_invoice_line.Quantity,tbl_item.Description","accounts_receivable,inventory,join,temporal",trx_3join_invoice_item_revenue,7
T0275,medium,Who are the top 5 customers by sales order count in 2025?,"SELECT c.""Name"" AS customer_name, COUNT(s.""SONumber"") AS so_count
  FROM ""tbl_sales_order"" s
  JOIN ""tbl_customer"" c ON c.""Customer"" = s.""CustomerShipTo""
  WHERE EXTRACT(YEAR FROM s.""DateOrdered"") = 2025
  GROUP BY c.""Name""
  ORDER BY so_count DESC
  LIMIT 5;","tbl_sales_order,tbl_customer","tbl_sales_order.CustomerShipTo,tbl_sales_order.DateOrdered,tbl_customer.Name","sales_orders,customers,top_n,temporal",trx_topn_customers_so_year,14
T0236,medium,What are the top 5 items by total quantity purchased in 2022?,"SELECT l.""Item"",
         SUM(NULLIF(l.""Quantity"", '')::numeric) AS total_qty_ordered
  FROM ""tbl_purchase_order"" p
  JOIN ""tbl_purchase_order_line"" l ON l.""PONumber"" = p.""PONumber""
  WHERE EXTRACT(YEAR FROM p.""OrderDate"") = 2022
    AND l.""Item"" IS NOT NULL AND l.""Item"" != ''
  GROUP BY l.""Item""
  ORDER BY total_qty_ordered DESC NULLS LAST
  LIMIT 5;","tbl_purchase_order,tbl_purchase_order_line","tbl_purchase_order_line.Item,tbl_purchase_order_line.Quantity,tbl_purchase_order.OrderDate","inventory,purchasing,top_n,temporal",trx_topn_items_po_qty_year,14
T0374,hard,Show monthly PO count with running total in 2024.,"SELECT DATE_TRUNC('month', ""OrderDate"") AS month,
         COUNT(*) AS monthly_count,
         SUM(COUNT(*)) OVER (ORDER BY DATE_TRUNC('month', ""OrderDate"")) AS running_total
  FROM ""tbl_purchase_order""
  WHERE EXTRACT(YEAR FROM ""OrderDate"") = 2024
  GROUP BY month
  ORDER BY month;",tbl_purchase_order,tbl_purchase_order.OrderDate,"purchasing,window_function,temporal",trx_window_po_running_year,20
T0023,medium,What is the outstanding balance on each open invoice?,"SELECT ""InvoiceNumber"", ""Customer"", ""InvoiceDate"",
         ""InvoiceAmount"", COALESCE(""PaidAmount"", 0) AS paid,
         ""InvoiceAmount"" - COALESCE(""PaidAmount"", 0) AS balance_due
  FROM ""tbl_invoice""
  WHERE ""Status"" = 'OPEN'
  ORDER BY balance_due DESC;",tbl_invoice,"tbl_invoice.Status,tbl_invoice.InvoiceAmount,tbl_invoice.PaidAmount","accounts_receivable,header_detail",trx_hdr_invoice_balance,3
T0414,hard,Which customers placed sales orders in 2021 but received no invoices in 2021?,"SELECT ""CustomerShipTo"" AS customer_code
  FROM ""tbl_sales_order""
  WHERE EXTRACT(YEAR FROM ""DateOrdered"") = 2021
  EXCEPT
  SELECT ""Customer"" AS customer_code
  FROM ""tbl_invoice""
  WHERE EXTRACT(YEAR FROM ""InvoiceDate"") = 2021
  ORDER BY customer_code;","tbl_sales_order,tbl_invoice","tbl_sales_order.CustomerShipTo,tbl_sales_order.DateOrdered,tbl_invoice.Customer,tbl_invoice.InvoiceDate","customers,except,temporal",trx_except_customers_so_not_invoiced_year,24
T0136,medium,How many purchase orders were placed each quarter in 2022?,"SELECT EXTRACT(QUARTER FROM ""OrderDate"") AS quarter,
         COUNT(*) AS po_count
  FROM ""tbl_purchase_order""
  WHERE EXTRACT(YEAR FROM ""OrderDate"") = 2022
  GROUP BY quarter
  ORDER BY quarter;",tbl_purchase_order,tbl_purchase_order.OrderDate,"purchasing,temporal,aggregation",trx_temp_po_by_quarter,13
T0310,hard,What is the total quantity sold per item in 2022?,"SELECT l.""Item"", im.""Description"",
         SUM(NULLIF(l.""Quantity"", '')::numeric) AS total_qty_sold
  FROM ""tbl_sales_order"" s
  JOIN ""tbl_so_line"" l ON l.""SONumber"" = s.""SONumber""
  JOIN ""tbl_item"" im ON im.""Item"" = l.""Item""
  WHERE EXTRACT(YEAR FROM s.""DateOrdered"") = 2022
    AND l.""Item"" IS NOT NULL AND l.""Item"" != ''
  GROUP BY l.""Item"", im.""Description""
  ORDER BY total_qty_sold DESC NULLS LAST
  LIMIT 20;","tbl_sales_order,tbl_so_line,tbl_item","tbl_sales_order.DateOrdered,tbl_so_line.Item,tbl_so_line.Quantity,tbl_item.Description","sales_orders,inventory,join,temporal",trx_3join_so_line_item_year,17
T0177,medium,What are the top 10 most expensive stock items by standard cost?,"SELECT ""Item"", ""Description"", ""StockUOM"", ""StandardCost""
  FROM ""tbl_item""
  WHERE ""Type"" = 'STOCK' AND ""StandardCost"" > 0
  ORDER BY ""StandardCost"" DESC
  LIMIT 10;",tbl_item,"tbl_item.StandardCost,tbl_item.Type","inventory,top_n",trx_topn_items_by_cost,14
T0434,medium,What are the top 5 items by quantity on hand at location BENSON?,"SELECT il.""Item"", im.""Description"", im.""Type"",
         NULLIF(il.""QuantityOnHand"", '')::numeric AS qty_on_hand
  FROM ""tbl_item_location"" il
  JOIN ""tbl_item"" im ON im.""Item"" = il.""Item""
  WHERE il.""Location"" = 'BENSON'
    AND NULLIF(il.""QuantityOnHand"", '')::numeric > 0
  ORDER BY NULLIF(il.""QuantityOnHand"", '')::numeric DESC NULLS LAST
  LIMIT 5;","tbl_item_location,tbl_item","tbl_item_location.Location,tbl_item_location.QuantityOnHand,tbl_item.Description","inventory,location,top_n",trx_loc_topn_items,25
T0184,medium,What are the top 3 GL accounts by total debit amount?,"SELECT je.""AccountNumber"", a.""Description"", a.""AccountType"",
         SUM(je.""DebitAmount"") AS total_debits
  FROM ""tbl_je_line_item"" je
  JOIN ""tbl_gl_account"" a ON a.""AccountId"" = je.""AccountNumber""
  GROUP BY je.""AccountNumber"", a.""Description"", a.""AccountType""
  ORDER BY total_debits DESC
  LIMIT 3;","tbl_je_line_item,tbl_gl_account","tbl_je_line_item.AccountNumber,tbl_je_line_item.DebitAmount,tbl_gl_account.Description","general_ledger,top_n",trx_topn_gl_accounts_debit,14
T0050,medium,How many purchase orders were placed each month in 2025?,"SELECT DATE_TRUNC('month', ""OrderDate"") AS month,
         COUNT(*) AS po_count
  FROM ""tbl_purchase_order""
  WHERE EXTRACT(YEAR FROM ""OrderDate"") = 2025
  GROUP BY month
  ORDER BY month;",tbl_purchase_order,tbl_purchase_order.OrderDate,"purchasing,temporal,aggregation",trx_temp_po_by_month,6
T0195,medium,What are the top 10 items by invoice quantity in 2023?,"SELECT il.""Item"",
         SUM(NULLIF(il.""Quantity"", '')::numeric) AS total_qty_invoiced
  FROM ""tbl_invoice"" i
  JOIN ""tbl_invoice_line"" il ON il.""InvoiceNumber"" = i.""InvoiceNumber""
  WHERE EXTRACT(YEAR FROM i.""InvoiceDate"") = 2023
    AND il.""Item"" IS NOT NULL AND il.""Item"" != ''
  GROUP BY il.""Item""
  ORDER BY total_qty_invoiced DESC NULLS LAST
  LIMIT 10;","tbl_invoice,tbl_invoice_line","tbl_invoice_line.Item,tbl_invoice_line.Quantity,tbl_invoice.InvoiceDate","inventory,accounts_receivable,top_n,temporal",trx_topn_items_invoiced_year,14
T0048,medium,How many purchase orders were placed each month in 2023?,"SELECT DATE_TRUNC('month', ""OrderDate"") AS month,
         COUNT(*) AS po_count
  FROM ""tbl_purchase_order""
  WHERE EXTRACT(YEAR FROM ""OrderDate"") = 2023
  GROUP BY month
  ORDER BY month;",tbl_purchase_order,tbl_purchase_order.OrderDate,"purchasing,temporal,aggregation",trx_temp_po_by_month,6
T0535,medium,Which items at HUDW have quantity on hand above the maximum shelf quantity?,"SELECT il.""Item"", im.""Description"",
         NULLIF(il.""QuantityOnHand"", '')::numeric AS qty_on_hand,
         NULLIF(il.""MaxShelfQty"", '')::numeric AS max_shelf_qty
  FROM ""tbl_item_location"" il
  JOIN ""tbl_item"" im ON im.""Item"" = il.""Item""
  WHERE il.""Location"" = 'HUDW'
    AND NULLIF(il.""MaxShelfQty"", '')::numeric > 0
    AND NULLIF(il.""QuantityOnHand"", '')::numeric > NULLIF(il.""MaxShelfQty"", '')::numeric
  ORDER BY (NULLIF(il.""QuantityOnHand"", '')::numeric - NULLIF(il.""MaxShelfQty"", '')::numeric) DESC;","tbl_item_location,tbl_item","tbl_item_location.QuantityOnHand,tbl_item_location.MaxShelfQty,tbl_item_location.Location,tbl_item.Description","inventory,location",trx_inv_items_above_max,34
T0345,hard,Which items were sold in 2022 but never purchased in 2022?,"SELECT DISTINCT sl.""Item""
  FROM ""tbl_so_line"" sl
  JOIN ""tbl_sales_order"" s ON s.""SONumber"" = sl.""SONumber""
  WHERE EXTRACT(YEAR FROM s.""DateOrdered"") = 2022
    AND sl.""Item"" IS NOT NULL AND sl.""Item"" != ''
    AND NOT EXISTS (
      SELECT 1 FROM ""tbl_purchase_order_line"" pl
      JOIN ""tbl_purchase_order"" p ON p.""PONumber"" = pl.""PONumber""
      WHERE pl.""Item"" = sl.""Item""
        AND EXTRACT(YEAR FROM p.""OrderDate"") = 2022
    )
  ORDER BY sl.""Item"";","tbl_so_line,tbl_sales_order,tbl_purchase_order_line,tbl_purchase_order","tbl_so_line.Item,tbl_sales_order.DateOrdered,tbl_purchase_order_line.Item,tbl_purchase_order.OrderDate","inventory,anti_join,temporal",trx_antijoin_items_sold_not_purchased_year,18
T0221,medium,Who are the top 5 vendors by number of purchase orders in 2022?,"SELECT v.""Name"" AS vendor_name, COUNT(p.""PONumber"") AS po_count
  FROM ""tbl_purchase_order"" p
  JOIN ""tbl_vendor"" v ON v.""Vendor"" = p.""VendorPurchaseFrom""
  WHERE EXTRACT(YEAR FROM p.""OrderDate"") = 2022
  GROUP BY v.""Name""
  ORDER BY po_count DESC
  LIMIT 5;","tbl_purchase_order,tbl_vendor","tbl_purchase_order.VendorPurchaseFrom,tbl_purchase_order.OrderDate,tbl_vendor.Name","purchasing,vendors,top_n,temporal",trx_topn_vendors_po_year,14
T0160,medium,How many sales orders were opened vs closed each month in 2021?,"SELECT DATE_TRUNC('month', ""DateOrdered"") AS month,
         SUM(CASE WHEN ""Status"" = 'OPEN' THEN 1 ELSE 0 END) AS open_count,
         SUM(CASE WHEN ""Status"" = 'CLOSED' THEN 1 ELSE 0 END) AS closed_count
  FROM ""tbl_sales_order""
  WHERE EXTRACT(YEAR FROM ""DateOrdered"") = 2021
  GROUP BY month
  ORDER BY month;",tbl_sales_order,"tbl_sales_order.DateOrdered,tbl_sales_order.Status","sales_orders,temporal,aggregation",trx_temp_so_open_closed_year,13
T0521,medium,What is the total invoiced amount by invoice type in 2023?,"SELECT ""InvoiceType"",
         COUNT(*) AS invoice_count,
         SUM(""InvoiceAmount"") AS total_amount
  FROM ""tbl_invoice""
  WHERE EXTRACT(YEAR FROM ""InvoiceDate"") = 2023
  GROUP BY ""InvoiceType""
  ORDER BY total_amount DESC;",tbl_invoice,"tbl_invoice.InvoiceType,tbl_invoice.InvoiceAmount,tbl_invoice.InvoiceDate","accounts_receivable,aggregation,temporal",trx_status_invoice_by_type_year,33
T0349,medium,Which customers have placed at least 3 sales orders?,"SELECT c.""Name"" AS customer_name, COUNT(s.""SONumber"") AS so_count
  FROM ""tbl_sales_order"" s
  JOIN ""tbl_customer"" c ON c.""Customer"" = s.""CustomerShipTo""
  GROUP BY c.""Name""
  HAVING COUNT(s.""SONumber"") >= 3
  ORDER BY so_count DESC;","tbl_sales_order,tbl_customer","tbl_sales_order.CustomerShipTo,tbl_customer.Name","sales_orders,customers,having",trx_having_customers_min_so,19
T0533,medium,How many AP vouchers were there by type in 2025?,"SELECT ""Type"", COUNT(*) AS voucher_count,
         SUM(""InvoiceAmount"") AS total_amount
  FROM ""tbl_voucher""
  WHERE EXTRACT(YEAR FROM ""PaymentTermsDueDate"") = 2025
  GROUP BY ""Type""
  ORDER BY voucher_count DESC;",tbl_voucher,"tbl_voucher.Type,tbl_voucher.PaymentTermsDueDate","accounts_payable,aggregation,temporal",trx_status_voucher_by_type_year,33
T0164,medium,How many sales orders were opened vs closed each month in 2025?,"SELECT DATE_TRUNC('month', ""DateOrdered"") AS month,
         SUM(CASE WHEN ""Status"" = 'OPEN' THEN 1 ELSE 0 END) AS open_count,
         SUM(CASE WHEN ""Status"" = 'CLOSED' THEN 1 ELSE 0 END) AS closed_count
  FROM ""tbl_sales_order""
  WHERE EXTRACT(YEAR FROM ""DateOrdered"") = 2025
  GROUP BY month
  ORDER BY month;",tbl_sales_order,"tbl_sales_order.DateOrdered,tbl_sales_order.Status","sales_orders,temporal,aggregation",trx_temp_so_open_closed_year,13
T0007,easy,Show all open AP vouchers.,"SELECT ""VoucherNumber"", ""Vendor"", ""InvoiceAmount"", ""PaymentTermsDueDate""
  FROM ""tbl_voucher""
  WHERE ""Status"" = 'OPEN'
  ORDER BY ""PaymentTermsDueDate"";",tbl_voucher,tbl_voucher.Status,"accounts_payable,lookup",trx_lookup_open_vouchers,1
T0285,medium,How many sales orders did each customer place in 2023?,"SELECT c.""Name"" AS customer_name,
         COUNT(s.""SONumber"") AS so_count
  FROM ""tbl_sales_order"" s
  JOIN ""tbl_customer"" c ON c.""Customer"" = s.""CustomerShipTo""
  WHERE EXTRACT(YEAR FROM s.""DateOrdered"") = 2023
  GROUP BY c.""Name""
  ORDER BY so_count DESC;","tbl_sales_order,tbl_customer","tbl_sales_order.CustomerShipTo,tbl_sales_order.DateOrdered,tbl_customer.Name","sales_orders,customers,join,temporal",trx_join_so_customer_year,16
T0460,hard,What is the net GL balance (debits minus credits) by account in 2023?,"SELECT je.""AccountNumber"", a.""Description"", a.""AccountType"",
         SUM(je.""DebitAmount"") AS total_debits,
         SUM(je.""CreditAmount"") AS total_credits,
         SUM(je.""DebitAmount"") - SUM(je.""CreditAmount"") AS net_balance
  FROM ""tbl_je_line_item"" je
  JOIN ""tbl_gl_account"" a ON a.""AccountId"" = je.""AccountNumber""
  WHERE EXTRACT(YEAR FROM je.""TransactionDate"") = 2023
  GROUP BY je.""AccountNumber"", a.""Description"", a.""AccountType""
  ORDER BY net_balance DESC;","tbl_je_line_item,tbl_gl_account","tbl_je_line_item.AccountNumber,tbl_je_line_item.DebitAmount,tbl_je_line_item.CreditAmount,tbl_je_line_item.TransactionDate,tbl_gl_account.Description","general_ledger,temporal",trx_gl_net_by_account_year,27
T0226,medium,Who are the top 3 vendors by number of purchase orders in 2024?,"SELECT v.""Name"" AS vendor_name, COUNT(p.""PONumber"") AS po_count
  FROM ""tbl_purchase_order"" p
  JOIN ""tbl_vendor"" v ON v.""Vendor"" = p.""VendorPurchaseFrom""
  WHERE EXTRACT(YEAR FROM p.""OrderDate"") = 2024
  GROUP BY v.""Name""
  ORDER BY po_count DESC
  LIMIT 3;","tbl_purchase_order,tbl_vendor","tbl_purchase_order.VendorPurchaseFrom,tbl_purchase_order.OrderDate,tbl_vendor.Name","purchasing,vendors,top_n,temporal",trx_topn_vendors_po_year,14
T0430,medium,What are the top 3 items by quantity on hand at location HUDW?,"SELECT il.""Item"", im.""Description"", im.""Type"",
         NULLIF(il.""QuantityOnHand"", '')::numeric AS qty_on_hand
  FROM ""tbl_item_location"" il
  JOIN ""tbl_item"" im ON im.""Item"" = il.""Item""
  WHERE il.""Location"" = 'HUDW'
    AND NULLIF(il.""QuantityOnHand"", '')::numeric > 0
  ORDER BY NULLIF(il.""QuantityOnHand"", '')::numeric DESC NULLS LAST
  LIMIT 3;","tbl_item_location,tbl_item","tbl_item_location.Location,tbl_item_location.QuantityOnHand,tbl_item.Description","inventory,location,top_n",trx_loc_topn_items,25
T0204,medium,Who are the top 10 customers by total invoiced amount in 2021?,"SELECT c.""Name"" AS customer_name,
         COUNT(i.""InvoiceNumber"") AS invoice_count,
         SUM(i.""InvoiceAmount"") AS total_invoiced
  FROM ""tbl_invoice"" i
  JOIN ""tbl_customer"" c ON c.""Customer"" = i.""Customer""
  WHERE EXTRACT(YEAR FROM i.""InvoiceDate"") = 2021
  GROUP BY c.""Name""
  ORDER BY total_invoiced DESC
  LIMIT 10;","tbl_invoice,tbl_customer","tbl_invoice.Customer,tbl_invoice.InvoiceAmount,tbl_invoice.InvoiceDate,tbl_customer.Name","accounts_receivable,customers,top_n,temporal",trx_topn_customers_invoiced_year,14
T0028,medium,Show open invoices with customer names and amounts due.,"SELECT i.""InvoiceNumber"", c.""Name"" AS customer_name,
         i.""InvoiceDate"", i.""InvoiceDueDate"",
         i.""InvoiceAmount"", i.""PaidAmount""
  FROM ""tbl_invoice"" i
  JOIN ""tbl_customer"" c ON c.""Customer"" = i.""Customer""
  WHERE i.""Status"" = 'OPEN'
  ORDER BY i.""InvoiceDueDate"";","tbl_invoice,tbl_customer","tbl_invoice.Customer,tbl_customer.Name,tbl_invoice.InvoiceAmount","accounts_receivable,customers,join",trx_join_invoice_customer,4
T0518,medium,How many sales orders were in each status in 2025?,"SELECT ""Status"", COUNT(*) AS order_count
  FROM ""tbl_sales_order""
  WHERE EXTRACT(YEAR FROM ""DateOrdered"") = 2025
  GROUP BY ""Status""
  ORDER BY order_count DESC;",tbl_sales_order,"tbl_sales_order.Status,tbl_sales_order.DateOrdered","sales_orders,aggregation,temporal",trx_status_so_by_status_year,33
T0239,medium,What are the top 5 items by total quantity purchased in 2023?,"SELECT l.""Item"",
         SUM(NULLIF(l.""Quantity"", '')::numeric) AS total_qty_ordered
  FROM ""tbl_purchase_order"" p
  JOIN ""tbl_purchase_order_line"" l ON l.""PONumber"" = p.""PONumber""
  WHERE EXTRACT(YEAR FROM p.""OrderDate"") = 2023
    AND l.""Item"" IS NOT NULL AND l.""Item"" != ''
  GROUP BY l.""Item""
  ORDER BY total_qty_ordered DESC NULLS LAST
  LIMIT 5;","tbl_purchase_order,tbl_purchase_order_line","tbl_purchase_order_line.Item,tbl_purchase_order_line.Quantity,tbl_purchase_order.OrderDate","inventory,purchasing,top_n,temporal",trx_topn_items_po_qty_year,14
T0224,medium,Who are the top 5 vendors by number of purchase orders in 2023?,"SELECT v.""Name"" AS vendor_name, COUNT(p.""PONumber"") AS po_count
  FROM ""tbl_purchase_order"" p
  JOIN ""tbl_vendor"" v ON v.""Vendor"" = p.""VendorPurchaseFrom""
  WHERE EXTRACT(YEAR FROM p.""OrderDate"") = 2023
  GROUP BY v.""Name""
  ORDER BY po_count DESC
  LIMIT 5;","tbl_purchase_order,tbl_vendor","tbl_purchase_order.VendorPurchaseFrom,tbl_purchase_order.OrderDate,tbl_vendor.Name","purchasing,vendors,top_n,temporal",trx_topn_vendors_po_year,14
T0096,easy,List all closed sales orders placed in 2024.,"SELECT ""SONumber"", ""CustomerShipTo"", ""DateOrdered"", ""Type""
  FROM ""tbl_sales_order""
  WHERE ""Status"" = 'CLOSED'
    AND EXTRACT(YEAR FROM ""DateOrdered"") = 2024
  ORDER BY ""DateOrdered"" DESC;",tbl_sales_order,"tbl_sales_order.Status,tbl_sales_order.DateOrdered","sales_orders,lookup,temporal",trx_lookup_closed_so_year,11
T0031,medium,Who are the top 10 customers by number of sales orders?,"SELECT c.""Name"" AS customer_name, COUNT(s.""SONumber"") AS so_count
  FROM ""tbl_sales_order"" s
  JOIN ""tbl_customer"" c ON c.""Customer"" = s.""CustomerShipTo""
  GROUP BY c.""Name""
  ORDER BY so_count DESC
  LIMIT 10;","tbl_sales_order,tbl_customer","tbl_sales_order.CustomerShipTo,tbl_customer.Name","sales_orders,customers,top_n",trx_topn_customers_by_so,5
T0033,medium,Who are the top 5 vendors by number of purchase orders?,"SELECT v.""Name"" AS vendor_name, COUNT(p.""PONumber"") AS po_count
  FROM ""tbl_purchase_order"" p
  JOIN ""tbl_vendor"" v ON v.""Vendor"" = p.""VendorPurchaseFrom""
  GROUP BY v.""Name""
  ORDER BY po_count DESC
  LIMIT 5;","tbl_purchase_order,tbl_vendor","tbl_purchase_order.VendorPurchaseFrom,tbl_vendor.Name","purchasing,vendors,top_n",trx_topn_vendors_by_po_count,5
T0433,medium,What are the top 3 items by quantity on hand at location BENSON?,"SELECT il.""Item"", im.""Description"", im.""Type"",
         NULLIF(il.""QuantityOnHand"", '')::numeric AS qty_on_hand
  FROM ""tbl_item_location"" il
  JOIN ""tbl_item"" im ON im.""Item"" = il.""Item""
  WHERE il.""Location"" = 'BENSON'
    AND NULLIF(il.""QuantityOnHand"", '')::numeric > 0
  ORDER BY NULLIF(il.""QuantityOnHand"", '')::numeric DESC NULLS LAST
  LIMIT 3;","tbl_item_location,tbl_item","tbl_item_location.Location,tbl_item_location.QuantityOnHand,tbl_item.Description","inventory,location,top_n",trx_loc_topn_items,25
T0090,extra_hard,What is the total estimated cost of work orders by assembly status?,"SELECT w.""AssemblyStatus"",
         COUNT(DISTINCT w.""WorkOrderNumber"") AS wo_count,
         SUM(wi.""EstimatedExtendedCost"") AS total_estimated_cost
  FROM ""tbl_work_order"" w
  JOIN ""tbl_work_order_item"" wi ON wi.""WorkOrderNumber"" = w.""WorkOrderNumber""
  GROUP BY w.""AssemblyStatus""
  ORDER BY total_estimated_cost DESC NULLS LAST;","tbl_work_order,tbl_work_order_item","tbl_work_order.AssemblyStatus,tbl_work_order_item.EstimatedExtendedCost","warehouse,aggregation",trx_xhard_wip_cost_by_status,10
T0105,easy,List all standard sales orders placed in 2021.,"SELECT ""SONumber"", ""CustomerShipTo"", ""SellingLocation"", ""DateOrdered"", ""Status""
  FROM ""tbl_sales_order""
  WHERE ""Type"" = 'STAND'
    AND EXTRACT(YEAR FROM ""DateOrdered"") = 2021
  ORDER BY ""DateOrdered"" DESC;",tbl_sales_order,"tbl_sales_order.Type,tbl_sales_order.DateOrdered","sales_orders,lookup,temporal",trx_lookup_so_stand_year,11
T0143,medium,How many pick tickets were shipped each month in 2024?,"SELECT DATE_TRUNC('month', ""DateShipped"") AS month,
         COUNT(*) AS pt_count
  FROM ""tbl_pick_ticket""
  WHERE ""Status"" = 'CONFRM'
    AND EXTRACT(YEAR FROM ""DateShipped"") = 2024
  GROUP BY month
  ORDER BY month;",tbl_pick_ticket,"tbl_pick_ticket.DateShipped,tbl_pick_ticket.Status","warehouse,temporal,aggregation",trx_temp_pt_shipped_by_month,13
T0229,medium,Who are the top 3 vendors by number of purchase orders in 2025?,"SELECT v.""Name"" AS vendor_name, COUNT(p.""PONumber"") AS po_count
  FROM ""tbl_purchase_order"" p
  JOIN ""tbl_vendor"" v ON v.""Vendor"" = p.""VendorPurchaseFrom""
  WHERE EXTRACT(YEAR FROM p.""OrderDate"") = 2025
  GROUP BY v.""Name""
  ORDER BY po_count DESC
  LIMIT 3;","tbl_purchase_order,tbl_vendor","tbl_purchase_order.VendorPurchaseFrom,tbl_purchase_order.OrderDate,tbl_vendor.Name","purchasing,vendors,top_n,temporal",trx_topn_vendors_po_year,14
T0251,medium,Who are the top 5 sales reps by SO line count in 2022?,"SELECT r.""Name"" AS rep_name, COUNT(lr.""SOLineNumber"") AS line_count
  FROM ""tbl_sales_order"" s
  JOIN ""tbl_so_line_rep"" lr ON lr.""SONumber"" = s.""SONumber""
  JOIN ""tbl_sales_rep"" r ON r.""SalesRep"" = lr.""SalesRep""
  WHERE EXTRACT(YEAR FROM s.""DateOrdered"") = 2022
  GROUP BY r.""Name""
  ORDER BY line_count DESC
  LIMIT 5;","tbl_sales_order,tbl_so_line_rep,tbl_sales_rep","tbl_so_line_rep.SalesRep,tbl_sales_rep.Name,tbl_sales_order.DateOrdered","sales_orders,commissions,top_n,temporal",trx_topn_reps_lines_year,14
T0282,medium,What percentage of each open purchase order has been received?,"SELECT p.""PONumber"", p.""VendorPurchaseFrom"",
         SUM(NULLIF(l.""Quantity"", '')::numeric) AS total_ordered,
         SUM(NULLIF(l.""QuantityReceived"", '')::numeric) AS total_received,
         ROUND(
           100.0 * SUM(NULLIF(l.""QuantityReceived"", '')::numeric) /
           NULLIF(SUM(NULLIF(l.""Quantity"", '')::numeric), 0),
           1
         ) AS pct_received
  FROM ""tbl_purchase_order"" p
  JOIN ""tbl_purchase_order_line"" l ON l.""PONumber"" = p.""PONumber""
  WHERE p.""Status"" = 'OPEN'
  GROUP BY p.""PONumber"", p.""VendorPurchaseFrom""
  ORDER BY pct_received ASC NULLS LAST;","tbl_purchase_order,tbl_purchase_order_line","tbl_purchase_order.Status,tbl_purchase_order_line.Quantity,tbl_purchase_order_line.QuantityReceived","purchasing,header_detail",trx_hdr_po_receipt_pct,15
T0026,medium,List open purchase orders with the vendor name.,"SELECT p.""PONumber"", v.""Name"" AS vendor_name,
         p.""OrderDate"", p.""RequiredDate""
  FROM ""tbl_purchase_order"" p
  JOIN ""tbl_vendor"" v ON v.""Vendor"" = p.""VendorPurchaseFrom""
  WHERE p.""Status"" = 'OPEN'
  ORDER BY p.""OrderDate"" DESC;","tbl_purchase_order,tbl_vendor","tbl_purchase_order.VendorPurchaseFrom,tbl_vendor.Name","purchasing,vendors,join",trx_join_po_vendor,4
T0115,easy,How many customers are there by state?,"SELECT ""StateOrProvince"", COUNT(*) AS customer_count
  FROM ""tbl_customer""
  WHERE ""StateOrProvince"" IS NOT NULL AND ""StateOrProvince"" != ''
  GROUP BY ""StateOrProvince""
  ORDER BY customer_count DESC;",tbl_customer,tbl_customer.StateOrProvince,"customers,aggregation",trx_agg_customer_by_state,12
